Дата ставки,"Ставка RUONIA, % годовых","Объем сделок RUONIA, млрд руб.","Количество сделок, ед.","Количество участников RUONIA, совершавших сделки в данный день, ед.","Минимальная процентная ставка, % годовых","25-й процентиль по процентным ставкам, % годовых","75-й процентиль по процентным ставкам, % годовых","Максимальная процентная ставка, % годовых",Статус расчета,Дата публикации
01.06.2026,1416,82700,66,23,1330,1400,1420,1430,Стандартный,02.06.2026
29.05.2026,1422,77116,68,20,1400,1414,1425,1445,Стандартный,01.06.2026
28.05.2026,1422,72145,67,22,1400,1413,1424,1435,Стандартный,29.05.2026
27.05.2026,1425,94389,81,22,1400,1415,1430,1440,Стандартный,28.05.2026
26.05.2026,1421,83305,68,24,1330,1410,1421,1425,Стандартный,27.05.2026
25.05.2026,1420,83459,70,20,1330,1405,1420,1425,Стандартный,26.05.2026
22.05.2026,1420,94139,76,21,1330,1410,1420,1435,Стандартный,25.05.2026
21.05.2026,1424,80735,61,21,1330,1410,1425,1435,Стандартный,22.05.2026
20.05.2026,1423,82260,77,20,1330,1410,1425,1435,Стандартный,21.05.2026
19.05.2026,1421,76730,63,19,1330,1406,1425,1440,Стандартный,20.05.2026
18.05.2026,1417,83130,71,19,1330,1405,1420,1420,Стандартный,19.05.2026
15.05.2026,1419,86670,72,20,1330,1400,1425,1440,Стандартный,18.05.2026
14.05.2026,1420,77245,68,19,1330,1405,1425,1440,Стандартный,15.05.2026
13.05.2026,1413,85690,75,21,1330,1400,1415,1432,Стандартный,14.05.2026
12.05.2026,1405,66144,67,23,1330,1375,1410,1420,Стандартный,13.05.2026
08.05.2026,1386,94713,86,24,1330,1370,1405,1415,Стандартный,12.05.2026
07.05.2026,1407,97517,91,24,1330,1400,1410,1440,Стандартный,08.05.2026
06.05.2026,1407,77574,75,23,1330,1400,1410,1430,Стандартный,07.05.2026
05.05.2026,1419,66834,63,20,1340,1410,1420,1440,Стандартный,06.05.2026
04.05.2026,1433,82480,72,22,1330,1420,1435,1445,Стандартный,05.05.2026
30.04.2026,1449,88014,83,20,1425,1435,1450,1465,Стандартный,04.05.2026
29.04.2026,1455,"1 073,10",68,20,1420,1435,1460,1475,Стандартный,30.04.2026
28.04.2026,1492,74375,46,16,1425,1475,1500,1510,Стандартный,29.04.2026
27.04.2026,1444,61847,55,21,1330,1430,1450,1500,Стандартный,28.04.2026
24.04.2026,1437,90755,79,24,1380,1430,1440,1485,Стандартный,27.04.2026
23.04.2026,1444,95933,81,21,1380,1430,1445,1455,Стандартный,24.04.2026
22.04.2026,1444,86510,80,22,1380,1435,1445,1455,Стандартный,23.04.2026
21.04.2026,1444,95470,83,23,1380,1435,1445,1455,Стандартный,22.04.2026
20.04.2026,1442,81435,68,22,1380,1440,1445,1455,Стандартный,21.04.2026
17.04.2026,1448,82118,64,22,1380,1443,1450,1460,Стандартный,20.04.2026
16.04.2026,1450,79520,62,23,1380,1450,1451,1470,Стандартный,17.04.2026
15.04.2026,1454,77116,65,23,1380,1450,1465,1475,Стандартный,16.04.2026
14.04.2026,1449,90189,64,18,1380,1439,1450,1470,Стандартный,15.04.2026
13.04.2026,1469,96568,68,19,1380,1454,1475,1480,Стандартный,14.04.2026
10.04.2026,1477,99243,89,22,1380,1460,1480,1490,Стандартный,13.04.2026
09.04.2026,1481,"1 047,44",88,22,1380,1469,1485,1495,Стандартный,10.04.2026
08.04.2026,1483,68935,64,19,1380,1477,1485,1490,Стандартный,09.04.2026
07.04.2026,1483,80605,69,20,1380,1476,1485,1495,Стандартный,08.04.2026
06.04.2026,1488,78547,69,17,1448,1480,1490,1500,Стандартный,07.04.2026
03.04.2026,1492,86140,72,20,1470,1485,1495,1525,Стандартный,06.04.2026
02.04.2026,1491,63047,56,21,1465,1481,1495,1525,Стандартный,03.04.2026
01.04.2026,1489,60898,55,18,1460,1480,1495,1525,Стандартный,02.04.2026
31.03.2026,1487,58886,58,20,1464,1475,1490,1500,Стандартный,01.04.2026
30.03.2026,1482,63275,60,20,1465,1475,1485,1535,Стандартный,31.03.2026
27.03.2026,1475,85663,71,20,1445,1475,1476,1495,Стандартный,30.03.2026
26.03.2026,1477,82068,83,23,1380,1471,1485,1520,Стандартный,27.03.2026
25.03.2026,1490,77405,80,21,1458,1475,1491,1573,Стандартный,26.03.2026
24.03.2026,1487,48222,52,19,1465,1480,1490,1590,Стандартный,25.03.2026
23.03.2026,1469,54529,61,19,1460,1465,1475,1490,Стандартный,24.03.2026
20.03.2026,1479,51681,58,19,1430,1475,1480,1495,Стандартный,23.03.2026
19.03.2026,1479,48310,51,19,1430,1466,1480,1495,Стандартный,20.03.2026
18.03.2026,1476,48656,55,18,1430,1470,1478,1490,Стандартный,19.03.2026
17.03.2026,1476,50224,52,18,1430,1470,1476,1490,Стандартный,18.03.2026
16.03.2026,1481,47852,54,23,1430,1473,1485,1500,Стандартный,17.03.2026
13.03.2026,1485,48791,49,21,1430,1475,1490,1500,Стандартный,16.03.2026
12.03.2026,1496,47227,57,22,1350,1490,1500,1510,Стандартный,13.03.2026
11.03.2026,1503,41792,49,23,1430,1493,1510,1530,Стандартный,12.03.2026
10.03.2026,1536,56355,65,20,1430,1528,1535,1550,Стандартный,11.03.2026
06.03.2026,1540,58120,52,17,1525,1535,1540,1550,Стандартный,10.03.2026
05.03.2026,1540,53080,54,21,1515,1530,1540,1550,Стандартный,06.03.2026
04.03.2026,1534,44357,48,18,1511,1525,1535,1540,Стандартный,05.03.2026
03.03.2026,1529,43835,46,19,1515,1525,1530,1540,Стандартный,04.03.2026
02.03.2026,1526,51993,48,22,1510,1525,1530,1550,Стандартный,03.03.2026
27.02.2026,1530,57898,60,20,1510,1525,1535,1540,Стандартный,02.03.2026
26.02.2026,1525,66877,60,19,1510,1525,1525,1535,Стандартный,27.02.2026
25.02.2026,1525,71188,60,22,1430,1520,1525,1535,Стандартный,26.02.2026
24.02.2026,1531,62392,62,23,1430,1525,1530,1540,Стандартный,25.02.2026
20.02.2026,1530,75162,70,24,1430,1525,1535,1545,Стандартный,24.02.2026
19.02.2026,1525,61952,62,23,1430,1525,1525,1535,Стандартный,20.02.2026
18.02.2026,1524,61208,55,21,1430,1515,1525,1530,Стандартный,19.02.2026
17.02.2026,1512,64790,52,20,1430,1507,1520,1535,Стандартный,18.02.2026
16.02.2026,1502,73017,54,21,1430,1500,1508,1525,Стандартный,17.02.2026
13.02.2026,1525,86279,76,22,1480,1515,1525,1560,Стандартный,16.02.2026
12.02.2026,1525,70800,61,21,1480,1520,1525,1560,Стандартный,13.02.2026
11.02.2026,1525,68135,63,22,1480,1525,1525,1545,Стандартный,12.02.2026
10.02.2026,1517,71666,63,26,1480,1510,1520,1535,Стандартный,11.02.2026
09.02.2026,1526,83328,65,22,1510,1525,1530,1540,Стандартный,10.02.2026
06.02.2026,1534,79243,69,19,1510,1525,1540,1555,Стандартный,09.02.2026
05.02.2026,1552,76378,58,21,1480,1535,1555,1565,Стандартный,06.02.2026
04.02.2026,1561,55215,53,19,1532,1550,1565,1575,Стандартный,05.02.2026
03.02.2026,1574,66290,60,17,1550,1570,1575,1580,Стандартный,04.02.2026
02.02.2026,1575,80443,67,20,1550,1571,1579,1652,Стандартный,03.02.2026
30.01.2026,1583,59882,57,18,1560,1575,1590,1601,Стандартный,02.02.2026
29.01.2026,1589,66662,62,21,1550,1575,1590,1600,Стандартный,30.01.2026
28.01.2026,1566,59823,54,18,1550,1550,1575,1650,Стандартный,29.01.2026
27.01.2026,1564,63535,62,21,1485,1560,1565,1575,Стандартный,28.01.2026
26.01.2026,1564,66656,66,21,1480,1560,1570,1585,Стандартный,27.01.2026
23.01.2026,1561,80003,68,21,1480,1557,1565,1580,Стандартный,26.01.2026
22.01.2026,1574,82707,72,22,1480,1565,1575,1590,Стандартный,23.01.2026
21.01.2026,1575,76850,74,21,1480,1570,1575,1590,Стандартный,22.01.2026
20.01.2026,1577,75777,73,21,1480,1575,1585,1590,Стандартный,21.01.2026
19.01.2026,1578,58591,51,18,1480,1575,1585,1590,Стандартный,20.01.2026
16.01.2026,1588,57162,53,18,1480,1575,1590,1590,Стандартный,19.01.2026
15.01.2026,1572,69274,67,22,1480,1560,1575,1600,Стандартный,16.01.2026
14.01.2026,1563,51064,51,20,1480,1541,1570,1580,Стандартный,15.01.2026
13.01.2026,1528,54011,46,20,1480,1515,1525,1550,Стандартный,14.01.2026
12.01.2026,1557,62970,54,21,1480,1550,1560,1580,Стандартный,13.01.2026
29.12.2025,1585,56080,45,14,1579,1585,1585,1625,Стандартный,30.12.2025
26.12.2025,1585,67370,63,17,1565,1575,1585,1600,Стандартный,29.12.2025
25.12.2025,1583,69977,70,22,1480,1575,1585,1600,Стандартный,26.12.2025
24.12.2025,1588,67301,65,21,1480,1578,1599,1600,Стандартный,25.12.2025
23.12.2025,1607,56227,60,19,1480,1585,1620,1620,Стандартный,24.12.2025
22.12.2025,1577,54950,56,15,1550,1574,1580,1635,Стандартный,23.12.2025
19.12.2025,1585,57718,60,18,1530,1577,1585,1590,Стандартный,22.12.2025
18.12.2025,1584,54350,50,17,1530,1570,1585,1595,Стандартный,19.12.2025
17.12.2025,1584,53675,59,19,1530,1574,1585,1590,Стандартный,18.12.2025
16.12.2025,1584,59876,62,20,1530,1570,1585,1590,Стандартный,17.12.2025
15.12.2025,1585,73913,68,20,1530,1573,1585,1600,Стандартный,16.12.2025
12.12.2025,1591,57913,50,20,1530,1580,1595,1600,Стандартный,15.12.2025
11.12.2025,1599,49477,52,18,1530,1590,1600,1605,Стандартный,12.12.2025
10.12.2025,1608,34740,47,19,1530,1590,1610,1610,Стандартный,11.12.2025
09.12.2025,1637,75052,75,22,1530,1626,1640,1650,Стандартный,10.12.2025
08.12.2025,1649,70662,79,23,1530,1626,1650,1650,Стандартный,09.12.2025
05.12.2025,1648,42603,60,21,1530,1638,1655,1665,Стандартный,08.12.2025
04.12.2025,1639,42655,47,19,1530,1615,1650,1660,Стандартный,05.12.2025
03.12.2025,1620,43795,51,20,1530,1610,1630,1640,Стандартный,04.12.2025
02.12.2025,1623,45785,52,21,1530,1608,1625,1635,Стандартный,03.12.2025
01.12.2025,1623,54395,57,24,1530,1610,1625,1635,Стандартный,02.12.2025
28.11.2025,1625,49416,61,19,1590,1615,1630,1640,Стандартный,01.12.2025
27.11.2025,1621,57528,59,18,1590,1610,1625,1635,Стандартный,28.11.2025
26.11.2025,1623,52972,54,19,1610,1610,1628,1635,Стандартный,27.11.2025
25.11.2025,1624,37550,49,16,1610,1615,1626,1635,Стандартный,26.11.2025
24.11.2025,1624,43728,52,19,1530,1610,1628,1635,Стандартный,25.11.2025
21.11.2025,1624,39260,49,19,1530,1610,1625,1635,Стандартный,24.11.2025
20.11.2025,1625,40020,48,19,1530,1600,1625,1635,Стандартный,21.11.2025
19.11.2025,1629,44546,51,20,1530,1614,1635,1645,Стандартный,20.11.2025
18.11.2025,1641,41550,48,20,1530,1620,1641,1650,Стандартный,19.11.2025
17.11.2025,1641,45824,58,21,1530,1629,1640,1650,Стандартный,18.11.2025
14.11.2025,1649,41825,54,20,1530,1627,1655,1660,Стандартный,17.11.2025
13.11.2025,1646,37583,46,19,1530,1625,1650,1655,Стандартный,14.11.2025
12.11.2025,1636,42557,48,20,1530,1625,1635,1640,Стандартный,13.11.2025
11.11.2025,1618,64103,60,20,1530,1615,1638,1650,Стандартный,12.11.2025
10.11.2025,1641,39977,51,19,1530,1620,1645,1660,Стандартный,11.11.2025
07.11.2025,1644,44640,51,21,1530,1620,1645,1650,Стандартный,10.11.2025
06.11.2025,1638,40600,50,22,1530,1620,1640,1645,Стандартный,07.11.2025
05.11.2025,1633,36551,42,21,1530,1627,1635,1650,Стандартный,06.11.2025
01.11.2025,1633,47176,55,20,1615,1625,1639,1652,Стандартный,05.11.2025
31.10.2025,1629,35575,40,16,1615,1615,1640,1655,Стандартный,01.11.2025
30.10.2025,1627,33589,46,17,1605,1615,1635,1650,Стандартный,31.10.2025
29.10.2025,1637,53932,52,17,1600,1625,1640,1677,Стандартный,30.10.2025
28.10.2025,1640,38650,36,17,1615,1630,1640,1675,Стандартный,29.10.2025
27.10.2025,1625,56482,57,18,1600,1615,1625,1655,Стандартный,28.10.2025
24.10.2025,1642,65490,58,20,1580,1635,1645,1700,Стандартный,27.10.2025
23.10.2025,1639,68633,64,20,1580,1632,1640,1700,Стандартный,24.10.2025
22.10.2025,1643,63063,59,19,1580,1630,1645,1655,Стандартный,23.10.2025
21.10.2025,1637,55100,54,17,1580,1625,1645,1680,Стандартный,22.10.2025
20.10.2025,1644,55506,54,17,1580,1639,1645,1680,Стандартный,21.10.2025
17.10.2025,1645,51340,47,18,1580,1645,1648,1666,Стандартный,20.10.2025
16.10.2025,1639,43040,42,20,1580,1635,1640,1645,Стандартный,17.10.2025
15.10.2025,1635,29393,38,21,1580,1635,1635,1650,Стандартный,16.10.2025
14.10.2025,1635,34358,38,17,1580,1635,1635,1650,Стандартный,15.10.2025
13.10.2025,1635,42251,41,20,1580,1635,1635,1672,Стандартный,14.10.2025
10.10.2025,1635,50460,47,19,1580,1630,1635,1670,Стандартный,13.10.2025
09.10.2025,1675,53490,58,21,1580,1665,1675,1700,Стандартный,10.10.2025
08.10.2025,1675,48525,56,19,1580,1670,1675,1700,Стандартный,09.10.2025
07.10.2025,1683,44082,56,19,1580,1668,1685,1707,Стандартный,08.10.2025
06.10.2025,1683,51520,51,18,1630,1680,1685,1710,Стандартный,07.10.2025
03.10.2025,1679,57459,53,18,1630,1675,1680,1690,Стандартный,06.10.2025
02.10.2025,1676,58765,53,16,1635,1670,1680,1700,Стандартный,03.10.2025
01.10.2025,1680,59116,49,17,1640,1675,1685,1700,Стандартный,02.10.2025
30.09.2025,1699,45564,44,17,1670,1690,1700,1775,Стандартный,01.10.2025
29.09.2025,1700,32536,37,18,1675,1695,1700,1725,Стандартный,30.09.2025
26.09.2025,1700,38269,38,19,1605,1690,1700,1729,Стандартный,29.09.2025
25.09.2025,1700,40865,41,18,1675,1690,1700,1722,Стандартный,26.09.2025
24.09.2025,1691,45079,40,18,1580,1685,1695,1722,Стандартный,25.09.2025
23.09.2025,1692,52854,49,19,1580,1685,1695,1720,Стандартный,24.09.2025
22.09.2025,1696,48425,48,18,1580,1688,1700,1760,Стандартный,23.09.2025
19.09.2025,1696,56664,47,18,1580,1685,1699,1722,Стандартный,22.09.2025
18.09.2025,1688,48005,43,19,1580,1675,1690,1700,Стандартный,19.09.2025
17.09.2025,1683,50836,45,19,1580,1674,1685,1700,Стандартный,18.09.2025
16.09.2025,1679,61299,54,20,1580,1675,1685,1700,Стандартный,17.09.2025
15.09.2025,1676,65964,53,18,1580,1673,1675,1700,Стандартный,16.09.2025
12.09.2025,1706,57700,50,17,1680,1705,1710,1730,Стандартный,15.09.2025
11.09.2025,1705,53553,46,17,1680,1705,1715,1730,Стандартный,12.09.2025
10.09.2025,1707,42124,38,15,1680,1705,1715,1725,Стандартный,11.09.2025
09.09.2025,1775,58716,60,19,1680,1765,1775,1785,Стандартный,10.09.2025
08.09.2025,1772,60986,57,20,1680,1765,1775,1780,Стандартный,09.09.2025
05.09.2025,1773,45811,45,19,1680,1760,1775,1785,Стандартный,08.09.2025
04.09.2025,1775,44780,43,20,1680,1768,1775,1785,Стандартный,05.09.2025
03.09.2025,1774,47725,44,16,1750,1765,1775,1790,Стандартный,04.09.2025
02.09.2025,1775,42026,40,18,1680,1767,1775,1785,Стандартный,03.09.2025
01.09.2025,1775,34750,30,15,1680,1770,1775,1780,Стандартный,02.09.2025
29.08.2025,1775,41350,33,15,1710,1770,1775,1785,Стандартный,01.09.2025
28.08.2025,1775,33937,32,15,1685,1765,1775,1790,Стандартный,29.08.2025
27.08.2025,1772,63237,45,14,1735,1760,1775,1780,Стандартный,28.08.2025
26.08.2025,1775,59915,55,16,1740,1765,1775,1780,Стандартный,27.08.2025
25.08.2025,1774,60960,54,15,1750,1760,1775,1780,Стандартный,26.08.2025
22.08.2025,1774,45070,44,14,1750,1760,1780,1785,Стандартный,25.08.2025
21.08.2025,1776,48582,42,14,1750,1760,1780,1785,Стандартный,22.08.2025
20.08.2025,1772,44464,42,13,1750,1760,1775,1785,Стандартный,21.08.2025
19.08.2025,1774,41904,38,14,1685,1760,1775,1775,Стандартный,20.08.2025
18.08.2025,1768,39900,37,15,1740,1760,1775,1785,Стандартный,19.08.2025
15.08.2025,1781,41338,39,14,1760,1775,1790,1790,Стандартный,18.08.2025
14.08.2025,1777,50450,50,14,1750,1770,1785,1790,Стандартный,15.08.2025
13.08.2025,1773,48649,46,15,1750,1765,1775,1795,Стандартный,14.08.2025
12.08.2025,1709,45904,39,13,1680,1705,1710,1730,Стандартный,13.08.2025
11.08.2025,1759,55379,46,16,1680,1750,1770,1799,Стандартный,12.08.2025
08.08.2025,1775,69685,61,18,1680,1775,1775,1785,Стандартный,11.08.2025
07.08.2025,1777,59470,54,15,1770,1773,1780,1790,Стандартный,08.08.2025
06.08.2025,1777,55407,50,16,1710,1775,1780,1795,Стандартный,07.08.2025
05.08.2025,1775,84102,66,16,1760,1775,1777,1825,Стандартный,06.08.2025
04.08.2025,1793,80388,66,20,1685,1780,1807,1825,Стандартный,05.08.2025
01.08.2025,1809,66029,57,20,1685,1795,1810,1850,Стандартный,04.08.2025
31.07.2025,1823,58139,50,14,1802,1815,1825,1860,Стандартный,01.08.2025
30.07.2025,1850,51905,47,20,1685,1835,1860,1875,Стандартный,31.07.2025
29.07.2025,1858,46364,40,15,1685,1850,1860,1875,Стандартный,30.07.2025
28.07.2025,1848,54199,50,17,1685,1825,1855,1890,Стандартный,29.07.2025
25.07.2025,1912,54170,45,17,1885,1905,1915,1947,Стандартный,28.07.2025
24.07.2025,1911,77620,61,18,1885,1905,1915,1940,Стандартный,25.07.2025
23.07.2025,1910,70480,56,17,1885,1905,1915,1940,Стандартный,24.07.2025
22.07.2025,1910,68060,52,17,1885,1905,1915,1930,Стандартный,23.07.2025
21.07.2025,1910,64933,48,15,1885,1907,1915,1940,Стандартный,22.07.2025
18.07.2025,1913,63800,51,19,1880,1910,1915,1950,Стандартный,21.07.2025
17.07.2025,1921,58970,50,18,1880,1910,1925,1950,Стандартный,18.07.2025
16.07.2025,1917,59225,52,17,1880,1910,1915,1950,Стандартный,17.07.2025
15.07.2025,1924,60111,55,18,1880,1910,1925,1930,Стандартный,16.07.2025
14.07.2025,1922,63899,58,20,1880,1910,1925,1925,Стандартный,15.07.2025
11.07.2025,1925,53539,46,16,1880,1910,1925,1958,Стандартный,14.07.2025
10.07.2025,1937,55872,57,17,1880,1915,1950,1950,Стандартный,11.07.2025
09.07.2025,1966,58641,60,18,1880,1940,1975,1975,Стандартный,10.07.2025
08.07.2025,1995,62486,71,20,1880,1979,2000,2001,Стандартный,09.07.2025
07.07.2025,2000,46573,50,19,1880,1985,2000,2015,Стандартный,08.07.2025
04.07.2025,2000,50069,50,20,1880,1985,2000,2010,Стандартный,07.07.2025
03.07.2025,1999,39883,46,18,1880,1985,2000,2005,Стандартный,04.07.2025
02.07.2025,2006,41530,46,20,1885,1990,2010,2015,Стандартный,03.07.2025
01.07.2025,1996,51136,48,16,1885,1985,2000,2010,Стандартный,02.07.2025
30.06.2025,2023,39888,43,15,1965,1981,2025,2040,Стандартный,01.07.2025
27.06.2025,1986,38443,49,19,1885,1975,2000,2010,Стандартный,30.06.2025
26.06.2025,1971,48684,47,20,1880,1940,1975,2000,Стандартный,27.06.2025
25.06.2025,1973,58216,56,19,1880,1950,1975,1975,Стандартный,26.06.2025
24.06.2025,1973,55075,49,18,1885,1950,1975,2000,Стандартный,25.06.2025
23.06.2025,1972,49659,47,19,1885,1943,1975,2000,Стандартный,24.06.2025
20.06.2025,1973,56874,56,19,1885,1950,1975,2000,Стандартный,23.06.2025
19.06.2025,1973,56328,54,18,1885,1960,1975,1985,Стандартный,20.06.2025
18.06.2025,1981,53950,50,21,1885,1965,1985,2000,Стандартный,19.06.2025
17.06.2025,1979,65491,66,21,1880,1970,1985,2000,Стандартный,18.06.2025
16.06.2025,1975,61309,63,21,1880,1970,1985,2000,Стандартный,17.06.2025
11.06.2025,1988,51536,60,20,1880,1970,2000,2010,Стандартный,16.06.2025
10.06.2025,1980,50824,57,20,1880,1965,1985,2000,Стандартный,11.06.2025
09.06.2025,1972,54099,55,19,1880,1950,1975,1990,Стандартный,10.06.2025
06.06.2025,2060,56934,55,16,1980,2025,2065,2065,Стандартный,09.06.2025
05.06.2025,2079,59077,62,20,1980,2045,2085,2085,Стандартный,06.06.2025
04.06.2025,2079,51421,55,18,1980,2060,2084,2095,Стандартный,05.06.2025
03.06.2025,2111,62635,68,21,1980,2090,2125,2135,Стандартный,04.06.2025
02.06.2025,2108,65098,60,19,1980,2085,2115,2125,Стандартный,03.06.2025
30.05.2025,2103,56824,60,17,2070,2080,2115,2155,Стандартный,02.06.2025
29.05.2025,2077,36546,38,16,2060,2070,2085,2105,Стандартный,30.05.2025
28.05.2025,2089,50966,52,21,2045,2060,2100,2135,Стандартный,29.05.2025
27.05.2025,2075,62151,65,20,1985,2050,2080,2125,Стандартный,28.05.2025
26.05.2025,2071,58079,55,16,2025,2045,2075,2090,Стандартный,27.05.2025
23.05.2025,2079,69070,70,18,2025,2065,2090,2125,Стандартный,26.05.2025
22.05.2025,2083,59087,59,17,2040,2061,2090,2125,Стандартный,23.05.2025
21.05.2025,2086,55477,60,21,1980,2068,2090,2125,Стандартный,22.05.2025
20.05.2025,2087,52789,58,21,1980,2075,2100,2125,Стандартный,21.05.2025
19.05.2025,2090,48233,58,21,1980,2075,2100,2125,Стандартный,20.05.2025
16.05.2025,2092,42660,48,21,1980,2070,2103,2125,Стандартный,19.05.2025
15.05.2025,2093,35850,45,18,1980,2060,2110,2115,Стандартный,16.05.2025
14.05.2025,2087,37181,48,19,1980,2055,2100,2125,Стандартный,15.05.2025
13.05.2025,2067,36893,42,17,1980,2055,2080,2090,Стандартный,14.05.2025
12.05.2025,2067,24335,36,19,1980,2050,2075,2080,Стандартный,13.05.2025
07.05.2025,2067,37667,46,20,1980,2050,2075,2085,Стандартный,12.05.2025
06.05.2025,2057,51337,59,18,2005,2043,2065,2080,Стандартный,07.05.2025
05.05.2025,2065,65977,70,20,2015,2050,2075,2090,Стандартный,06.05.2025
30.04.2025,2074,43822,52,18,2025,2060,2075,2100,Стандартный,05.05.2025
29.04.2025,2072,35341,45,17,2025,2050,2075,2125,Стандартный,30.04.2025
28.04.2025,2062,30799,50,20,2020,2050,2075,2080,Стандартный,29.04.2025
25.04.2025,2077,43126,59,16,2030,2066,2080,2085,Стандартный,28.04.2025
24.04.2025,2077,46619,65,20,1980,2065,2080,2090,Стандартный,25.04.2025
23.04.2025,2069,14816,28,17,1980,2058,2075,2080,Стандартный,24.04.2025
22.04.2025,2065,34425,48,17,1980,2060,2074,2080,Стандартный,23.04.2025
21.04.2025,2067,36231,48,19,1980,2060,2075,2079,Стандартный,22.04.2025
18.04.2025,2065,42918,57,21,1980,2060,2070,2120,Стандартный,21.04.2025
17.04.2025,2066,32866,44,20,1980,2050,2075,2083,Стандартный,18.04.2025
16.04.2025,2097,34891,45,19,1980,2075,2110,2140,Стандартный,17.04.2025
15.04.2025,2128,43401,49,20,1980,2110,2135,2160,Стандартный,16.04.2025
14.04.2025,2150,53126,59,19,1980,2150,2150,2170,Стандартный,15.04.2025
11.04.2025,2154,55246,63,20,2010,2140,2155,2175,Стандартный,14.04.2025
10.04.2025,2153,45224,52,18,2115,2140,2155,2175,Стандартный,11.04.2025
09.04.2025,2150,46473,48,17,2115,2130,2150,2170,Стандартный,10.04.2025
08.04.2025,2129,61015,63,20,2010,2100,2150,2175,Стандартный,09.04.2025
07.04.2025,2166,55606,56,17,1980,2140,2171,2180,Стандартный,08.04.2025
04.04.2025,2155,28937,36,15,2125,2150,2170,2180,Стандартный,07.04.2025
03.04.2025,2155,32327,39,16,2130,2150,2169,2185,Стандартный,04.04.2025
02.04.2025,2154,27500,35,21,1990,2133,2160,2165,Стандартный,03.04.2025
01.04.2025,2149,24179,31,18,2005,2140,2160,2165,Стандартный,02.04.2025
31.03.2025,2145,21260,27,16,2115,2130,2159,2165,Стандартный,01.04.2025
28.03.2025,2106,37001,48,17,2075,2100,2120,2135,Стандартный,31.03.2025
27.03.2025,2147,61510,67,17,1990,2125,2160,2165,Стандартный,28.03.2025
26.03.2025,2153,37302,48,15,2100,2134,2160,2165,Стандартный,27.03.2025
25.03.2025,2154,50206,63,16,2100,2140,2165,2165,Стандартный,26.03.2025
24.03.2025,2158,55900,66,19,1980,2130,2165,2175,Стандартный,25.03.2025
21.03.2025,2148,39025,49,17,1980,2120,2160,2170,Стандартный,24.03.2025
20.03.2025,2145,38550,47,18,1980,2115,2160,2165,Стандартный,21.03.2025
19.03.2025,2145,36034,51,19,1980,2120,2154,2175,Стандартный,20.03.2025
18.03.2025,2140,41214,47,19,1980,2116,2150,2160,Стандартный,19.03.2025
17.03.2025,2141,41221,48,16,2100,2115,2150,2160,Стандартный,18.03.2025
14.03.2025,2150,50647,71,17,2100,2124,2160,2175,Стандартный,17.03.2025
13.03.2025,2118,30307,39,14,2100,2100,2135,2150,Стандартный,14.03.2025
12.03.2025,2121,37549,53,19,2080,2100,2135,2140,Стандартный,13.03.2025
11.03.2025,2116,54839,78,23,1990,2100,2125,2150,Стандартный,12.03.2025
10.03.2025,2145,40397,55,18,2100,2125,2160,2165,Стандартный,11.03.2025
07.03.2025,2140,31030,47,18,2100,2125,2160,2175,Стандартный,10.03.2025
06.03.2025,2137,32344,49,20,1990,2115,2155,2175,Стандартный,07.03.2025
05.03.2025,2129,35646,55,20,1990,2110,2150,2175,Стандартный,06.03.2025
04.03.2025,2124,39708,52,18,2100,2109,2135,2150,Стандартный,05.03.2025
03.03.2025,2114,41865,53,18,2085,2100,2125,2150,Стандартный,04.03.2025
28.02.2025,2117,36497,48,15,2075,2098,2125,2150,Стандартный,03.03.2025
27.02.2025,2116,59641,71,19,2075,2100,2125,2125,Стандартный,28.02.2025
26.02.2025,2117,58674,75,18,2075,2100,2125,2125,Стандартный,27.02.2025
25.02.2025,2116,49441,61,21,1990,2100,2125,2135,Стандартный,26.02.2025
24.02.2025,2107,38915,47,17,2075,2100,2123,2150,Стандартный,25.02.2025
21.02.2025,2112,34541,48,17,2090,2100,2125,2135,Стандартный,24.02.2025
20.02.2025,2100,21581,32,16,2090,2100,2108,2125,Стандартный,21.02.2025
19.02.2025,2097,31608,46,17,2075,2090,2100,2110,Стандартный,20.02.2025
18.02.2025,2097,52294,62,14,2070,2090,2100,2110,Стандартный,19.02.2025
17.02.2025,2097,51773,62,18,2080,2090,2100,2120,Стандартный,18.02.2025
14.02.2025,2098,29433,43,16,2075,2090,2100,2135,Стандартный,17.02.2025
13.02.2025,2085,23890,34,16,2075,2080,2095,2125,Стандартный,14.02.2025
12.02.2025,2076,18905,29,17,2050,2075,2080,2100,Стандартный,13.02.2025
11.02.2025,2114,26443,36,18,2075,2100,2125,2150,Стандартный,12.02.2025
10.02.2025,2043,21359,31,15,2020,2030,2050,2090,Стандартный,11.02.2025
07.02.2025,2026,27010,36,15,2015,2020,2030,2040,Стандартный,10.02.2025
06.02.2025,2026,34702,35,15,2015,2020,2030,2040,Стандартный,07.02.2025
05.02.2025,2026,29699,29,15,2015,2025,2030,2040,Стандартный,06.02.2025
04.02.2025,2026,22268,29,15,1990,2025,2036,2065,Стандартный,05.02.2025
03.02.2025,2056,28754,36,15,2020,2040,2065,2075,Стандартный,04.02.2025
31.01.2025,2076,23157,36,14,2040,2063,2076,2080,Стандартный,03.02.2025
30.01.2025,2068,18653,28,13,2040,2065,2070,2075,Стандартный,31.01.2025
29.01.2025,2068,34585,40,18,1990,2050,2075,2100,Стандартный,30.01.2025
28.01.2025,2072,25022,32,13,2041,2073,2075,2090,Стандартный,29.01.2025
27.01.2025,2071,30750,38,14,2025,2050,2075,2085,Стандартный,28.01.2025
24.01.2025,2073,33478,46,14,2050,2060,2075,2090,Стандартный,27.01.2025
23.01.2025,2073,30753,41,15,1990,2055,2085,2125,Стандартный,24.01.2025
22.01.2025,2084,38688,54,16,2050,2075,2125,2150,Стандартный,23.01.2025
21.01.2025,2118,36866,54,17,2075,2090,2125,2150,Стандартный,22.01.2025
20.01.2025,2108,34153,45,19,2075,2075,2125,2150,Стандартный,21.01.2025
17.01.2025,2106,39335,58,19,2050,2075,2125,2150,Стандартный,20.01.2025
16.01.2025,2085,33610,46,16,2050,2060,2115,2150,Стандартный,17.01.2025
15.01.2025,2074,36958,51,18,2050,2060,2079,2105,Стандартный,16.01.2025
14.01.2025,2100,44959,61,19,2035,2075,2110,2125,Стандартный,15.01.2025
13.01.2025,2049,66745,82,18,2015,2040,2050,2060,Стандартный,14.01.2025
10.01.2025,2062,58093,69,17,2023,2050,2075,2115,Стандартный,13.01.2025
09.01.2025,2100,64628,72,20,2048,2100,2100,2140,Стандартный,10.01.2025
27.12.2024,2047,40573,42,17,2015,2025,2050,2150,Стандартный,28.12.2024
26.12.2024,2050,41481,56,22,2015,2050,2050,2100,Стандартный,27.12.2024
25.12.2024,2050,48444,55,17,2020,2050,2055,2125,Стандартный,26.12.2024
24.12.2024,2048,52201,55,20,2020,2050,2055,2100,Стандартный,25.12.2024
23.12.2024,2052,44471,57,21,2020,2050,2070,2090,Стандартный,24.12.2024
20.12.2024,2099,39883,51,20,2025,2050,2205,2250,Стандартный,23.12.2024
19.12.2024,2197,36105,48,17,2145,2200,2205,2250,Стандартный,20.12.2024
18.12.2024,2198,35099,43,22,2050,2186,2204,2250,Стандартный,19.12.2024
17.12.2024,2208,35029,44,17,2175,2190,2220,2275,Стандартный,18.12.2024
16.12.2024,2202,31293,36,21,2050,2185,2225,2250,Стандартный,17.12.2024
13.12.2024,2196,25242,33,14,2085,2185,2225,2275,Стандартный,16.12.2024
12.12.2024,2180,26835,35,17,2150,2175,2200,2250,Стандартный,13.12.2024
11.12.2024,2131,28841,34,18,2010,2075,2150,2210,Стандартный,12.12.2024
10.12.2024,2064,11885,15,14,1990,2050,2075,2105,Стандартный,11.12.2024
09.12.2024,2044,20334,26,14,2005,2025,2075,2085,Стандартный,10.12.2024
06.12.2024,2073,55477,56,18,2020,2061,2085,2125,Стандартный,09.12.2024
05.12.2024,2098,63422,77,22,2040,2075,2100,2135,Стандартный,06.12.2024
04.12.2024,2097,38756,47,21,2040,2080,2104,2125,Стандартный,05.12.2024
03.12.2024,2096,60446,45,19,2050,2090,2125,2165,Стандартный,04.12.2024
02.12.2024,2122,29804,36,18,2010,2085,2175,2225,Стандартный,03.12.2024
29.11.2024,2109,28387,38,23,2010,2075,2150,2200,Стандартный,02.12.2024
28.11.2024,2087,34778,45,20,2010,2075,2125,2150,Стандартный,29.11.2024
27.11.2024,2064,48700,55,19,2045,2050,2085,2150,Стандартный,28.11.2024
26.11.2024,2050,27115,33,17,2010,2050,2050,2095,Стандартный,27.11.2024
25.11.2024,2044,32681,36,17,2025,2029,2060,2100,Стандартный,26.11.2024
22.11.2024,2063,38250,43,17,2040,2050,2100,2150,Стандартный,25.11.2024
21.11.2024,2052,33700,41,17,2020,2050,2060,2100,Стандартный,22.11.2024
20.11.2024,2069,23758,30,15,2025,2050,2085,2115,Стандартный,21.11.2024
19.11.2024,2065,36130,42,19,2050,2065,2100,2125,Стандартный,20.11.2024
18.11.2024,2075,38704,42,16,2050,2070,2085,2125,Стандартный,19.11.2024
15.11.2024,2078,41383,50,18,2050,2065,2100,2125,Стандартный,18.11.2024
14.11.2024,2070,35974,45,15,2050,2065,2085,2150,Стандартный,15.11.2024
13.11.2024,2085,38888,50,18,2040,2075,2100,2150,Стандартный,14.11.2024
12.11.2024,2109,44318,54,19,2025,2075,2125,2175,Стандартный,13.11.2024
11.11.2024,2082,48891,56,19,2040,2060,2100,2150,Стандартный,12.11.2024
08.11.2024,2049,48585,56,17,2020,2035,2053,2125,Стандартный,11.11.2024
07.11.2024,2030,39805,41,17,1900,2025,2050,2125,Стандартный,08.11.2024
06.11.2024,2027,45106,50,18,2015,2020,2040,2100,Стандартный,07.11.2024
05.11.2024,2029,56516,56,19,2010,2025,2060,2100,Стандартный,06.11.2024
02.11.2024,2040,41221,44,20,2020,2025,2060,2100,Стандартный,05.11.2024
01.11.2024,2037,46048,50,19,2020,2025,2065,2100,Стандартный,02.11.2024
31.10.2024,2057,42014,53,20,2025,2025,2100,2150,Стандартный,01.11.2024
30.10.2024,2042,38125,53,21,2020,2025,2085,2450,Стандартный,31.10.2024
29.10.2024,2054,36503,57,22,2015,2050,2100,2400,Стандартный,30.10.2024
28.10.2024,2049,34868,56,21,2015,2033,2075,2160,Стандартный,29.10.2024
25.10.2024,1872,47568,58,21,1835,1850,1925,2000,Стандартный,28.10.2024
24.10.2024,1864,43039,58,20,1840,1850,1900,1950,Стандартный,25.10.2024
23.10.2024,1871,48378,64,20,1830,1859,1900,2000,Стандартный,24.10.2024
22.10.2024,1866,48755,59,19,1825,1860,1900,2000,Стандартный,23.10.2024
21.10.2024,1864,54301,54,17,1830,1860,1870,1925,Стандартный,22.10.2024
18.10.2024,1875,41619,45,16,1845,1870,1875,1925,Стандартный,21.10.2024
17.10.2024,1880,45251,53,17,1840,1875,1885,1995,Стандартный,18.10.2024
16.10.2024,1852,46900,54,18,1825,1850,1890,1965,Стандартный,17.10.2024
15.10.2024,1861,73222,73,19,1823,1850,1900,1985,Стандартный,16.10.2024
14.10.2024,1861,70161,77,20,1823,1825,1900,1985,Стандартный,15.10.2024
11.10.2024,1862,63243,72,21,1825,1850,1893,1985,Стандартный,14.10.2024
10.10.2024,1865,58742,74,21,1825,1850,1900,1985,Стандартный,11.10.2024
09.10.2024,1856,47588,61,19,1825,1850,1875,2007,Стандартный,10.10.2024
08.10.2024,1879,42328,60,21,1810,1825,1900,1950,Стандартный,09.10.2024
07.10.2024,1825,69504,68,22,1810,1825,1846,1950,Стандартный,08.10.2024
04.10.2024,1827,58939,61,22,1810,1825,1855,1960,Стандартный,07.10.2024
03.10.2024,1828,65160,71,23,1810,1825,1850,1961,Стандартный,04.10.2024
02.10.2024,1835,66388,66,20,1810,1825,1860,1910,Стандартный,03.10.2024
01.10.2024,1830,44508,61,20,1810,1825,1855,2000,Стандартный,02.10.2024
30.09.2024,1841,21217,28,18,1820,1825,1860,1985,Стандартный,01.10.2024
27.09.2024,1833,45811,54,19,1820,1825,1855,1925,Стандартный,30.09.2024
26.09.2024,1837,50922,59,19,1820,1825,1860,1910,Стандартный,27.09.2024
25.09.2024,1835,55217,55,18,1815,1825,1854,1910,Стандартный,26.09.2024
24.09.2024,1847,48159,62,21,1820,1840,1860,1890,Стандартный,25.09.2024
23.09.2024,1849,41378,55,19,1825,1840,1860,1900,Стандартный,24.09.2024
20.09.2024,1848,38437,51,20,1814,1840,1864,1900,Стандартный,23.09.2024
19.09.2024,1848,31561,38,19,1825,1840,1860,1900,Стандартный,20.09.2024
18.09.2024,1851,25766,32,20,1825,1850,1860,1910,Стандартный,19.09.2024
17.09.2024,1865,41348,51,22,1825,1850,1900,1925,Стандартный,18.09.2024
16.09.2024,1904,41099,48,22,1830,1895,1933,1970,Стандартный,17.09.2024
13.09.2024,1847,42139,41,19,1775,1840,1850,1880,Стандартный,16.09.2024
12.09.2024,1841,44318,45,21,1775,1825,1850,1875,Стандартный,13.09.2024
11.09.2024,1815,40700,38,16,1725,1800,1825,1850,Стандартный,12.09.2024
10.09.2024,1756,22300,33,16,1715,1730,1800,1835,Стандартный,11.09.2024
09.09.2024,1791,28272,36,18,1730,1770,1821,1835,Стандартный,10.09.2024
06.09.2024,1838,33324,44,18,1775,1809,1850,1875,Стандартный,09.09.2024
05.09.2024,1846,28140,35,16,1775,1835,1850,1865,Стандартный,06.09.2024
04.09.2024,1839,25584,34,19,1775,1835,1840,1865,Стандартный,05.09.2024
03.09.2024,1829,34271,41,19,1800,1825,1840,1865,Стандартный,04.09.2024
02.09.2024,1860,38625,39,20,1800,1860,1875,1925,Стандартный,03.09.2024
30.08.2024,1898,27879,33,18,1800,1875,1900,1950,Стандартный,02.09.2024
29.08.2024,1845,20497,29,15,1760,1825,1850,1925,Стандартный,30.08.2024
28.08.2024,1800,43074,41,15,1775,1800,1810,1875,Стандартный,29.08.2024
27.08.2024,1825,36418,37,17,1800,1815,1825,1875,Стандартный,28.08.2024
26.08.2024,1822,30440,39,19,1785,1805,1825,1850,Стандартный,27.08.2024
23.08.2024,1816,37234,45,18,1785,1800,1825,1850,Стандартный,26.08.2024
22.08.2024,1795,25270,34,17,1750,1775,1800,1825,Стандартный,23.08.2024
21.08.2024,1767,24571,35,16,1750,1756,1775,1800,Стандартный,22.08.2024
20.08.2024,1762,26706,35,18,1735,1750,1765,1830,Стандартный,21.08.2024
19.08.2024,1759,31677,36,20,1725,1750,1768,1785,Стандартный,20.08.2024
16.08.2024,1765,34034,41,20,1720,1765,1780,1805,Стандартный,19.08.2024
15.08.2024,1767,35332,42,19,1750,1765,1780,1815,Стандартный,16.08.2024
14.08.2024,1765,25240,35,16,1750,1765,1780,1800,Стандартный,15.08.2024
13.08.2024,1810,36441,45,22,1780,1800,1810,1830,Стандартный,14.08.2024
12.08.2024,1795,41103,49,21,1720,1750,1815,1900,Стандартный,13.08.2024
09.08.2024,1725,34516,44,19,1710,1725,1730,1760,Стандартный,12.08.2024
08.08.2024,1723,32293,42,23,1710,1720,1725,1750,Стандартный,09.08.2024
07.08.2024,1722,31337,38,19,1710,1720,1730,1760,Стандартный,08.08.2024
06.08.2024,1714,47140,47,23,1710,1710,1725,1735,Стандартный,07.08.2024
05.08.2024,1717,46848,47,21,1705,1710,1730,1750,Стандартный,06.08.2024
02.08.2024,1722,28248,40,22,1715,1720,1735,1750,Стандартный,05.08.2024
01.08.2024,1721,39439,46,20,1710,1715,1735,1825,Стандартный,02.08.2024
31.07.2024,1728,32248,34,17,1720,1725,1750,1825,Стандартный,01.08.2024
30.07.2024,1729,12400,25,15,1690,1725,1735,1796,Стандартный,31.07.2024
29.07.2024,1727,17456,30,16,1700,1725,1735,1750,Стандартный,30.07.2024
26.07.2024,1555,22335,38,20,1515,1535,1575,1575,Стандартный,29.07.2024
25.07.2024,1534,26672,43,20,1510,1525,1550,1575,Стандартный,26.07.2024
24.07.2024,1529,19878,28,20,1520,1525,1555,1575,Стандартный,25.07.2024
23.07.2024,1544,27261,40,18,1510,1537,1565,1600,Стандартный,24.07.2024
22.07.2024,1559,33273,45,19,1525,1550,1590,1610,Стандартный,23.07.2024
19.07.2024,1588,23633,28,16,1525,1575,1603,1630,Стандартный,22.07.2024
18.07.2024,1608,27803,36,18,1575,1600,1620,1635,Стандартный,19.07.2024
17.07.2024,1620,25269,27,14,1575,1600,1635,1665,Стандартный,18.07.2024
16.07.2024,1629,17031,20,13,1600,1625,1640,1665,Стандартный,17.07.2024
15.07.2024,1618,17859,21,14,1600,1600,1640,1665,Стандартный,16.07.2024
12.07.2024,1647,26950,31,14,1625,1636,1650,1685,Стандартный,15.07.2024
11.07.2024,1646,31144,28,15,1620,1630,1650,1725,Стандартный,12.07.2024
10.07.2024,1627,29334,33,18,1590,1625,1635,1725,Стандартный,11.07.2024
09.07.2024,1592,20086,22,13,1575,1585,1600,1620,Стандартный,10.07.2024
08.07.2024,1559,29823,28,16,1525,1550,1576,1605,Стандартный,09.07.2024
05.07.2024,1600,30716,32,18,1581,1599,1600,1605,Стандартный,08.07.2024
04.07.2024,1600,36599,46,19,1547,1590,1600,1625,Стандартный,05.07.2024
03.07.2024,1614,37637,44,18,1575,1600,1620,1635,Стандартный,04.07.2024
02.07.2024,1604,30484,29,14,1590,1600,1625,1700,Стандартный,03.07.2024
01.07.2024,1604,34697,41,14,1570,1580,1620,1695,Стандартный,02.07.2024
28.06.2024,1566,25445,46,17,1550,1560,1600,1715,Стандартный,01.07.2024
27.06.2024,1551,18310,27,14,1510,1550,1565,1590,Стандартный,28.06.2024
26.06.2024,1560,34760,38,16,1525,1550,1575,1600,Стандартный,27.06.2024
25.06.2024,1551,28550,32,16,1510,1548,1556,1570,Стандартный,26.06.2024
24.06.2024,1532,35143,39,16,1510,1525,1540,1550,Стандартный,25.06.2024
21.06.2024,1525,29174,34,17,1510,1520,1540,1550,Стандартный,24.06.2024
20.06.2024,1533,19323,24,12,1510,1515,1550,1565,Стандартный,21.06.2024
19.06.2024,1537,45493,46,18,1515,1525,1550,1585,Стандартный,20.06.2024
18.06.2024,1551,36270,35,16,1515,1540,1560,1560,Стандартный,19.06.2024
17.06.2024,1560,37085,40,17,1515,1560,1560,1575,Стандартный,18.06.2024
14.06.2024,1564,48365,54,19,1525,1560,1565,1575,Стандартный,17.06.2024
13.06.2024,1570,31042,37,16,1550,1560,1575,1600,Стандартный,14.06.2024
11.06.2024,1560,39505,37,18,1490,1560,1560,1615,Стандартный,13.06.2024
10.06.2024,1585,53119,56,19,1550,1575,1590,1600,Стандартный,11.06.2024
07.06.2024,1600,52242,60,21,1515,1585,1625,1650,Стандартный,10.06.2024
06.06.2024,1612,48183,47,19,1530,1605,1624,1640,Стандартный,07.06.2024
05.06.2024,1600,39532,45,20,1525,1600,1610,1640,Стандартный,06.06.2024
04.06.2024,1583,44100,43,15,1525,1575,1600,1610,Стандартный,05.06.2024
03.06.2024,1597,64731,65,21,1515,1585,1600,1620,Стандартный,04.06.2024
31.05.2024,1614,42675,52,21,1515,1600,1625,1650,Стандартный,03.06.2024
30.05.2024,1595,57603,60,23,1510,1590,1600,1650,Стандартный,31.05.2024
29.05.2024,1586,42683,42,21,1530,1585,1590,1615,Стандартный,30.05.2024
28.05.2024,1589,47775,57,21,1525,1585,1595,1625,Стандартный,29.05.2024
27.05.2024,1580,53932,62,19,1515,1575,1580,1590,Стандартный,28.05.2024
24.05.2024,1584,55535,57,22,1515,1575,1585,1610,Стандартный,27.05.2024
23.05.2024,1585,47163,52,20,1515,1585,1590,1590,Стандартный,24.05.2024
22.05.2024,1585,54792,52,20,1525,1585,1590,1600,Стандартный,23.05.2024
21.05.2024,1585,42705,46,23,1530,1585,1590,1600,Стандартный,22.05.2024
20.05.2024,1585,45956,55,23,1525,1585,1591,1610,Стандартный,21.05.2024
17.05.2024,1585,43969,61,22,1515,1585,1590,1610,Стандартный,20.05.2024
16.05.2024,1590,53780,66,24,1525,1585,1600,1610,Стандартный,17.05.2024
15.05.2024,1600,50028,62,24,1515,1590,1600,1625,Стандартный,16.05.2024
14.05.2024,1610,34920,40,21,1535,1600,1625,1635,Стандартный,15.05.2024
13.05.2024,1621,32364,39,20,1535,1575,1625,1725,Стандартный,14.05.2024
08.05.2024,1601,36226,48,20,1520,1600,1615,1650,Стандартный,13.05.2024
07.05.2024,1614,51498,57,21,1540,1575,1625,1640,Стандартный,08.05.2024
06.05.2024,1618,44146,52,20,1520,1596,1625,1625,Стандартный,07.05.2024
03.05.2024,1595,39776,44,20,1520,1575,1600,1635,Стандартный,06.05.2024
02.05.2024,1573,18035,26,18,1515,1557,1575,1600,Стандартный,03.05.2024
27.04.2024,1586,34781,40,18,1515,1570,1600,1675,Стандартный,02.05.2024
26.04.2024,1570,34894,41,18,1510,1560,1575,1600,Стандартный,27.04.2024
25.04.2024,1559,43350,50,20,1510,1555,1560,1595,Стандартный,26.04.2024
24.04.2024,1560,51248,55,18,1510,1551,1560,1635,Стандартный,25.04.2024
23.04.2024,1573,44896,51,20,1510,1560,1575,1580,Стандартный,24.04.2024
22.04.2024,1569,49887,53,19,1510,1550,1575,1580,Стандартный,23.04.2024
19.04.2024,1573,41259,50,17,1510,1560,1575,1600,Стандартный,22.04.2024
18.04.2024,1572,44406,53,20,1510,1560,1575,1635,Стандартный,19.04.2024
17.04.2024,1572,42020,49,18,1510,1560,1575,1580,Стандартный,18.04.2024
16.04.2024,1574,44367,57,20,1510,1550,1575,1633,Стандартный,17.04.2024
15.04.2024,1570,56748,70,21,1510,1550,1575,1635,Стандартный,16.04.2024
12.04.2024,1573,66894,78,22,1505,1550,1580,1635,Стандартный,15.04.2024
11.04.2024,1564,58994,64,23,1510,1550,1575,1635,Стандартный,12.04.2024
10.04.2024,1561,40084,47,21,1510,1543,1575,1635,Стандартный,11.04.2024
09.04.2024,1590,—,—,—,—,—,—,—,Резервный,10.04.2024
08.04.2024,1586,79459,64,22,1505,1554,1585,1615,Стандартный,09.04.2024
05.04.2024,1572,78986,68,24,1510,1550,1575,1625,Стандартный,08.04.2024
04.04.2024,1567,90918,75,23,1505,1521,1574,1625,Стандартный,05.04.2024
03.04.2024,1570,62875,86,25,1505,1530,1585,1625,Стандартный,04.04.2024
02.04.2024,1549,43868,60,25,1505,1529,1580,1625,Стандартный,03.04.2024
01.04.2024,1563,43809,62,23,1510,1550,1575,1630,Стандартный,02.04.2024
29.03.2024,1599,52663,75,18,1510,1571,1625,1710,Стандартный,01.04.2024
28.03.2024,1542,36204,48,23,1507,1535,1575,1610,Стандартный,29.03.2024
27.03.2024,1525,35969,37,19,1505,1525,1540,1575,Стандартный,28.03.2024
26.03.2024,1550,29600,29,16,1515,1550,1550,1645,Стандартный,27.03.2024
25.03.2024,1529,31830,39,18,1510,1525,1535,1550,Стандартный,26.03.2024
22.03.2024,1535,29930,38,18,1510,1525,1550,1575,Стандартный,25.03.2024
21.03.2024,1554,—,—,—,—,—,—,—,Резервный,22.03.2024
20.03.2024,1570,40650,48,18,1510,1548,1575,1590,Стандартный,21.03.2024
19.03.2024,1568,50096,59,20,1510,1536,1575,1600,Стандартный,20.03.2024
18.03.2024,1572,58216,63,23,1510,1540,1575,1600,Стандартный,19.03.2024
15.03.2024,1574,54682,63,23,1515,1550,1575,1590,Стандартный,18.03.2024
14.03.2024,1575,47858,57,20,1510,1570,1575,1600,Стандартный,15.03.2024
13.03.2024,1575,39790,47,20,1510,1554,1575,1580,Стандартный,14.03.2024
12.03.2024,1600,50982,55,17,1545,1575,1600,1625,Стандартный,13.03.2024
11.03.2024,1589,46948,54,22,1510,1575,1600,1645,Стандартный,12.03.2024
07.03.2024,1567,43839,55,23,1505,1550,1600,1630,Стандартный,11.03.2024
06.03.2024,1540,29631,41,17,1525,1533,1550,1600,Стандартный,07.03.2024
05.03.2024,1534,50314,58,21,1500,1515,1540,1555,Стандартный,06.03.2024
04.03.2024,1546,60911,62,19,1510,1525,1550,1555,Стандартный,05.03.2024
01.03.2024,1544,56817,54,21,1510,1525,1550,1575,Стандартный,04.03.2024
29.02.2024,1575,41797,42,14,1550,1575,1575,1670,Стандартный,01.03.2024
28.02.2024,1570,61709,64,23,1505,1550,1575,1640,Стандартный,29.02.2024
27.02.2024,1571,52963,45,17,1505,1550,1575,1575,Стандартный,28.02.2024
26.02.2024,1574,51496,45,19,1505,1560,1575,1575,Стандартный,27.02.2024
22.02.2024,1575,56907,54,18,1505,1560,1575,1590,Стандартный,26.02.2024
21.02.2024,1575,45556,41,16,1505,1575,1575,1575,Стандартный,22.02.2024
20.02.2024,1575,38278,38,18,1475,1565,1575,1575,Стандартный,21.02.2024
19.02.2024,1574,51480,55,22,1510,1571,1575,1600,Стандартный,20.02.2024
16.02.2024,1574,51394,53,20,1510,1570,1575,1590,Стандартный,19.02.2024
15.02.2024,1575,41537,44,16,1525,1575,1576,1610,Стандартный,16.02.2024
14.02.2024,1579,39432,41,18,1515,1550,1600,1600,Стандартный,15.02.2024
13.02.2024,1584,40826,48,17,1550,1575,1605,1625,Стандартный,14.02.2024
12.02.2024,1600,47300,49,20,1520,1600,1600,1635,Стандартный,13.02.2024
09.02.2024,1594,45501,58,22,1510,1585,1600,1630,Стандартный,12.02.2024
08.02.2024,1587,31490,31,17,1515,1578,1600,1610,Стандартный,09.02.2024
07.02.2024,1596,37882,41,20,1510,1575,1600,1625,Стандартный,08.02.2024
06.02.2024,1600,35449,45,22,1515,1600,1600,1650,Стандартный,07.02.2024
05.02.2024,1600,43395,49,23,1515,1600,1600,1650,Стандартный,06.02.2024
02.02.2024,1597,39867,51,23,1510,1575,1600,1650,Стандартный,05.02.2024
01.02.2024,1582,39821,50,21,1520,1575,1600,1610,Стандартный,02.02.2024
31.01.2024,1600,37390,42,21,1515,1600,1600,1650,Стандартный,01.02.2024
30.01.2024,1601,48293,60,24,1515,1600,1610,1635,Стандартный,31.01.2024
29.01.2024,1600,41722,52,20,1520,1575,1614,1630,Стандартный,30.01.2024
26.01.2024,1574,29353,34,17,1515,1550,1575,1600,Стандартный,29.01.2024
25.01.2024,1600,34970,39,19,1520,1590,1600,1610,Стандартный,26.01.2024
24.01.2024,1598,50452,50,20,1510,1575,1600,1610,Стандартный,25.01.2024
23.01.2024,1598,46690,51,21,1510,1585,1600,1610,Стандартный,24.01.2024
22.01.2024,1583,58426,55,21,1510,1575,1596,1600,Стандартный,23.01.2024
19.01.2024,1580,65026,59,19,1510,1575,1585,1600,Стандартный,22.01.2024
18.01.2024,1562,65878,60,20,1510,1550,1575,1600,Стандартный,19.01.2024
17.01.2024,1559,56402,53,21,1515,1550,1575,1600,Стандартный,18.01.2024
16.01.2024,1556,33867,41,17,1510,1540,1600,1600,Стандартный,17.01.2024
15.01.2024,1542,42470,34,14,1525,1540,1575,1600,Стандартный,16.01.2024
12.01.2024,1515,30155,31,14,1505,1511,1515,1525,Стандартный,15.01.2024
11.01.2024,1520,90793,85,18,1510,1510,1525,1525,Стандартный,12.01.2024
10.01.2024,1534,84078,71,17,1510,1515,1550,1560,Стандартный,11.01.2024
09.01.2024,1559,56040,46,15,1525,1550,1575,1575,Стандартный,10.01.2024
28.12.2023,1527,44799,51,16,1510,1525,1550,1600,Стандартный,29.12.2023
27.12.2023,1525,46108,53,18,1505,1525,1530,1600,Стандартный,28.12.2023
26.12.2023,1525,74583,59,17,1509,1520,1525,1530,Стандартный,27.12.2023
25.12.2023,1530,73287,58,15,1520,1525,1540,1540,Стандартный,26.12.2023
22.12.2023,1530,67605,57,18,1510,1525,1540,1565,Стандартный,25.12.2023
21.12.2023,1534,71645,66,16,1525,1525,1540,1575,Стандартный,22.12.2023
20.12.2023,1553,73337,70,16,1525,1530,1560,1575,Стандартный,21.12.2023
19.12.2023,1550,67681,61,16,1515,1550,1555,1600,Стандартный,20.12.2023
18.12.2023,1571,54366,57,19,1525,1550,1575,1590,Стандартный,19.12.2023
15.12.2023,1573,50660,55,19,1440,1550,1575,1600,Стандартный,18.12.2023
14.12.2023,1539,50334,48,19,1435,1525,1550,1600,Стандартный,15.12.2023
13.12.2023,1516,60013,56,19,1420,1504,1525,1560,Стандартный,14.12.2023
12.12.2023,1500,63301,58,19,1425,1500,1500,1525,Стандартный,13.12.2023
11.12.2023,1498,79567,74,18,1425,1489,1500,1550,Стандартный,12.12.2023
08.12.2023,1449,62172,59,17,1425,1450,1454,1500,Стандартный,11.12.2023
07.12.2023,1452,62940,77,19,1415,1450,1460,1500,Стандартный,08.12.2023
06.12.2023,1455,57234,60,19,1415,1450,1460,1500,Стандартный,07.12.2023
05.12.2023,1470,84796,98,20,1415,1450,1475,1500,Стандартный,06.12.2023
04.12.2023,1478,78408,91,20,1415,1475,1490,1550,Стандартный,05.12.2023
01.12.2023,1490,"1 005,56",99,22,1415,1476,1500,1535,Стандартный,04.12.2023
30.11.2023,1491,62263,63,18,1475,1480,1500,1565,Стандартный,01.12.2023
29.11.2023,1506,89697,95,22,1415,1493,1515,1565,Стандартный,30.11.2023
28.11.2023,1520,53803,63,21,1420,1500,1525,1560,Стандартный,29.11.2023
27.11.2023,1517,69575,65,22,1425,1500,1525,1535,Стандартный,28.11.2023
24.11.2023,1519,69179,72,22,1420,1489,1525,1535,Стандартный,27.11.2023
23.11.2023,1502,50433,54,20,1430,1485,1510,1525,Стандартный,24.11.2023
22.11.2023,1517,59312,74,22,1420,1490,1525,1535,Стандартный,23.11.2023
21.11.2023,1508,40738,46,19,1420,1490,1525,1525,Стандартный,22.11.2023
20.11.2023,1502,31119,34,20,1420,1490,1510,1520,Стандартный,21.11.2023
17.11.2023,1503,45733,47,18,1430,1486,1510,1510,Стандартный,20.11.2023
16.11.2023,1501,40915,48,17,1425,1485,1510,1510,Стандартный,17.11.2023
15.11.2023,1473,41370,51,18,1425,1455,1475,1485,Стандартный,16.11.2023
14.11.2023,1492,47741,50,19,1410,1450,1500,1510,Стандартный,15.11.2023
13.11.2023,1480,27288,35,16,1425,1475,1500,1510,Стандартный,14.11.2023
10.11.2023,1463,36110,46,16,1425,1450,1500,1510,Стандартный,13.11.2023
09.11.2023,1441,29315,31,17,1410,1435,1450,1500,Стандартный,10.11.2023
08.11.2023,1425,37940,54,20,1405,1410,1435,1460,Стандартный,09.11.2023
07.11.2023,1418,40372,57,15,1405,1405,1425,1450,Стандартный,08.11.2023
03.11.2023,1423,40962,64,18,1405,1420,1425,1450,Стандартный,07.11.2023
02.11.2023,1431,39320,64,14,1405,1425,1435,1470,Стандартный,03.11.2023
01.11.2023,1443,30894,53,15,1407,1425,1450,1455,Стандартный,02.11.2023
31.10.2023,1450,56592,71,19,1419,1435,1460,1485,Стандартный,01.11.2023
30.10.2023,1475,68112,89,20,1415,1450,1475,1550,Стандартный,31.10.2023
27.10.2023,1267,59727,82,19,1225,1250,1310,1360,Стандартный,30.10.2023
26.10.2023,1268,50368,69,16,1210,1250,1275,1290,Стандартный,27.10.2023
25.10.2023,1287,61884,81,20,1225,1275,1300,1315,Стандартный,26.10.2023
24.10.2023,1311,52263,73,19,1225,1290,1320,1325,Стандартный,25.10.2023
23.10.2023,1311,59777,89,19,1225,1290,1320,1325,Стандартный,24.10.2023
20.10.2023,1314,51876,78,21,1225,1300,1320,1325,Стандартный,23.10.2023
19.10.2023,1317,52221,75,19,1225,1310,1320,1335,Стандартный,20.10.2023
18.10.2023,1320,46966,64,20,1225,1300,1320,1340,Стандартный,19.10.2023
17.10.2023,1317,26078,36,20,1225,1299,1320,1340,Стандартный,18.10.2023
16.10.2023,1319,22534,32,18,1225,1299,1320,1345,Стандартный,17.10.2023
13.10.2023,1315,17038,27,18,1225,1300,1320,1340,Стандартный,16.10.2023
12.10.2023,1300,24685,36,17,1270,1300,1320,1340,Стандартный,13.10.2023
11.10.2023,1269,11274,20,14,1240,1250,1286,1300,Стандартный,12.10.2023
10.10.2023,1306,33460,46,18,1250,1285,1310,1315,Стандартный,11.10.2023
09.10.2023,1299,23242,29,16,1245,1270,1300,1310,Стандартный,10.10.2023
06.10.2023,1243,42010,70,21,1225,1230,1250,1270,Стандартный,09.10.2023
05.10.2023,1248,40155,61,19,1225,1240,1250,1265,Стандартный,06.10.2023
04.10.2023,1243,45460,57,16,1225,1230,1250,1260,Стандартный,05.10.2023
03.10.2023,1244,44671,61,18,1225,1230,1250,1265,Стандартный,04.10.2023
02.10.2023,1249,32616,43,17,1220,1240,1250,1265,Стандартный,03.10.2023
29.09.2023,1243,32141,56,17,1225,1235,1250,1300,Стандартный,02.10.2023
28.09.2023,1238,17185,29,14,1225,1225,1250,1275,Стандартный,29.09.2023
27.09.2023,1247,28139,42,17,1220,1225,1250,1265,Стандартный,28.09.2023
26.09.2023,1239,48224,62,15,1220,1225,1250,1275,Стандартный,27.09.2023
25.09.2023,1239,50883,67,17,1220,1225,1250,1260,Стандартный,26.09.2023
22.09.2023,1245,46672,58,18,1205,1220,1250,1250,Стандартный,25.09.2023
21.09.2023,1245,40066,49,20,1210,1230,1250,1250,Стандартный,22.09.2023
20.09.2023,1244,37276,53,21,1205,1235,1250,1275,Стандартный,21.09.2023
19.09.2023,1255,51071,69,17,1210,1240,1265,1275,Стандартный,20.09.2023
18.09.2023,1270,50499,71,19,1220,1250,1275,1285,Стандартный,19.09.2023
15.09.2023,1241,32938,40,22,1135,1216,1250,1250,Стандартный,18.09.2023
14.09.2023,1220,43067,51,22,1120,1200,1225,1240,Стандартный,15.09.2023
13.09.2023,1199,38827,50,19,1110,1175,1208,1225,Стандартный,14.09.2023
12.09.2023,1201,39139,56,23,1125,1180,1200,1220,Стандартный,13.09.2023
11.09.2023,1195,48379,66,21,1100,1170,1200,1200,Стандартный,12.09.2023
08.09.2023,1192,41940,67,24,1110,1175,1200,1250,Стандартный,11.09.2023
07.09.2023,1196,42246,64,20,1150,1160,1200,1200,Стандартный,08.09.2023
06.09.2023,1191,37884,56,22,1115,1170,1200,1205,Стандартный,07.09.2023
05.09.2023,1196,37041,61,22,1120,1170,1200,1200,Стандартный,06.09.2023
04.09.2023,1194,43481,57,21,1120,1170,1200,1230,Стандартный,05.09.2023
01.09.2023,1190,39241,55,21,1120,1171,1200,1200,Стандартный,04.09.2023
31.08.2023,1184,41522,49,17,1140,1165,1200,1230,Стандартный,01.09.2023
30.08.2023,1192,41709,61,23,1120,1170,1200,1200,Стандартный,31.08.2023
29.08.2023,1192,45263,65,22,1120,1170,1200,1200,Стандартный,30.08.2023
28.08.2023,1191,48479,67,22,1115,1170,1200,1250,Стандартный,29.08.2023
25.08.2023,1190,45372,58,24,1115,1175,1200,1200,Стандартный,28.08.2023
24.08.2023,1191,42012,55,24,1105,1171,1200,1200,Стандартный,25.08.2023
23.08.2023,1186,47764,62,23,1105,1170,1200,1200,Стандартный,24.08.2023
22.08.2023,1189,60537,73,23,1115,1165,1200,1200,Стандартный,23.08.2023
21.08.2023,1186,58537,71,21,1115,1160,1200,1200,Стандартный,22.08.2023
18.08.2023,1181,39670,52,21,1115,1168,1200,1200,Стандартный,21.08.2023
17.08.2023,1188,37361,48,20,1115,1164,1200,1200,Стандартный,18.08.2023
16.08.2023,1177,34059,44,21,1115,1160,1185,1200,Стандартный,17.08.2023
15.08.2023,1169,38391,45,20,1120,1150,1175,1200,Стандартный,16.08.2023
14.08.2023,851,43675,53,21,775,830,865,865,Стандартный,15.08.2023
11.08.2023,833,42214,55,21,765,825,844,850,Стандартный,14.08.2023
10.08.2023,835,39805,49,16,765,820,840,850,Стандартный,11.08.2023
09.08.2023,835,44160,57,18,770,825,840,840,Стандартный,10.08.2023
08.08.2023,848,45318,58,17,805,840,860,860,Стандартный,09.08.2023
07.08.2023,821,47861,69,20,760,805,825,825,Стандартный,08.08.2023
04.08.2023,817,63224,78,19,760,800,825,830,Стандартный,07.08.2023
03.08.2023,829,46733,71,18,765,810,830,840,Стандартный,04.08.2023
02.08.2023,849,50153,66,19,765,820,850,855,Стандартный,03.08.2023
01.08.2023,847,50114,68,19,765,829,850,850,Стандартный,02.08.2023
31.07.2023,842,34024,44,14,800,825,850,850,Стандартный,01.08.2023
28.07.2023,838,40784,58,19,765,822,840,850,Стандартный,31.07.2023
27.07.2023,840,47137,63,22,765,820,840,850,Стандартный,28.07.2023
26.07.2023,825,48695,54,20,765,815,840,850,Стандартный,27.07.2023
25.07.2023,816,31005,45,20,765,815,815,825,Стандартный,26.07.2023
24.07.2023,825,39978,53,20,765,815,825,830,Стандартный,25.07.2023
21.07.2023,804,31011,37,16,690,800,815,825,Стандартный,24.07.2023
20.07.2023,799,30849,43,16,685,785,800,810,Стандартный,21.07.2023
19.07.2023,796,28269,37,16,685,780,800,800,Стандартный,20.07.2023
18.07.2023,778,31466,36,17,690,765,785,790,Стандартный,19.07.2023
17.07.2023,809,32417,34,14,685,790,815,815,Стандартный,18.07.2023
14.07.2023,780,38265,46,18,680,765,790,810,Стандартный,17.07.2023
13.07.2023,766,38953,44,18,680,740,778,790,Стандартный,14.07.2023
12.07.2023,756,38147,47,20,680,735,774,775,Стандартный,13.07.2023
11.07.2023,758,46036,55,19,720,750,765,800,Стандартный,12.07.2023
10.07.2023,740,47380,58,20,670,725,760,800,Стандартный,11.07.2023
07.07.2023,735,42316,60,20,680,725,740,740,Стандартный,10.07.2023
06.07.2023,737,36456,53,19,680,722,740,750,Стандартный,07.07.2023
05.07.2023,731,36431,49,20,675,720,740,740,Стандартный,06.07.2023
04.07.2023,735,41445,45,18,680,725,740,740,Стандартный,05.07.2023
03.07.2023,734,49657,56,18,680,725,740,755,Стандартный,04.07.2023
30.06.2023,745,31389,30,11,725,735,750,770,Стандартный,03.07.2023
29.06.2023,741,41967,52,19,665,729,750,760,Стандартный,30.06.2023
28.06.2023,726,35530,51,23,665,720,740,760,Стандартный,29.06.2023
27.06.2023,714,29490,44,19,680,704,715,725,Стандартный,28.06.2023
26.06.2023,715,23160,39,20,680,715,715,725,Стандартный,27.06.2023
23.06.2023,713,38845,55,23,675,702,715,715,Стандартный,26.06.2023
22.06.2023,715,36795,58,23,675,710,715,725,Стандартный,23.06.2023
21.06.2023,725,41378,61,23,680,715,730,730,Стандартный,22.06.2023
20.06.2023,722,37994,50,20,680,710,725,725,Стандартный,21.06.2023
19.06.2023,725,43533,54,22,680,710,725,725,Стандартный,20.06.2023
16.06.2023,730,46474,64,23,680,725,740,740,Стандартный,19.06.2023
15.06.2023,735,41942,59,21,665,725,740,740,Стандартный,16.06.2023
14.06.2023,734,38166,52,19,685,725,740,740,Стандартный,15.06.2023
13.06.2023,749,36281,48,21,685,735,760,775,Стандартный,14.06.2023
09.06.2023,728,43999,57,20,675,717,730,750,Стандартный,13.06.2023
08.06.2023,731,48814,65,23,675,720,735,750,Стандартный,09.06.2023
07.06.2023,739,52350,76,21,675,725,750,750,Стандартный,08.06.2023
06.06.2023,732,73687,68,20,675,720,730,780,Стандартный,07.06.2023
05.06.2023,736,62703,61,21,675,725,730,780,Стандартный,06.06.2023
02.06.2023,733,77402,86,23,675,725,742,780,Стандартный,05.06.2023
01.06.2023,727,54335,63,23,670,720,725,780,Стандартный,02.06.2023
31.05.2023,737,46640,64,19,700,720,743,780,Стандартный,01.06.2023
30.05.2023,732,32116,59,23,675,725,740,765,Стандартный,31.05.2023
29.05.2023,730,27384,44,20,675,717,740,750,Стандартный,30.05.2023
26.05.2023,732,52435,91,26,670,716,740,740,Стандартный,29.05.2023
25.05.2023,722,41028,69,24,660,710,725,740,Стандартный,26.05.2023
24.05.2023,731,44715,73,24,670,715,740,740,Стандартный,25.05.2023
23.05.2023,723,50587,70,22,670,710,725,725,Стандартный,24.05.2023
22.05.2023,731,55916,78,22,670,715,740,740,Стандартный,23.05.2023
19.05.2023,730,49949,75,22,670,715,740,750,Стандартный,22.05.2023
18.05.2023,730,44234,70,23,670,720,740,765,Стандартный,19.05.2023
17.05.2023,728,47448,72,23,665,720,740,765,Стандартный,18.05.2023
16.05.2023,738,32922,45,19,675,720,750,760,Стандартный,17.05.2023
15.05.2023,739,19678,33,18,665,715,750,750,Стандартный,16.05.2023
12.05.2023,683,43523,57,21,655,670,695,700,Стандартный,15.05.2023
11.05.2023,695,39135,53,21,665,685,700,710,Стандартный,12.05.2023
10.05.2023,696,29332,42,21,665,685,715,730,Стандартный,11.05.2023
05.05.2023,691,28340,49,21,660,680,705,720,Стандартный,10.05.2023
04.05.2023,700,31718,50,22,665,685,705,725,Стандартный,05.05.2023
03.05.2023,711,23387,52,24,665,700,720,725,Стандартный,04.05.2023
02.05.2023,744,62070,55,24,670,721,740,775,Стандартный,03.05.2023
28.04.2023,753,55736,50,19,680,710,750,775,Стандартный,02.05.2023
27.04.2023,678,36444,60,19,660,675,690,710,Стандартный,28.04.2023
26.04.2023,681,33653,53,22,660,675,695,710,Стандартный,27.04.2023
25.04.2023,697,35611,57,21,660,685,700,725,Стандартный,26.04.2023
24.04.2023,698,34896,58,20,660,685,710,725,Стандартный,25.04.2023
21.04.2023,721,34753,57,20,665,700,720,735,Стандартный,24.04.2023
20.04.2023,726,28583,52,19,665,715,730,740,Стандартный,21.04.2023
19.04.2023,732,37342,63,21,670,720,735,750,Стандартный,20.04.2023
18.04.2023,745,38306,63,21,670,730,750,750,Стандартный,19.04.2023
17.04.2023,738,39155,64,21,665,730,740,750,Стандартный,18.04.2023
14.04.2023,735,35634,67,24,670,715,740,750,Стандартный,17.04.2023
13.04.2023,719,37066,62,21,665,710,725,775,Стандартный,14.04.2023
12.04.2023,718,34083,59,21,665,705,725,740,Стандартный,13.04.2023
11.04.2023,730,22251,41,21,665,725,735,755,Стандартный,12.04.2023
10.04.2023,708,35887,58,21,660,700,710,725,Стандартный,11.04.2023
07.04.2023,714,40046,65,21,665,700,725,744,Стандартный,10.04.2023
06.04.2023,692,19843,34,18,660,680,700,725,Стандартный,07.04.2023
05.04.2023,698,15736,32,17,660,675,700,705,Стандартный,06.04.2023
04.04.2023,698,27540,42,19,660,685,700,750,Стандартный,05.04.2023
03.04.2023,718,41045,56,21,660,700,725,735,Стандартный,04.04.2023
31.03.2023,725,36260,56,16,700,715,730,760,Стандартный,03.04.2023
30.03.2023,734,43039,69,18,665,720,750,785,Стандартный,31.03.2023
29.03.2023,743,37300,58,23,665,735,750,785,Стандартный,30.03.2023
28.03.2023,735,21599,39,24,665,710,750,775,Стандартный,29.03.2023
27.03.2023,711,32251,47,19,665,705,719,730,Стандартный,28.03.2023
24.03.2023,706,20318,37,19,665,700,710,750,Стандартный,27.03.2023
23.03.2023,711,33784,56,22,665,694,715,750,Стандартный,24.03.2023
22.03.2023,727,38986,66,23,150,720,730,740,Стандартный,23.03.2023
21.03.2023,726,34511,57,24,665,720,730,740,Стандартный,22.03.2023
20.03.2023,725,41197,69,22,665,720,725,740,Стандартный,21.03.2023
17.03.2023,728,43643,74,25,660,720,740,765,Стандартный,20.03.2023
16.03.2023,729,34528,63,23,150,721,740,750,Стандартный,17.03.2023
15.03.2023,729,40840,71,23,665,725,744,760,Стандартный,16.03.2023
14.03.2023,714,9650,22,17,665,700,725,730,Стандартный,15.03.2023
13.03.2023,702,55220,80,22,660,700,718,730,Стандартный,14.03.2023
10.03.2023,735,50070,86,25,660,720,740,745,Стандартный,13.03.2023
09.03.2023,759,45205,78,25,150,735,775,775,Стандартный,10.03.2023
07.03.2023,761,36743,56,25,670,740,775,775,Стандартный,09.03.2023
06.03.2023,760,42074,67,25,665,745,775,790,Стандартный,07.03.2023
03.03.2023,765,36071,59,24,665,745,775,780,Стандартный,06.03.2023
02.03.2023,761,37573,62,25,665,745,775,775,Стандартный,03.03.2023
01.03.2023,760,35412,58,24,300,745,775,775,Стандартный,02.03.2023
28.02.2023,751,15313,30,19,665,725,760,785,Стандартный,01.03.2023
27.02.2023,746,34425,53,21,150,730,750,775,Стандартный,28.02.2023
22.02.2023,749,44050,67,23,665,730,750,760,Стандартный,27.02.2023
21.02.2023,740,41360,57,24,665,725,745,755,Стандартный,22.02.2023
20.02.2023,731,40501,62,24,660,710,735,750,Стандартный,21.02.2023
17.02.2023,727,52150,76,23,660,710,735,740,Стандартный,20.02.2023
16.02.2023,718,47407,66,23,660,700,725,735,Стандартный,17.02.2023
15.02.2023,710,39980,60,24,660,700,720,740,Стандартный,16.02.2023
14.02.2023,726,38501,43,21,150,715,730,750,Стандартный,15.02.2023
13.02.2023,683,60311,72,24,150,679,690,700,Стандартный,14.02.2023
10.02.2023,689,59420,75,24,660,680,690,700,Стандартный,13.02.2023
09.02.2023,689,59650,78,23,660,680,690,700,Стандартный,10.02.2023
08.02.2023,690,46970,63,23,150,680,694,710,Стандартный,09.02.2023
07.02.2023,689,58470,70,22,150,680,690,700,Стандартный,08.02.2023
06.02.2023,697,58750,68,19,660,690,700,700,Стандартный,07.02.2023
03.02.2023,700,57491,67,19,660,690,700,710,Стандартный,06.02.2023
02.02.2023,701,48953,62,22,300,695,700,710,Стандартный,03.02.2023
01.02.2023,707,46689,65,21,660,700,710,725,Стандартный,02.02.2023
31.01.2023,711,30569,48,20,660,698,720,740,Стандартный,01.02.2023
30.01.2023,700,35851,52,21,150,690,700,725,Стандартный,31.01.2023
27.01.2023,700,60303,65,23,150,685,700,750,Стандартный,30.01.2023
26.01.2023,697,57021,69,23,150,690,700,705,Стандартный,27.01.2023
25.01.2023,699,56350,58,23,150,680,700,750,Стандартный,26.01.2023
24.01.2023,697,59277,65,23,150,680,700,700,Стандартный,25.01.2023
23.01.2023,699,63363,77,24,150,690,700,750,Стандартный,24.01.2023
20.01.2023,694,59993,73,24,150,690,700,740,Стандартный,23.01.2023
19.01.2023,696,47196,65,25,150,690,700,740,Стандартный,20.01.2023
18.01.2023,699,35139,49,21,150,690,705,750,Стандартный,19.01.2023
17.01.2023,696,21046,25,17,150,675,700,740,Стандартный,18.01.2023
16.01.2023,687,32880,49,22,150,675,700,700,Стандартный,17.01.2023
13.01.2023,675,42967,51,22,500,675,680,705,Стандартный,16.01.2023
12.01.2023,694,38833,53,19,500,680,700,700,Стандартный,13.01.2023
11.01.2023,701,46695,61,22,500,690,710,720,Стандартный,12.01.2023
10.01.2023,721,39150,39,18,500,700,745,760,Стандартный,11.01.2023
09.01.2023,734,60510,58,19,500,715,760,765,Стандартный,10.01.2023
29.12.2022,737,81457,75,19,150,725,740,802,Стандартный,30.12.2022
28.12.2022,736,57480,68,20,150,725,740,802,Стандартный,29.12.2022
27.12.2022,732,63106,79,20,150,725,740,785,Стандартный,28.12.2022
26.12.2022,739,66900,63,23,150,725,740,760,Стандартный,27.12.2022
23.12.2022,735,73870,77,21,150,725,740,740,Стандартный,26.12.2022
22.12.2022,736,52271,56,21,150,725,740,750,Стандартный,23.12.2022
21.12.2022,741,39855,47,19,150,725,740,750,Стандартный,22.12.2022
20.12.2022,742,37028,42,21,150,725,750,755,Стандартный,21.12.2022
19.12.2022,738,51186,56,21,150,725,746,765,Стандартный,20.12.2022
16.12.2022,743,42410,51,22,150,725,750,750,Стандартный,19.12.2022
15.12.2022,724,34100,36,21,150,710,735,750,Стандартный,16.12.2022
14.12.2022,723,37455,38,19,150,710,725,735,Стандартный,15.12.2022
13.12.2022,722,39449,44,21,150,700,725,735,Стандартный,14.12.2022
12.12.2022,724,37904,42,20,150,715,725,735,Стандартный,13.12.2022
09.12.2022,730,38390,53,22,150,715,735,775,Стандартный,12.12.2022
08.12.2022,728,44390,53,23,150,710,735,735,Стандартный,09.12.2022
07.12.2022,726,34040,45,21,150,700,735,735,Стандартный,08.12.2022
06.12.2022,721,46235,62,20,150,715,725,755,Стандартный,07.12.2022
05.12.2022,729,61035,73,22,150,710,735,755,Стандартный,06.12.2022
02.12.2022,742,65207,77,21,150,725,750,750,Стандартный,05.12.2022
01.12.2022,722,43470,55,20,150,700,725,760,Стандартный,02.12.2022
30.11.2022,718,38150,50,16,660,695,725,725,Стандартный,01.12.2022
29.11.2022,714,57140,75,19,150,695,725,735,Стандартный,30.11.2022
28.11.2022,706,50420,61,19,150,675,725,725,Стандартный,29.11.2022
25.11.2022,703,36130,56,20,150,675,714,725,Стандартный,28.11.2022
24.11.2022,682,23900,42,16,675,675,700,710,Стандартный,25.11.2022
23.11.2022,692,44440,44,19,665,675,710,725,Стандартный,24.11.2022
22.11.2022,725,52340,53,19,665,720,740,740,Стандартный,23.11.2022
21.11.2022,742,54720,59,19,665,725,750,755,Стандартный,22.11.2022
18.11.2022,754,43260,49,19,665,750,760,760,Стандартный,21.11.2022
17.11.2022,755,48950,56,19,665,740,760,775,Стандартный,18.11.2022
16.11.2022,754,50090,54,19,665,740,760,785,Стандартный,17.11.2022
15.11.2022,709,28370,38,15,675,700,720,735,Стандартный,16.11.2022
14.11.2022,695,32260,45,16,675,675,700,710,Стандартный,15.11.2022
11.11.2022,709,27800,44,21,665,694,725,740,Стандартный,14.11.2022
10.11.2022,758,28130,46,18,665,740,775,780,Стандартный,11.11.2022
09.11.2022,768,29567,52,18,665,750,775,800,Стандартный,10.11.2022
08.11.2022,760,29445,49,19,665,740,775,785,Стандартный,09.11.2022
07.11.2022,763,31643,52,19,665,750,775,800,Стандартный,08.11.2022
03.11.2022,768,30510,49,19,665,750,785,800,Стандартный,07.11.2022
02.11.2022,765,29614,53,18,665,740,775,800,Стандартный,03.11.2022
01.11.2022,760,27081,48,18,665,750,775,800,Стандартный,02.11.2022
31.10.2022,754,21220,37,17,665,740,775,785,Стандартный,01.11.2022
28.10.2022,764,27910,52,19,665,750,775,790,Стандартный,31.10.2022
27.10.2022,762,28290,54,20,665,740,775,785,Стандартный,28.10.2022
26.10.2022,765,29220,48,18,665,740,775,775,Стандартный,27.10.2022
25.10.2022,770,26970,45,18,665,750,775,800,Стандартный,26.10.2022
24.10.2022,769,37470,60,21,665,750,775,800,Стандартный,25.10.2022
21.10.2022,772,—,—,—,—,—,—,—,Резервный,24.10.2022
20.10.2022,771,30115,48,20,665,750,775,775,Стандартный,21.10.2022
19.10.2022,765,24420,46,19,665,750,775,790,Стандартный,20.10.2022
18.10.2022,763,11520,24,18,665,754,775,775,Стандартный,19.10.2022
17.10.2022,756,5620,14,14,665,750,770,775,Стандартный,18.10.2022
14.10.2022,760,11520,22,17,665,750,775,785,Стандартный,17.10.2022
13.10.2022,765,19120,33,16,740,750,775,785,Стандартный,14.10.2022
12.10.2022,762,12110,22,14,665,750,775,785,Стандартный,13.10.2022
11.10.2022,755,20405,38,16,665,750,760,800,Стандартный,12.10.2022
10.10.2022,762,17510,31,17,665,750,775,800,Стандартный,11.10.2022
07.10.2022,797,31855,45,17,665,775,800,815,Стандартный,10.10.2022
06.10.2022,795,24054,37,17,665,775,800,810,Стандартный,07.10.2022
05.10.2022,790,17850,28,18,665,775,800,820,Стандартный,06.10.2022
04.10.2022,792,13805,24,15,665,775,800,825,Стандартный,05.10.2022
03.10.2022,817,18045,26,14,665,770,825,860,Стандартный,04.10.2022
30.09.2022,786,8700,19,11,750,763,815,825,Стандартный,03.10.2022
29.09.2022,789,24490,34,15,750,765,810,825,Стандартный,30.09.2022
28.09.2022,773,20320,27,16,740,751,779,850,Стандартный,29.09.2022
27.09.2022,758,13540,22,15,740,750,775,805,Стандартный,28.09.2022
26.09.2022,750,10565,22,15,675,740,775,780,Стандартный,27.09.2022
23.09.2022,752,24285,36,17,675,740,770,775,Стандартный,26.09.2022
22.09.2022,759,26575,36,17,675,744,775,785,Стандартный,23.09.2022
21.09.2022,754,21715,30,17,685,740,775,785,Стандартный,22.09.2022
20.09.2022,741,16675,24,16,685,733,750,765,Стандартный,21.09.2022
19.09.2022,734,28515,40,17,675,729,750,750,Стандартный,20.09.2022
16.09.2022,759,24550,36,14,725,748,765,775,Стандартный,19.09.2022
15.09.2022,774,20025,28,15,725,760,775,790,Стандартный,16.09.2022
14.09.2022,770,20480,30,15,725,760,775,800,Стандартный,15.09.2022
13.09.2022,777,10380,19,12,725,763,791,802,Стандартный,14.09.2022
12.09.2022,754,21970,39,17,720,750,769,790,Стандартный,13.09.2022
09.09.2022,782,19975,44,18,725,770,790,800,Стандартный,12.09.2022
08.09.2022,780,15140,29,16,725,775,785,800,Стандартный,09.09.2022
07.09.2022,781,11430,26,15,725,775,790,800,Стандартный,08.09.2022
06.09.2022,780,12825,27,16,725,775,780,800,Стандартный,07.09.2022
05.09.2022,790,21080,39,16,760,776,800,810,Стандартный,06.09.2022
02.09.2022,784,14210,28,15,725,775,790,790,Стандартный,05.09.2022
01.09.2022,794,21230,35,17,775,776,800,835,Стандартный,02.09.2022
31.08.2022,803,15190,31,15,770,781,810,810,Стандартный,01.09.2022
30.08.2022,789,7600,19,13,725,780,800,820,Стандартный,31.08.2022
29.08.2022,802,12900,24,18,725,785,815,835,Стандартный,30.08.2022
26.08.2022,789,9210,20,15,750,780,803,825,Стандартный,29.08.2022
25.08.2022,791,11700,20,16,735,780,818,850,Стандартный,26.08.2022
24.08.2022,796,14480,28,18,730,780,810,810,Стандартный,25.08.2022
23.08.2022,799,19500,36,18,725,780,810,825,Стандартный,24.08.2022
22.08.2022,792,15040,25,16,730,780,800,800,Стандартный,23.08.2022
19.08.2022,803,20340,31,15,725,780,810,810,Стандартный,22.08.2022
18.08.2022,787,10440,19,17,725,775,800,810,Стандартный,19.08.2022
17.08.2022,786,9150,19,15,725,775,799,800,Стандартный,18.08.2022
16.08.2022,794,15460,28,17,730,775,800,850,Стандартный,17.08.2022
15.08.2022,808,17040,30,18,735,780,810,810,Стандартный,16.08.2022
12.08.2022,819,33760,41,19,735,805,825,850,Стандартный,15.08.2022
11.08.2022,807,31750,35,17,725,783,810,825,Стандартный,12.08.2022
10.08.2022,789,13750,22,15,725,775,795,800,Стандартный,11.08.2022
09.08.2022,803,25190,41,17,750,775,810,815,Стандартный,10.08.2022
08.08.2022,758,26850,45,15,727,750,775,825,Стандартный,09.08.2022
05.08.2022,774,30480,40,14,735,760,775,800,Стандартный,08.08.2022
04.08.2022,776,20550,30,12,750,775,780,800,Стандартный,05.08.2022
03.08.2022,799,18670,30,15,725,785,800,830,Стандартный,04.08.2022
02.08.2022,805,28900,39,17,725,800,810,835,Стандартный,03.08.2022
01.08.2022,809,23870,38,19,745,795,810,825,Стандартный,02.08.2022
29.07.2022,810,20260,31,14,785,806,815,825,Стандартный,01.08.2022
28.07.2022,810,22610,33,20,750,800,815,825,Стандартный,29.07.2022
27.07.2022,826,26510,41,19,725,810,835,840,Стандартный,28.07.2022
26.07.2022,809,11900,25,18,750,800,820,840,Стандартный,27.07.2022
25.07.2022,805,9660,21,15,750,790,820,845,Стандартный,26.07.2022
22.07.2022,924,18000,29,15,825,910,925,935,Стандартный,25.07.2022
21.07.2022,931,19440,33,16,850,925,935,950,Стандартный,22.07.2022
20.07.2022,929,12460,24,13,900,925,936,975,Стандартный,21.07.2022
19.07.2022,932,13550,22,11,900,925,940,965,Стандартный,20.07.2022
18.07.2022,935,10800,21,12,910,925,935,950,Стандартный,19.07.2022
15.07.2022,934,16460,30,17,865,920,940,975,Стандартный,18.07.2022
14.07.2022,923,14460,25,15,855,910,935,955,Стандартный,15.07.2022
13.07.2022,910,12010,20,14,850,900,918,925,Стандартный,14.07.2022
12.07.2022,956,17080,34,17,900,940,960,965,Стандартный,13.07.2022
11.07.2022,935,16410,27,14,855,900,950,950,Стандартный,12.07.2022
08.07.2022,910,21890,39,16,855,900,915,930,Стандартный,11.07.2022
07.07.2022,894,15495,31,17,845,880,900,930,Стандартный,08.07.2022
06.07.2022,883,11775,23,15,855,875,890,905,Стандартный,07.07.2022
05.07.2022,876,12660,18,15,800,870,885,900,Стандартный,06.07.2022
04.07.2022,876,13880,22,16,800,875,880,900,Стандартный,05.07.2022
01.07.2022,890,18220,25,17,850,875,900,925,Стандартный,04.07.2022
30.06.2022,900,23190,27,13,875,886,900,925,Стандартный,01.07.2022
29.06.2022,899,20750,31,19,850,890,900,935,Стандартный,30.06.2022
28.06.2022,899,26760,30,16,850,885,900,935,Стандартный,29.06.2022
27.06.2022,885,22550,29,16,875,885,890,920,Стандартный,28.06.2022
24.06.2022,886,17026,26,17,800,880,895,910,Стандартный,27.06.2022
23.06.2022,895,16701,28,17,800,890,896,935,Стандартный,24.06.2022
22.06.2022,889,10393,21,14,800,880,890,910,Стандартный,23.06.2022
21.06.2022,889,8951,19,16,800,885,890,935,Стандартный,22.06.2022
20.06.2022,875,8221,19,15,800,875,879,890,Стандартный,21.06.2022
17.06.2022,899,8460,17,13,860,885,900,925,Стандартный,20.06.2022
16.06.2022,930,16881,27,18,875,925,930,940,Стандартный,17.06.2022
15.06.2022,960,20081,29,18,900,950,970,970,Стандартный,16.06.2022
14.06.2022,971,17351,27,15,875,950,995,1040,Стандартный,15.06.2022
10.06.2022,1060,17271,27,16,900,1050,1069,1080,Стандартный,14.06.2022
09.06.2022,1083,14951,33,18,900,1075,1100,1125,Стандартный,10.06.2022
08.06.2022,1049,13281,29,16,900,1045,1060,1100,Стандартный,09.06.2022
07.06.2022,1029,10641,22,14,900,1025,1035,1040,Стандартный,08.06.2022
06.06.2022,1038,9151,18,15,900,1035,1040,1050,Стандартный,07.06.2022
03.06.2022,1064,—,—,—,—,—,—,—,Резервный,06.06.2022
02.06.2022,1064,17908,29,19,900,1055,1065,1070,Стандартный,03.06.2022
01.06.2022,1065,16838,24,18,900,1058,1070,1080,Стандартный,02.06.2022
31.05.2022,1075,12958,21,16,900,1070,1075,1090,Стандартный,01.06.2022
30.05.2022,1070,9108,18,13,900,1060,1075,1080,Стандартный,31.05.2022
27.05.2022,1065,10688,22,14,900,1055,1075,1075,Стандартный,30.05.2022
26.05.2022,1334,12158,22,14,1200,1325,1350,1350,Стандартный,27.05.2022
25.05.2022,1354,16488,29,16,1200,1340,1360,1425,Стандартный,26.05.2022
24.05.2022,1350,6958,14,16,1200,1350,1350,1360,Стандартный,25.05.2022
23.05.2022,1366,20598,24,16,1200,1350,1380,1380,Стандартный,24.05.2022
20.05.2022,1368,17118,31,15,1100,1350,1390,1390,Стандартный,23.05.2022
19.05.2022,1389,16500,27,12,1325,1375,1390,1390,Стандартный,20.05.2022
18.05.2022,1396,14450,27,15,1075,1368,1430,1430,Стандартный,19.05.2022
17.05.2022,1398,18450,27,17,1075,1350,1400,1400,Стандартный,18.05.2022
16.05.2022,1353,15750,22,14,1100,1350,1365,1400,Стандартный,17.05.2022
13.05.2022,1416,19300,24,13,1075,1380,1425,1450,Стандартный,16.05.2022
12.05.2022,1410,17450,27,16,1075,1400,1425,1450,Стандартный,13.05.2022
11.05.2022,1409,12680,26,16,1075,1395,1425,1425,Стандартный,12.05.2022
06.05.2022,1415,17300,32,15,1050,1400,1425,1425,Стандартный,11.05.2022
05.05.2022,1400,11750,22,12,1020,1375,1415,1425,Стандартный,06.05.2022
04.05.2022,1368,9000,21,16,1100,1360,1380,1450,Стандартный,05.05.2022
29.04.2022,1656,13050,16,10,1615,1650,1675,1675,Стандартный,04.05.2022
28.04.2022,1650,8700,19,14,1450,1635,1665,1700,Стандартный,29.04.2022
27.04.2022,1635,6300,14,12,1450,1635,1635,1640,Стандартный,28.04.2022
26.04.2022,1631,10900,27,16,1450,1625,1635,1660,Стандартный,27.04.2022
25.04.2022,1625,11400,24,15,1605,1624,1630,1675,Стандартный,26.04.2022
22.04.2022,1625,29650,27,14,1450,1625,1625,1635,Стандартный,25.04.2022
21.04.2022,1625,14250,21,12,1450,1610,1625,1625,Стандартный,22.04.2022
20.04.2022,1624,14200,26,15,1450,1610,1625,1635,Стандартный,21.04.2022
19.04.2022,1625,16550,25,14,1450,1625,1625,1635,Стандартный,20.04.2022
18.04.2022,1625,12850,21,13,1450,1625,1625,1650,Стандартный,19.04.2022
15.04.2022,1625,15600,21,14,1450,1610,1625,1630,Стандартный,18.04.2022
14.04.2022,1625,—,—,—,—,—,—,—,Резервный,15.04.2022
13.04.2022,1625,27900,25,15,1450,1610,1625,1625,Стандартный,14.04.2022
12.04.2022,1631,6300,10,11,1600,1620,1640,1700,Стандартный,13.04.2022
11.04.2022,1628,10600,23,16,1400,1614,1630,1655,Стандартный,12.04.2022
08.04.2022,1924,7800,15,13,1800,1911,1929,1960,Стандартный,11.04.2022
07.04.2022,1925,11050,20,15,1825,1925,1926,1955,Стандартный,08.04.2022
06.04.2022,1924,9100,16,11,1750,1910,1925,1925,Стандартный,07.04.2022
05.04.2022,1905,—,—,—,—,—,—,—,Резервный,06.04.2022
04.04.2022,1908,—,—,—,—,—,—,—,Резервный,05.04.2022
01.04.2022,1925,—,—,—,—,—,—,—,Резервный,04.04.2022
31.03.2022,1925,20700,19,10,1910,1925,1925,1925,Стандартный,01.04.2022
30.03.2022,1940,27360,30,11,1910,1930,1950,1960,Стандартный,31.03.2022
29.03.2022,1930,12460,14,8,1800,1925,1930,1950,Стандартный,30.03.2022
28.03.2022,1949,13760,20,11,1850,1944,1956,2015,Стандартный,29.03.2022
25.03.2022,1953,23060,24,11,1800,1950,1960,2020,Стандартный,28.03.2022
24.03.2022,1952,27560,27,10,1910,1950,1950,1975,Стандартный,25.03.2022
23.03.2022,1950,18560,24,11,1800,1950,1950,2050,Стандартный,24.03.2022
22.03.2022,1950,20550,29,13,1700,1950,1950,2100,Стандартный,23.03.2022
21.03.2022,1967,—,—,—,—,—,—,—,Резервный,22.03.2022
18.03.2022,1983,14960,25,10,1800,1975,2100,2100,Стандартный,21.03.2022
17.03.2022,2000,10410,18,11,1800,2000,2100,2100,Стандартный,18.03.2022
16.03.2022,2002,14750,16,10,1950,2000,2033,2100,Стандартный,17.03.2022
15.03.2022,2034,10550,10,7,2000,2040,2100,2100,Стандартный,16.03.2022
14.03.2022,2041,11150,12,10,2000,2038,2200,2200,Стандартный,15.03.2022
11.03.2022,2052,10550,15,8,2000,2050,2200,2300,Стандартный,14.03.2022
10.03.2022,2121,7560,13,9,2010,2050,2200,2300,Стандартный,11.03.2022
09.03.2022,2039,—,—,—,—,—,—,—,Резервный,10.03.2022
05.03.2022,2044,—,—,—,—,—,—,—,Резервный,09.03.2022
04.03.2022,2059,—,—,—,—,—,—,—,Резервный,05.03.2022
03.03.2022,2029,5700,8,6,2000,2000,2200,2200,Стандартный,04.03.2022
02.03.2022,2101,6750,14,10,2000,2050,2200,2300,Стандартный,03.03.2022
01.03.2022,2051,7500,10,7,2000,2050,2300,2500,Стандартный,02.03.2022
28.02.2022,2000,8960,16,9,1925,2000,2300,2400,Стандартный,01.03.2022
25.02.2022,1000,8235,17,12,900,950,1000,1100,Стандартный,28.02.2022
24.02.2022,965,—,—,—,—,—,—,—,Резервный,25.02.2022
22.02.2022,964,15670,44,23,930,960,980,990,Стандартный,24.02.2022
21.02.2022,950,28610,58,24,925,950,950,960,Стандартный,22.02.2022
18.02.2022,954,22080,49,23,925,950,960,965,Стандартный,21.02.2022
17.02.2022,950,14504,39,22,925,950,950,965,Стандартный,18.02.2022
16.02.2022,950,17615,40,25,920,945,950,965,Стандартный,17.02.2022
15.02.2022,940,18595,47,25,920,930,940,955,Стандартный,16.02.2022
14.02.2022,936,23487,48,26,915,925,940,950,Стандартный,15.02.2022
11.02.2022,897,12680,34,20,860,880,900,910,Стандартный,14.02.2022
10.02.2022,871,14495,37,23,835,855,875,875,Стандартный,11.02.2022
09.02.2022,851,24350,47,27,825,840,855,860,Стандартный,10.02.2022
08.02.2022,825,—,—,—,—,—,—,—,Резервный,09.02.2022
07.02.2022,782,22775,49,24,750,775,790,805,Стандартный,08.02.2022
04.02.2022,801,21105,44,23,770,800,810,815,Стандартный,07.02.2022
03.02.2022,812,19855,48,23,780,800,815,820,Стандартный,04.02.2022
02.02.2022,817,18340,42,23,775,815,820,840,Стандартный,03.02.2022
01.02.2022,813,32540,62,27,785,805,815,855,Стандартный,02.02.2022
31.01.2022,828,25670,48,27,800,823,830,840,Стандартный,01.02.2022
28.01.2022,842,38120,63,28,800,835,840,850,Стандартный,31.01.2022
27.01.2022,847,23010,55,26,820,840,850,860,Стандартный,28.01.2022
26.01.2022,845,25150,57,26,815,835,850,860,Стандартный,27.01.2022
25.01.2022,842,14660,40,24,825,835,850,890,Стандартный,26.01.2022
24.01.2022,833,12949,40,24,810,830,846,850,Стандартный,25.01.2022
21.01.2022,829,11275,36,24,780,819,830,850,Стандартный,24.01.2022
20.01.2022,826,17875,50,26,800,825,830,850,Стандартный,21.01.2022
19.01.2022,825,28182,62,24,810,825,830,850,Стандартный,20.01.2022
18.01.2022,828,19690,42,23,805,825,830,850,Стандартный,19.01.2022
17.01.2022,829,25285,52,25,800,824,830,840,Стандартный,18.01.2022
14.01.2022,820,15765,47,26,800,811,829,855,Стандартный,17.01.2022
13.01.2022,809,14000,37,23,775,800,820,835,Стандартный,14.01.2022
12.01.2022,807,8270,28,17,780,800,828,840,Стандартный,13.01.2022
11.01.2022,806,15175,39,22,770,800,820,850,Стандартный,12.01.2022
10.01.2022,804,26518,42,22,760,780,830,850,Стандартный,11.01.2022
29.12.2021,813,21271,47,24,775,806,820,855,Стандартный,30.12.2021
28.12.2021,829,24843,58,26,775,810,845,885,Стандартный,29.12.2021
27.12.2021,815,19600,44,27,780,810,825,850,Стандартный,28.12.2021
24.12.2021,801,24268,47,23,775,800,810,840,Стандартный,27.12.2021
23.12.2021,777,22935,44,23,740,768,800,815,Стандартный,24.12.2021
22.12.2021,808,26970,56,26,760,800,815,850,Стандартный,23.12.2021
21.12.2021,779,29590,54,23,760,775,800,820,Стандартный,22.12.2021
20.12.2021,807,39965,66,25,770,800,820,826,Стандартный,21.12.2021
17.12.2021,750,38240,71,28,700,740,750,755,Стандартный,20.12.2021
16.12.2021,735,26800,52,26,725,730,745,755,Стандартный,17.12.2021
15.12.2021,736,31710,56,27,710,725,745,755,Стандартный,16.12.2021
14.12.2021,738,37090,61,26,710,730,745,755,Стандартный,15.12.2021
13.12.2021,740,43870,73,26,725,740,748,760,Стандартный,14.12.2021
10.12.2021,745,22530,45,24,725,745,750,760,Стандартный,13.12.2021
09.12.2021,749,19280,41,26,720,740,750,765,Стандартный,10.12.2021
08.12.2021,744,11550,33,24,730,740,760,775,Стандартный,09.12.2021
07.12.2021,724,9475,32,21,675,710,741,750,Стандартный,08.12.2021
06.12.2021,721,13635,40,23,670,700,750,770,Стандартный,07.12.2021
03.12.2021,716,16275,40,25,670,710,725,750,Стандартный,06.12.2021
02.12.2021,693,15605,34,24,665,675,720,730,Стандартный,03.12.2021
01.12.2021,693,8391,35,25,675,681,725,750,Стандартный,02.12.2021
30.11.2021,727,17780,41,23,675,720,740,760,Стандартный,01.12.2021
29.11.2021,736,18924,56,24,700,729,750,770,Стандартный,30.11.2021
26.11.2021,733,12704,43,26,715,726,745,755,Стандартный,29.11.2021
25.11.2021,749,17630,56,28,700,744,750,775,Стандартный,26.11.2021
24.11.2021,727,22330,42,26,700,725,735,745,Стандартный,25.11.2021
23.11.2021,730,11510,26,20,710,725,745,750,Стандартный,24.11.2021
22.11.2021,730,18035,35,25,710,725,740,750,Стандартный,23.11.2021
19.11.2021,739,19430,42,25,700,735,745,760,Стандартный,22.11.2021
18.11.2021,748,16110,41,25,725,740,755,760,Стандартный,19.11.2021
17.11.2021,744,13870,30,20,725,740,755,765,Стандартный,18.11.2021
16.11.2021,737,11850,25,22,705,730,745,760,Стандартный,17.11.2021
15.11.2021,732,8820,27,20,725,730,749,760,Стандартный,16.11.2021
12.11.2021,726,13880,33,22,725,725,745,750,Стандартный,15.11.2021
11.11.2021,732,10344,34,24,720,725,748,750,Стандартный,12.11.2021
10.11.2021,729,13935,38,23,720,725,750,755,Стандартный,11.11.2021
09.11.2021,750,22220,62,26,700,745,750,775,Стандартный,10.11.2021
08.11.2021,740,23330,65,27,665,735,740,770,Стандартный,09.11.2021
03.11.2021,709,14620,50,24,675,700,725,745,Стандартный,08.11.2021
02.11.2021,686,16920,42,20,655,675,700,710,Стандартный,03.11.2021
01.11.2021,711,22110,52,24,660,700,725,735,Стандартный,02.11.2021
29.10.2021,735,25145,54,23,700,730,740,750,Стандартный,01.11.2021
28.10.2021,733,23265,52,24,710,730,736,760,Стандартный,29.10.2021
27.10.2021,728,21931,46,26,700,720,735,750,Стандартный,28.10.2021
26.10.2021,730,18344,41,21,720,725,740,750,Стандартный,27.10.2021
25.10.2021,738,15660,36,22,720,730,745,750,Стандартный,26.10.2021
22.10.2021,700,10705,26,19,700,700,700,715,Стандартный,25.10.2021
21.10.2021,682,7535,21,18,676,680,695,705,Стандартный,22.10.2021
20.10.2021,686,11328,31,19,675,685,695,710,Стандартный,21.10.2021
19.10.2021,685,7790,23,17,680,685,690,700,Стандартный,20.10.2021
18.10.2021,690,12665,33,21,675,680,690,700,Стандартный,19.10.2021
15.10.2021,679,12050,33,19,675,680,685,700,Стандартный,18.10.2021
14.10.2021,678,7940,22,20,650,675,685,690,Стандартный,15.10.2021
13.10.2021,667,20045,42,22,640,665,675,685,Стандартный,14.10.2021
12.10.2021,628,10043,27,22,570,600,650,665,Стандартный,13.10.2021
11.10.2021,654,6140,24,21,635,648,660,685,Стандартный,12.10.2021
08.10.2021,633,8230,31,21,600,625,644,660,Стандартный,11.10.2021
07.10.2021,639,11120,36,23,625,630,650,660,Стандартный,08.10.2021
06.10.2021,641,21195,50,23,610,640,650,660,Стандартный,07.10.2021
05.10.2021,645,24571,51,24,600,635,660,665,Стандартный,06.10.2021
04.10.2021,663,26560,60,22,640,655,665,675,Стандартный,05.10.2021
01.10.2021,664,18865,45,21,635,660,675,680,Стандартный,04.10.2021
30.09.2021,678,6450,24,19,665,675,688,725,Стандартный,01.10.2021
29.09.2021,668,15070,27,18,665,665,680,710,Стандартный,30.09.2021
28.09.2021,675,14050,29,22,665,675,685,700,Стандартный,29.09.2021
27.09.2021,669,16501,46,22,650,665,690,735,Стандартный,28.09.2021
24.09.2021,656,15870,43,24,635,650,660,670,Стандартный,27.09.2021
23.09.2021,651,17711,40,23,630,650,665,670,Стандартный,24.09.2021
22.09.2021,659,21760,51,25,625,655,670,685,Стандартный,23.09.2021
21.09.2021,665,16570,34,22,650,665,675,680,Стандартный,22.09.2021
20.09.2021,675,19160,48,25,650,670,675,700,Стандартный,21.09.2021
17.09.2021,669,17280,44,23,650,665,675,690,Стандартный,20.09.2021
16.09.2021,670,21835,46,24,653,665,675,715,Стандартный,17.09.2021
15.09.2021,665,16010,37,22,650,660,675,715,Стандартный,16.09.2021
14.09.2021,667,25795,57,24,640,660,675,715,Стандартный,15.09.2021
13.09.2021,663,19985,50,23,630,660,670,700,Стандартный,14.09.2021
10.09.2021,669,15856,36,21,645,654,675,700,Стандартный,13.09.2021
09.09.2021,651,14385,37,23,635,650,660,715,Стандартный,10.09.2021
08.09.2021,644,13235,33,20,630,640,660,675,Стандартный,09.09.2021
07.09.2021,634,10310,30,19,575,625,645,675,Стандартный,08.09.2021
06.09.2021,627,12760,41,23,615,625,635,675,Стандартный,07.09.2021
03.09.2021,632,9430,28,21,600,625,640,650,Стандартный,06.09.2021
02.09.2021,605,21920,53,24,575,600,620,640,Стандартный,03.09.2021
01.09.2021,632,15564,43,21,590,610,640,650,Стандартный,02.09.2021
31.08.2021,648,18240,41,22,620,635,650,660,Стандартный,01.09.2021
30.08.2021,651,13875,28,21,615,643,655,660,Стандартный,31.08.2021
27.08.2021,647,10560,30,21,620,635,650,650,Стандартный,30.08.2021
26.08.2021,648,9260,27,19,625,640,650,660,Стандартный,27.08.2021
25.08.2021,651,12775,33,24,615,640,660,660,Стандартный,26.08.2021
24.08.2021,645,18185,47,23,615,640,650,660,Стандартный,25.08.2021
23.08.2021,640,13935,33,20,625,640,650,660,Стандартный,24.08.2021
20.08.2021,646,12445,37,21,625,640,650,675,Стандартный,23.08.2021
19.08.2021,646,19475,44,21,600,640,650,655,Стандартный,20.08.2021
18.08.2021,648,10607,32,20,625,640,650,665,Стандартный,19.08.2021
17.08.2021,670,21665,35,19,630,650,675,675,Стандартный,18.08.2021
16.08.2021,650,6230,18,16,615,650,670,680,Стандартный,17.08.2021
13.08.2021,639,5120,14,15,610,630,645,645,Стандартный,16.08.2021
12.08.2021,632,7825,24,18,600,625,635,645,Стандартный,13.08.2021
11.08.2021,624,8960,23,21,600,618,635,650,Стандартный,12.08.2021
10.08.2021,625,12305,25,17,625,625,625,685,Стандартный,11.08.2021
09.08.2021,622,9490,31,22,600,610,625,630,Стандартный,10.08.2021
06.08.2021,602,14615,37,21,570,590,615,630,Стандартный,09.08.2021
05.08.2021,575,19043,42,25,560,575,585,625,Стандартный,06.08.2021
04.08.2021,586,9860,34,21,565,575,600,625,Стандартный,05.08.2021
03.08.2021,561,5920,21,19,550,550,600,610,Стандартный,04.08.2021
02.08.2021,619,19670,46,20,575,615,630,665,Стандартный,03.08.2021
30.07.2021,676,17310,42,22,650,670,700,725,Стандартный,02.08.2021
29.07.2021,719,19700,42,22,650,700,725,750,Стандартный,30.07.2021
28.07.2021,661,18835,41,23,620,625,700,750,Стандартный,29.07.2021
27.07.2021,624,33449,59,20,570,606,625,650,Стандартный,28.07.2021
26.07.2021,625,18910,41,19,575,615,625,630,Стандартный,27.07.2021
23.07.2021,575,54468,68,21,535,570,575,585,Стандартный,26.07.2021
22.07.2021,570,51110,78,22,535,565,570,580,Стандартный,23.07.2021
21.07.2021,576,37790,70,22,530,570,580,590,Стандартный,22.07.2021
20.07.2021,585,21220,38,21,555,580,585,595,Стандартный,21.07.2021
19.07.2021,578,23795,42,20,560,575,585,625,Стандартный,20.07.2021
16.07.2021,571,20060,38,21,550,565,575,590,Стандартный,19.07.2021
15.07.2021,560,20800,38,21,555,560,560,575,Стандартный,16.07.2021
14.07.2021,560,16550,36,20,520,555,560,565,Стандартный,15.07.2021
13.07.2021,555,5560,15,15,535,555,559,565,Стандартный,14.07.2021
12.07.2021,550,6020,18,18,540,550,550,575,Стандартный,13.07.2021
09.07.2021,548,6560,21,17,545,545,555,575,Стандартный,12.07.2021
08.07.2021,541,6240,19,17,525,540,550,575,Стандартный,09.07.2021
07.07.2021,536,7560,26,19,510,530,545,555,Стандартный,08.07.2021
06.07.2021,527,8710,27,21,500,525,535,555,Стандартный,07.07.2021
05.07.2021,531,9370,30,20,515,530,545,555,Стандартный,06.07.2021
02.07.2021,511,10790,33,21,500,500,530,550,Стандартный,05.07.2021
01.07.2021,506,22788,46,23,475,490,525,550,Стандартный,02.07.2021
30.06.2021,528,6540,23,19,500,518,545,575,Стандартный,01.07.2021
29.06.2021,542,16239,37,21,510,540,550,560,Стандартный,30.06.2021
28.06.2021,546,26910,37,21,525,540,550,550,Стандартный,29.06.2021
25.06.2021,543,22505,36,16,520,525,541,555,Стандартный,28.06.2021
24.06.2021,510,23297,42,22,490,505,510,540,Стандартный,25.06.2021
23.06.2021,509,20455,44,24,500,505,515,535,Стандартный,24.06.2021
22.06.2021,518,16630,43,26,500,510,525,540,Стандартный,23.06.2021
21.06.2021,517,16380,37,24,495,515,530,545,Стандартный,22.06.2021
18.06.2021,534,18810,36,21,510,525,535,550,Стандартный,21.06.2021
17.06.2021,535,14955,33,20,505,535,545,555,Стандартный,18.06.2021
16.06.2021,536,17995,36,21,500,535,540,550,Стандартный,17.06.2021
15.06.2021,536,20022,38,20,500,535,540,560,Стандартный,16.06.2021
11.06.2021,520,10880,22,15,500,520,520,525,Стандартный,15.06.2021
10.06.2021,504,12425,31,18,485,500,510,525,Стандартный,11.06.2021
09.06.2021,500,17705,39,22,480,500,500,515,Стандартный,10.06.2021
08.06.2021,473,7540,31,22,450,461,484,650,Стандартный,09.06.2021
07.06.2021,438,14035,45,22,405,425,460,475,Стандартный,08.06.2021
04.06.2021,475,5650,26,20,425,470,480,495,Стандартный,07.06.2021
03.06.2021,474,8400,29,21,450,465,480,485,Стандартный,04.06.2021
02.06.2021,480,5890,23,19,460,475,485,495,Стандартный,03.06.2021
01.06.2021,477,8205,26,23,450,470,485,490,Стандартный,02.06.2021
31.05.2021,485,11880,34,23,440,480,495,510,Стандартный,01.06.2021
28.05.2021,497,12105,31,22,485,490,500,505,Стандартный,31.05.2021
27.05.2021,493,14120,34,20,470,490,500,505,Стандартный,28.05.2021
26.05.2021,490,15510,42,23,475,490,495,510,Стандартный,27.05.2021
25.05.2021,489,16035,45,24,455,480,490,500,Стандартный,26.05.2021
24.05.2021,477,15140,40,24,450,475,485,495,Стандартный,25.05.2021
21.05.2021,482,19360,46,24,470,480,490,495,Стандартный,24.05.2021
20.05.2021,481,23320,52,26,475,480,495,500,Стандартный,21.05.2021
19.05.2021,491,15070,39,21,470,490,499,500,Стандартный,20.05.2021
18.05.2021,497,—,—,—,—,—,—,—,Резервный,19.05.2021
17.05.2021,497,—,—,—,—,—,—,—,Резервный,18.05.2021
14.05.2021,497,—,—,—,—,—,—,—,Резервный,17.05.2021
13.05.2021,484,10790,34,22,465,480,490,500,Стандартный,14.05.2021
12.05.2021,475,7535,30,21,450,465,490,500,Стандартный,13.05.2021
11.05.2021,427,9595,33,20,390,425,450,480,Стандартный,12.05.2021
07.05.2021,423,5535,23,17,405,416,425,440,Стандартный,11.05.2021
06.05.2021,430,5785,24,18,400,410,446,460,Стандартный,07.05.2021
05.05.2021,453,11330,33,22,425,440,465,475,Стандартный,06.05.2021
04.05.2021,471,21009,42,27,420,460,475,490,Стандартный,05.05.2021
30.04.2021,484,15360,34,22,445,475,495,510,Стандартный,04.05.2021
29.04.2021,488,8800,30,25,480,480,495,510,Стандартный,30.04.2021
28.04.2021,485,16560,44,24,475,480,490,525,Стандартный,29.04.2021
27.04.2021,460,26170,48,22,450,450,476,490,Стандартный,28.04.2021
26.04.2021,481,32510,54,23,440,475,485,495,Стандартный,27.04.2021
23.04.2021,440,24800,41,21,425,440,445,460,Стандартный,26.04.2021
22.04.2021,436,14840,34,20,425,435,440,450,Стандартный,23.04.2021
21.04.2021,435,16690,37,21,425,435,440,450,Стандартный,22.04.2021
20.04.2021,437,11210,32,22,400,430,440,455,Стандартный,21.04.2021
19.04.2021,427,11110,30,23,400,425,450,460,Стандартный,20.04.2021
16.04.2021,445,23640,41,22,435,445,450,460,Стандартный,19.04.2021
15.04.2021,447,20540,43,21,425,445,455,465,Стандартный,16.04.2021
14.04.2021,446,22700,45,24,420,445,450,460,Стандартный,15.04.2021
13.04.2021,452,7610,21,19,425,450,460,465,Стандартный,14.04.2021
12.04.2021,446,4180,18,18,420,440,460,465,Стандартный,13.04.2021
09.04.2021,443,6230,25,19,440,440,450,470,Стандартный,12.04.2021
08.04.2021,445,6705,23,19,415,440,450,460,Стандартный,09.04.2021
07.04.2021,437,6145,22,18,425,435,440,450,Стандартный,08.04.2021
06.04.2021,412,5115,24,21,375,400,430,445,Стандартный,07.04.2021
05.04.2021,425,16255,37,25,375,410,435,450,Стандартный,06.04.2021
02.04.2021,438,14110,44,23,415,434,445,450,Стандартный,05.04.2021
01.04.2021,445,8065,33,20,420,440,450,475,Стандартный,02.04.2021
31.03.2021,445,9155,29,18,430,440,450,455,Стандартный,01.04.2021
30.03.2021,448,12335,31,21,425,440,450,460,Стандартный,31.03.2021
29.03.2021,445,8945,27,21,430,440,455,460,Стандартный,30.03.2021
26.03.2021,431,11850,33,20,415,425,440,465,Стандартный,29.03.2021
25.03.2021,441,8985,33,23,420,435,450,484,Стандартный,26.03.2021
24.03.2021,428,11572,39,22,405,420,434,440,Стандартный,25.03.2021
23.03.2021,422,10660,30,23,420,420,432,440,Стандартный,24.03.2021
22.03.2021,424,15075,40,20,420,420,430,440,Стандартный,23.03.2021
19.03.2021,414,12650,34,21,405,410,420,440,Стандартный,22.03.2021
18.03.2021,411,11740,35,20,395,410,415,420,Стандартный,19.03.2021
17.03.2021,412,9745,35,22,380,403,415,420,Стандартный,18.03.2021
16.03.2021,413,7555,23,20,380,405,420,425,Стандартный,17.03.2021
15.03.2021,413,7185,27,19,400,410,420,430,Стандартный,16.03.2021
12.03.2021,414,6795,20,16,400,410,415,425,Стандартный,15.03.2021
11.03.2021,411,4265,19,16,400,410,415,425,Стандартный,12.03.2021
10.03.2021,409,6345,22,23,385,405,410,420,Стандартный,11.03.2021
09.03.2021,435,9220,30,22,390,405,450,465,Стандартный,10.03.2021
05.03.2021,404,12310,34,23,330,385,410,415,Стандартный,09.03.2021
04.03.2021,407,10495,34,20,385,400,410,415,Стандартный,05.03.2021
03.03.2021,406,14605,41,25,390,400,410,425,Стандартный,04.03.2021
02.03.2021,401,16140,38,22,375,400,405,420,Стандартный,03.03.2021
01.03.2021,406,10645,31,20,400,400,410,420,Стандартный,02.03.2021
26.02.2021,418,13725,30,22,400,415,425,440,Стандартный,01.03.2021
25.02.2021,416,13515,39,22,390,410,420,430,Стандартный,26.02.2021
24.02.2021,406,13723,41,25,365,395,415,425,Стандартный,25.02.2021
20.02.2021,406,10445,44,23,390,400,410,420,Стандартный,24.02.2021
19.02.2021,402,7525,28,20,390,400,410,415,Стандартный,20.02.2021
18.02.2021,405,6110,23,18,400,401,410,415,Стандартный,19.02.2021
17.02.2021,400,7203,26,18,380,400,405,420,Стандартный,18.02.2021
16.02.2021,391,15320,41,24,365,380,400,410,Стандартный,17.02.2021
15.02.2021,394,13450,35,22,350,390,400,415,Стандартный,16.02.2021
12.02.2021,400,9245,34,22,380,390,410,415,Стандартный,15.02.2021
11.02.2021,402,9085,28,22,375,400,410,420,Стандартный,12.02.2021
10.02.2021,409,5820,23,20,370,405,415,425,Стандартный,11.02.2021
09.02.2021,416,8340,26,22,375,400,450,470,Стандартный,10.02.2021
08.02.2021,328,4960,16,16,320,324,364,395,Стандартный,09.02.2021
05.02.2021,373,11315,24,17,340,359,393,405,Стандартный,08.02.2021
04.02.2021,400,6850,19,15,400,400,410,420,Стандартный,05.02.2021
03.02.2021,400,8565,23,18,380,400,410,420,Стандартный,04.02.2021
02.02.2021,410,13875,36,23,370,400,420,430,Стандартный,03.02.2021
01.02.2021,423,16190,40,25,390,419,425,435,Стандартный,02.02.2021
29.01.2021,443,16785,35,21,415,425,450,475,Стандартный,01.02.2021
28.01.2021,427,11443,28,23,400,425,426,435,Стандартный,29.01.2021
27.01.2021,425,15540,38,25,390,425,425,435,Стандартный,28.01.2021
26.01.2021,435,20090,38,26,390,425,440,440,Стандартный,27.01.2021
25.01.2021,427,16515,35,23,390,425,430,440,Стандартный,26.01.2021
22.01.2021,427,19495,46,23,390,425,435,440,Стандартный,25.01.2021
21.01.2021,435,17040,34,21,410,425,440,440,Стандартный,22.01.2021
20.01.2021,431,16100,35,23,400,425,430,445,Стандартный,21.01.2021
19.01.2021,430,9490,26,22,405,425,435,440,Стандартный,20.01.2021
18.01.2021,430,19630,38,20,420,425,435,435,Стандартный,19.01.2021
15.01.2021,425,11825,30,21,415,425,430,440,Стандартный,18.01.2021
14.01.2021,424,15340,34,22,415,420,425,440,Стандартный,15.01.2021
13.01.2021,423,14645,41,25,380,420,425,430,Стандартный,14.01.2021
12.01.2021,418,32050,73,25,400,415,420,500,Стандартный,13.01.2021
11.01.2021,427,31380,59,23,410,425,430,435,Стандартный,12.01.2021
30.12.2020,427,7480,22,16,410,420,440,550,Стандартный,31.12.2020
29.12.2020,420,31705,53,23,385,420,420,430,Стандартный,30.12.2020
28.12.2020,424,39705,61,25,385,420,425,435,Стандартный,29.12.2020
25.12.2020,419,29820,56,26,375,415,420,435,Стандартный,28.12.2020
24.12.2020,420,37610,60,26,385,415,421,425,Стандартный,25.12.2020
23.12.2020,420,27425,49,24,385,420,425,430,Стандартный,24.12.2020
22.12.2020,428,11020,32,19,410,420,430,435,Стандартный,23.12.2020
21.12.2020,427,11845,—,—,—,—,—,—,—,22.12.2020
18.12.2020,427,13540,—,—,—,—,—,—,—,21.12.2020
17.12.2020,431,13360,—,—,—,—,—,—,—,18.12.2020
16.12.2020,432,17550,—,—,—,—,—,—,—,17.12.2020
15.12.2020,425,7800,—,—,—,—,—,—,—,16.12.2020
14.12.2020,417,6160,—,—,—,—,—,—,—,15.12.2020
11.12.2020,419,9775,—,—,—,—,—,—,—,14.12.2020
10.12.2020,411,6055,—,—,—,—,—,—,—,11.12.2020
09.12.2020,405,6700,—,—,—,—,—,—,—,10.12.2020
08.12.2020,358,9250,—,—,—,—,—,—,—,09.12.2020
07.12.2020,364,11255,—,—,—,—,—,—,—,08.12.2020
04.12.2020,401,11397,—,—,—,—,—,—,—,07.12.2020
03.12.2020,402,8765,—,—,—,—,—,—,—,04.12.2020
02.12.2020,402,9028,—,—,—,—,—,—,—,03.12.2020
01.12.2020,406,9298,—,—,—,—,—,—,—,02.12.2020
30.11.2020,407,12915,—,—,—,—,—,—,—,01.12.2020
27.11.2020,403,13570,—,—,—,—,—,—,—,30.11.2020
26.11.2020,407,11255,—,—,—,—,—,—,—,27.11.2020
25.11.2020,406,13125,—,—,—,—,—,—,—,26.11.2020
24.11.2020,401,11665,—,—,—,—,—,—,—,25.11.2020
23.11.2020,402,11575,—,—,—,—,—,—,—,24.11.2020
20.11.2020,408,6430,—,—,—,—,—,—,—,23.11.2020
19.11.2020,410,9330,—,—,—,—,—,—,—,20.11.2020
18.11.2020,410,8340,—,—,—,—,—,—,—,19.11.2020
17.11.2020,418,10810,—,—,—,—,—,—,—,18.11.2020
16.11.2020,415,10190,—,—,—,—,—,—,—,17.11.2020
13.11.2020,420,9975,—,—,—,—,—,—,—,16.11.2020
12.11.2020,417,9271,—,—,—,—,—,—,—,13.11.2020
11.11.2020,414,10425,—,—,—,—,—,—,—,12.11.2020
10.11.2020,379,11780,—,—,—,—,—,—,—,11.11.2020
09.11.2020,378,10450,—,—,—,—,—,—,—,10.11.2020
06.11.2020,408,12435,—,—,—,—,—,—,—,09.11.2020
05.11.2020,414,12110,—,—,—,—,—,—,—,06.11.2020
03.11.2020,409,21110,—,—,—,—,—,—,—,05.11.2020
02.11.2020,415,14820,—,—,—,—,—,—,—,03.11.2020
30.10.2020,426,8370,—,—,—,—,—,—,—,02.11.2020
29.10.2020,426,9735,—,—,—,—,—,—,—,30.10.2020
28.10.2020,426,10635,—,—,—,—,—,—,—,29.10.2020
27.10.2020,423,13430,—,—,—,—,—,—,—,28.10.2020
26.10.2020,424,14135,—,—,—,—,—,—,—,27.10.2020
23.10.2020,423,16520,—,—,—,—,—,—,—,26.10.2020
22.10.2020,423,18900,—,—,—,—,—,—,—,23.10.2020
21.10.2020,424,17980,—,—,—,—,—,—,—,22.10.2020
20.10.2020,424,8310,—,—,—,—,—,—,—,21.10.2020
19.10.2020,422,7750,—,—,—,—,—,—,—,20.10.2020
16.10.2020,427,5795,—,—,—,—,—,—,—,19.10.2020
15.10.2020,424,10105,—,—,—,—,—,—,—,16.10.2020
14.10.2020,422,13220,—,—,—,—,—,—,—,15.10.2020
13.10.2020,424,18070,—,—,—,—,—,—,—,14.10.2020
12.10.2020,425,14360,—,—,—,—,—,—,—,13.10.2020
09.10.2020,424,15510,—,—,—,—,—,—,—,12.10.2020
08.10.2020,420,11775,—,—,—,—,—,—,—,09.10.2020
07.10.2020,420,16840,—,—,—,—,—,—,—,08.10.2020
06.10.2020,400,8190,—,—,—,—,—,—,—,07.10.2020
05.10.2020,404,9195,—,—,—,—,—,—,—,06.10.2020
02.10.2020,390,18275,—,—,—,—,—,—,—,05.10.2020
01.10.2020,408,13210,—,—,—,—,—,—,—,02.10.2020
30.09.2020,419,8350,—,—,—,—,—,—,—,01.10.2020
29.09.2020,419,13080,—,—,—,—,—,—,—,30.09.2020
28.09.2020,421,8610,—,—,—,—,—,—,—,29.09.2020
25.09.2020,423,10540,—,—,—,—,—,—,—,28.09.2020
24.09.2020,414,17048,—,—,—,—,—,—,—,25.09.2020
23.09.2020,420,20468,—,—,—,—,—,—,—,24.09.2020
22.09.2020,419,12295,—,—,—,—,—,—,—,23.09.2020
21.09.2020,416,8145,—,—,—,—,—,—,—,22.09.2020
18.09.2020,420,6600,—,—,—,—,—,—,—,21.09.2020
17.09.2020,424,9090,—,—,—,—,—,—,—,18.09.2020
16.09.2020,420,6960,—,—,—,—,—,—,—,17.09.2020
15.09.2020,418,8740,—,—,—,—,—,—,—,16.09.2020
14.09.2020,412,5865,—,—,—,—,—,—,—,15.09.2020
11.09.2020,410,9803,—,—,—,—,—,—,—,14.09.2020
10.09.2020,411,10670,—,—,—,—,—,—,—,11.09.2020
09.09.2020,412,9855,—,—,—,—,—,—,—,10.09.2020
08.09.2020,438,8160,—,—,—,—,—,—,—,09.09.2020
07.09.2020,400,13655,—,—,—,—,—,—,—,08.09.2020
04.09.2020,413,15140,—,—,—,—,—,—,—,07.09.2020
03.09.2020,415,8803,—,—,—,—,—,—,—,04.09.2020
02.09.2020,412,9750,—,—,—,—,—,—,—,03.09.2020
01.09.2020,410,10575,—,—,—,—,—,—,—,02.09.2020
31.08.2020,410,11820,—,—,—,—,—,—,—,01.09.2020
28.08.2020,418,9110,—,—,—,—,—,—,—,31.08.2020
27.08.2020,415,10450,—,—,—,—,—,—,—,28.08.2020
26.08.2020,417,10140,—,—,—,—,—,—,—,27.08.2020
25.08.2020,416,9135,—,—,—,—,—,—,—,26.08.2020
24.08.2020,406,10790,—,—,—,—,—,—,—,25.08.2020
21.08.2020,410,12859,—,—,—,—,—,—,—,24.08.2020
20.08.2020,412,16942,—,—,—,—,—,—,—,21.08.2020
19.08.2020,410,12785,—,—,—,—,—,—,—,20.08.2020
18.08.2020,412,12055,—,—,—,—,—,—,—,19.08.2020
17.08.2020,411,11395,—,—,—,—,—,—,—,18.08.2020
14.08.2020,411,8115,—,—,—,—,—,—,—,17.08.2020
13.08.2020,408,9080,—,—,—,—,—,—,—,14.08.2020
12.08.2020,409,14860,—,—,—,—,—,—,—,13.08.2020
11.08.2020,418,13355,—,—,—,—,—,—,—,12.08.2020
10.08.2020,418,15742,—,—,—,—,—,—,—,11.08.2020
07.08.2020,417,17533,—,—,—,—,—,—,—,10.08.2020
06.08.2020,413,13604,—,—,—,—,—,—,—,07.08.2020
05.08.2020,410,17145,—,—,—,—,—,—,—,06.08.2020
04.08.2020,403,15295,—,—,—,—,—,—,—,05.08.2020
03.08.2020,392,27780,—,—,—,—,—,—,—,04.08.2020
31.07.2020,426,20000,—,—,—,—,—,—,—,03.08.2020
30.07.2020,424,19065,—,—,—,—,—,—,—,31.07.2020
29.07.2020,415,19925,—,—,—,—,—,—,—,30.07.2020
28.07.2020,411,14470,—,—,—,—,—,—,—,29.07.2020
27.07.2020,403,10140,—,—,—,—,—,—,—,28.07.2020
24.07.2020,396,16290,—,—,—,—,—,—,—,27.07.2020
23.07.2020,403,18590,—,—,—,—,—,—,—,24.07.2020
22.07.2020,411,17730,—,—,—,—,—,—,—,23.07.2020
21.07.2020,412,20290,—,—,—,—,—,—,—,22.07.2020
20.07.2020,412,18595,—,—,—,—,—,—,—,21.07.2020
17.07.2020,414,15030,—,—,—,—,—,—,—,20.07.2020
16.07.2020,413,17550,—,—,—,—,—,—,—,17.07.2020
15.07.2020,425,13860,—,—,—,—,—,—,—,16.07.2020
14.07.2020,432,11345,—,—,—,—,—,—,—,15.07.2020
13.07.2020,435,12575,—,—,—,—,—,—,—,14.07.2020
10.07.2020,434,11355,—,—,—,—,—,—,—,13.07.2020
09.07.2020,428,12075,—,—,—,—,—,—,—,10.07.2020
08.07.2020,430,13505,—,—,—,—,—,—,—,09.07.2020
07.07.2020,425,13385,—,—,—,—,—,—,—,08.07.2020
06.07.2020,411,11830,—,—,—,—,—,—,—,07.07.2020
03.07.2020,405,13530,—,—,—,—,—,—,—,06.07.2020
02.07.2020,422,18055,—,—,—,—,—,—,—,03.07.2020
30.06.2020,438,6700,—,—,—,—,—,—,—,02.07.2020
29.06.2020,451,10070,—,—,—,—,—,—,—,30.06.2020
26.06.2020,451,9235,—,—,—,—,—,—,—,29.06.2020
25.06.2020,452,16140,—,—,—,—,—,—,—,26.06.2020
23.06.2020,442,19365,—,—,—,—,—,—,—,25.06.2020
22.06.2020,439,30445,—,—,—,—,—,—,—,23.06.2020
19.06.2020,469,15940,—,—,—,—,—,—,—,22.06.2020
18.06.2020,475,25150,—,—,—,—,—,—,—,19.06.2020
17.06.2020,483,20145,—,—,—,—,—,—,—,18.06.2020
16.06.2020,503,25098,—,—,—,—,—,—,—,17.06.2020
15.06.2020,506,16065,—,—,—,—,—,—,—,16.06.2020
11.06.2020,512,20830,—,—,—,—,—,—,—,15.06.2020
10.06.2020,514,18270,—,—,—,—,—,—,—,11.06.2020
09.06.2020,527,13470,—,—,—,—,—,—,—,10.06.2020
08.06.2020,509,12050,—,—,—,—,—,—,—,09.06.2020
05.06.2020,532,12875,—,—,—,—,—,—,—,08.06.2020
04.06.2020,537,12685,—,—,—,—,—,—,—,05.06.2020
03.06.2020,533,12993,—,—,—,—,—,—,—,04.06.2020
02.06.2020,534,12070,—,—,—,—,—,—,—,03.06.2020
01.06.2020,542,12930,—,—,—,—,—,—,—,02.06.2020
29.05.2020,547,13105,—,—,—,—,—,—,—,01.06.2020
28.05.2020,552,17194,—,—,—,—,—,—,—,29.05.2020
27.05.2020,550,18239,—,—,—,—,—,—,—,28.05.2020
26.05.2020,546,17160,—,—,—,—,—,—,—,27.05.2020
25.05.2020,541,11770,—,—,—,—,—,—,—,26.05.2020
22.05.2020,534,12240,—,—,—,—,—,—,—,25.05.2020
21.05.2020,532,11345,—,—,—,—,—,—,—,22.05.2020
20.05.2020,536,9555,—,—,—,—,—,—,—,21.05.2020
19.05.2020,530,20765,—,—,—,—,—,—,—,20.05.2020
18.05.2020,528,16640,—,—,—,—,—,—,—,19.05.2020
15.05.2020,527,23170,—,—,—,—,—,—,—,18.05.2020
14.05.2020,537,16810,—,—,—,—,—,—,—,15.05.2020
13.05.2020,551,16630,—,—,—,—,—,—,—,14.05.2020
12.05.2020,545,14625,—,—,—,—,—,—,—,13.05.2020
08.05.2020,519,11400,—,—,—,—,—,—,—,12.05.2020
07.05.2020,534,11220,—,—,—,—,—,—,—,08.05.2020
06.05.2020,535,13830,—,—,—,—,—,—,—,07.05.2020
30.04.2020,576,7260,—,—,—,—,—,—,—,06.05.2020
29.04.2020,589,10745,—,—,—,—,—,—,—,30.04.2020
28.04.2020,571,6560,—,—,—,—,—,—,—,29.04.2020
27.04.2020,558,8950,—,—,—,—,—,—,—,28.04.2020
24.04.2020,585,13145,—,—,—,—,—,—,—,27.04.2020
23.04.2020,616,12930,—,—,—,—,—,—,—,24.04.2020
22.04.2020,616,14380,—,—,—,—,—,—,—,23.04.2020
21.04.2020,615,5940,—,—,—,—,—,—,—,22.04.2020
20.04.2020,611,7385,—,—,—,—,—,—,—,21.04.2020
17.04.2020,612,13655,—,—,—,—,—,—,—,20.04.2020
16.04.2020,601,6725,—,—,—,—,—,—,—,17.04.2020
15.04.2020,596,9735,—,—,—,—,—,—,—,16.04.2020
14.04.2020,591,12640,—,—,—,—,—,—,—,15.04.2020
13.04.2020,583,14780,—,—,—,—,—,—,—,14.04.2020
10.04.2020,596,15910,—,—,—,—,—,—,—,13.04.2020
09.04.2020,589,18230,—,—,—,—,—,—,—,10.04.2020
08.04.2020,576,19125,—,—,—,—,—,—,—,09.04.2020
07.04.2020,574,15800,—,—,—,—,—,—,—,08.04.2020
06.04.2020,589,16420,—,—,—,—,—,—,—,07.04.2020
27.03.2020,624,7690,—,—,—,—,—,—,—,06.04.2020
26.03.2020,591,14260,—,—,—,—,—,—,—,27.03.2020
25.03.2020,584,14785,—,—,—,—,—,—,—,26.03.2020
24.03.2020,588,9145,—,—,—,—,—,—,—,25.03.2020
23.03.2020,580,11800,—,—,—,—,—,—,—,24.03.2020
20.03.2020,590,14850,—,—,—,—,—,—,—,23.03.2020
19.03.2020,572,10875,—,—,—,—,—,—,—,20.03.2020
18.03.2020,542,14055,—,—,—,—,—,—,—,19.03.2020
17.03.2020,530,17450,—,—,—,—,—,—,—,18.03.2020
16.03.2020,532,20790,—,—,—,—,—,—,—,17.03.2020
13.03.2020,530,11820,—,—,—,—,—,—,—,16.03.2020
12.03.2020,563,18540,—,—,—,—,—,—,—,13.03.2020
11.03.2020,556,12920,—,—,—,—,—,—,—,12.03.2020
10.03.2020,587,14270,—,—,—,—,—,—,—,11.03.2020
06.03.2020,595,13979,—,—,—,—,—,—,—,10.03.2020
05.03.2020,587,11800,—,—,—,—,—,—,—,06.03.2020
04.03.2020,590,14115,—,—,—,—,—,—,—,05.03.2020
03.03.2020,595,16315,—,—,—,—,—,—,—,04.03.2020
02.03.2020,596,9645,—,—,—,—,—,—,—,03.03.2020
28.02.2020,632,16105,—,—,—,—,—,—,—,02.03.2020
27.02.2020,595,7485,—,—,—,—,—,—,—,28.02.2020
26.02.2020,597,12560,—,—,—,—,—,—,—,27.02.2020
25.02.2020,597,11115,—,—,—,—,—,—,—,26.02.2020
21.02.2020,582,11545,—,—,—,—,—,—,—,25.02.2020
20.02.2020,581,15385,—,—,—,—,—,—,—,21.02.2020
19.02.2020,584,9045,—,—,—,—,—,—,—,20.02.2020
18.02.2020,580,4310,—,—,—,—,—,—,—,19.02.2020
17.02.2020,580,6050,—,—,—,—,—,—,—,18.02.2020
14.02.2020,579,5907,—,—,—,—,—,—,—,17.02.2020
13.02.2020,583,8248,—,—,—,—,—,—,—,14.02.2020
12.02.2020,582,7955,—,—,—,—,—,—,—,13.02.2020
11.02.2020,587,7970,—,—,—,—,—,—,—,12.02.2020
10.02.2020,596,8665,—,—,—,—,—,—,—,11.02.2020
07.02.2020,604,7955,—,—,—,—,—,—,—,10.02.2020
06.02.2020,601,6890,—,—,—,—,—,—,—,07.02.2020
05.02.2020,601,9675,—,—,—,—,—,—,—,06.02.2020
04.02.2020,593,12430,—,—,—,—,—,—,—,05.02.2020
03.02.2020,601,13189,—,—,—,—,—,—,—,04.02.2020
31.01.2020,605,7790,—,—,—,—,—,—,—,03.02.2020
30.01.2020,614,15795,—,—,—,—,—,—,—,31.01.2020
29.01.2020,618,13467,—,—,—,—,—,—,—,30.01.2020
28.01.2020,615,9230,—,—,—,—,—,—,—,29.01.2020
27.01.2020,619,8065,—,—,—,—,—,—,—,28.01.2020
24.01.2020,595,12114,—,—,—,—,—,—,—,27.01.2020
23.01.2020,599,8385,—,—,—,—,—,—,—,24.01.2020
22.01.2020,600,8594,—,—,—,—,—,—,—,23.01.2020
21.01.2020,594,11218,—,—,—,—,—,—,—,22.01.2020
20.01.2020,591,9165,—,—,—,—,—,—,—,21.01.2020
17.01.2020,593,4130,—,—,—,—,—,—,—,20.01.2020
16.01.2020,595,7050,—,—,—,—,—,—,—,17.01.2020
15.01.2020,607,11350,—,—,—,—,—,—,—,16.01.2020
14.01.2020,587,6920,—,—,—,—,—,—,—,15.01.2020
13.01.2020,602,3080,—,—,—,—,—,—,—,14.01.2020
10.01.2020,615,10730,—,—,—,—,—,—,—,13.01.2020
09.01.2020,617,10270,—,—,—,—,—,—,—,10.01.2020
30.12.2019,623,2445,—,—,—,—,—,—,—,31.12.2019
27.12.2019,623,10660,—,—,—,—,—,—,—,30.12.2019
26.12.2019,618,7680,—,—,—,—,—,—,—,27.12.2019
25.12.2019,622,14094,—,—,—,—,—,—,—,26.12.2019
24.12.2019,607,9070,—,—,—,—,—,—,—,25.12.2019
23.12.2019,602,10735,—,—,—,—,—,—,—,24.12.2019
20.12.2019,604,13945,—,—,—,—,—,—,—,23.12.2019
19.12.2019,594,10200,—,—,—,—,—,—,—,20.12.2019
18.12.2019,589,12065,—,—,—,—,—,—,—,19.12.2019
17.12.2019,585,12438,—,—,—,—,—,—,—,18.12.2019
16.12.2019,590,13020,—,—,—,—,—,—,—,17.12.2019
13.12.2019,598,12815,—,—,—,—,—,—,—,16.12.2019
12.12.2019,604,10030,—,—,—,—,—,—,—,13.12.2019
11.12.2019,622,15470,—,—,—,—,—,—,—,12.12.2019
10.12.2019,612,5850,—,—,—,—,—,—,—,11.12.2019
09.12.2019,620,7270,—,—,—,—,—,—,—,10.12.2019
06.12.2019,624,10430,—,—,—,—,—,—,—,09.12.2019
05.12.2019,639,7890,—,—,—,—,—,—,—,06.12.2019
04.12.2019,646,9410,—,—,—,—,—,—,—,05.12.2019
03.12.2019,648,7450,—,—,—,—,—,—,—,04.12.2019
02.12.2019,660,6570,—,—,—,—,—,—,—,03.12.2019
29.11.2019,660,7380,—,—,—,—,—,—,—,02.12.2019
28.11.2019,649,7360,—,—,—,—,—,—,—,29.11.2019
27.11.2019,646,5205,—,—,—,—,—,—,—,28.11.2019
26.11.2019,651,8730,—,—,—,—,—,—,—,27.11.2019
25.11.2019,656,10260,—,—,—,—,—,—,—,26.11.2019
22.11.2019,649,8140,—,—,—,—,—,—,—,25.11.2019
21.11.2019,645,5020,—,—,—,—,—,—,—,22.11.2019
20.11.2019,649,6640,—,—,—,—,—,—,—,21.11.2019
19.11.2019,650,3415,—,—,—,—,—,—,—,20.11.2019
18.11.2019,643,6080,—,—,—,—,—,—,—,19.11.2019
15.11.2019,641,4856,—,—,—,—,—,—,—,18.11.2019
14.11.2019,639,6590,—,—,—,—,—,—,—,15.11.2019
13.11.2019,638,6715,—,—,—,—,—,—,—,14.11.2019
12.11.2019,643,4915,—,—,—,—,—,—,—,13.11.2019
11.11.2019,637,2815,—,—,—,—,—,—,—,12.11.2019
08.11.2019,640,4240,—,—,—,—,—,—,—,11.11.2019
07.11.2019,642,3190,—,—,—,—,—,—,—,08.11.2019
06.11.2019,653,6900,—,—,—,—,—,—,—,07.11.2019
05.11.2019,627,6720,—,—,—,—,—,—,—,06.11.2019
01.11.2019,635,11460,—,—,—,—,—,—,—,05.11.2019
31.10.2019,660,7670,—,—,—,—,—,—,—,01.11.2019
30.10.2019,656,6570,—,—,—,—,—,—,—,31.10.2019
29.10.2019,676,7955,—,—,—,—,—,—,—,30.10.2019
28.10.2019,671,4350,—,—,—,—,—,—,—,29.10.2019
25.10.2019,675,15430,—,—,—,—,—,—,—,28.10.2019
24.10.2019,663,7880,—,—,—,—,—,—,—,25.10.2019
23.10.2019,662,6860,—,—,—,—,—,—,—,24.10.2019
22.10.2019,661,11050,—,—,—,—,—,—,—,23.10.2019
21.10.2019,677,7110,—,—,—,—,—,—,—,22.10.2019
18.10.2019,677,7700,—,—,—,—,—,—,—,21.10.2019
17.10.2019,679,8230,—,—,—,—,—,—,—,18.10.2019
16.10.2019,681,7600,—,—,—,—,—,—,—,17.10.2019
15.10.2019,683,6205,—,—,—,—,—,—,—,16.10.2019
14.10.2019,675,2585,—,—,—,—,—,—,—,15.10.2019
11.10.2019,680,6080,—,—,—,—,—,—,—,14.10.2019
10.10.2019,678,6160,—,—,—,—,—,—,—,11.10.2019
09.10.2019,686,4110,—,—,—,—,—,—,—,10.10.2019
08.10.2019,682,4480,—,—,—,—,—,—,—,09.10.2019
07.10.2019,716,830,—,—,—,—,—,—,—,08.10.2019
04.10.2019,682,5545,—,—,—,—,—,—,—,07.10.2019
03.10.2019,679,4330,—,—,—,—,—,—,—,04.10.2019
02.10.2019,681,5580,—,—,—,—,—,—,—,03.10.2019
01.10.2019,685,7200,—,—,—,—,—,—,—,02.10.2019
30.09.2019,689,6812,—,—,—,—,—,—,—,01.10.2019
27.09.2019,680,9565,—,—,—,—,—,—,—,30.09.2019
26.09.2019,679,3540,—,—,—,—,—,—,—,27.09.2019
25.09.2019,697,5910,—,—,—,—,—,—,—,26.09.2019
24.09.2019,663,7655,—,—,—,—,—,—,—,25.09.2019
23.09.2019,669,8120,—,—,—,—,—,—,—,24.09.2019
20.09.2019,669,6050,—,—,—,—,—,—,—,23.09.2019
19.09.2019,688,6190,—,—,—,—,—,—,—,20.09.2019
18.09.2019,674,3945,—,—,—,—,—,—,—,19.09.2019
17.09.2019,679,8165,—,—,—,—,—,—,—,18.09.2019
16.09.2019,673,5490,—,—,—,—,—,—,—,17.09.2019
13.09.2019,674,7785,—,—,—,—,—,—,—,16.09.2019
12.09.2019,684,3865,—,—,—,—,—,—,—,13.09.2019
11.09.2019,678,4585,—,—,—,—,—,—,—,12.09.2019
10.09.2019,671,5005,—,—,—,—,—,—,—,11.09.2019
09.09.2019,675,4305,—,—,—,—,—,—,—,10.09.2019
06.09.2019,691,4775,—,—,—,—,—,—,—,09.09.2019
05.09.2019,683,5855,—,—,—,—,—,—,—,06.09.2019
04.09.2019,699,8350,—,—,—,—,—,—,—,05.09.2019
03.09.2019,713,5330,—,—,—,—,—,—,—,04.09.2019
02.09.2019,710,6560,—,—,—,—,—,—,—,03.09.2019
30.08.2019,713,6295,—,—,—,—,—,—,—,02.09.2019
29.08.2019,704,5770,—,—,—,—,—,—,—,30.08.2019
28.08.2019,711,5630,—,—,—,—,—,—,—,29.08.2019
27.08.2019,717,6147,—,—,—,—,—,—,—,28.08.2019
26.08.2019,741,6102,—,—,—,—,—,—,—,27.08.2019
23.08.2019,700,9925,—,—,—,—,—,—,—,26.08.2019
22.08.2019,698,6510,—,—,—,—,—,—,—,23.08.2019
21.08.2019,698,7085,—,—,—,—,—,—,—,22.08.2019
20.08.2019,705,6925,—,—,—,—,—,—,—,21.08.2019
19.08.2019,708,6375,—,—,—,—,—,—,—,20.08.2019
16.08.2019,705,4925,—,—,—,—,—,—,—,19.08.2019
15.08.2019,700,6010,—,—,—,—,—,—,—,16.08.2019
14.08.2019,702,4495,—,—,—,—,—,—,—,15.08.2019
13.08.2019,701,4865,—,—,—,—,—,—,—,14.08.2019
12.08.2019,704,5225,—,—,—,—,—,—,—,13.08.2019
09.08.2019,706,4950,—,—,—,—,—,—,—,12.08.2019
08.08.2019,708,5070,—,—,—,—,—,—,—,09.08.2019
07.08.2019,710,5859,—,—,—,—,—,—,—,08.08.2019
06.08.2019,704,5100,—,—,—,—,—,—,—,07.08.2019
05.08.2019,704,10105,—,—,—,—,—,—,—,06.08.2019
02.08.2019,718,6100,—,—,—,—,—,—,—,05.08.2019
01.08.2019,728,6990,—,—,—,—,—,—,—,02.08.2019
31.07.2019,730,5290,—,—,—,—,—,—,—,01.08.2019
30.07.2019,725,8815,—,—,—,—,—,—,—,31.07.2019
29.07.2019,715,7560,—,—,—,—,—,—,—,30.07.2019
26.07.2019,718,9260,—,—,—,—,—,—,—,29.07.2019
25.07.2019,723,6955,—,—,—,—,—,—,—,26.07.2019
24.07.2019,711,13175,—,—,—,—,—,—,—,25.07.2019
23.07.2019,723,7575,—,—,—,—,—,—,—,24.07.2019
22.07.2019,720,4605,—,—,—,—,—,—,—,23.07.2019
19.07.2019,727,5670,—,—,—,—,—,—,—,22.07.2019
18.07.2019,727,8730,—,—,—,—,—,—,—,19.07.2019
17.07.2019,728,5760,—,—,—,—,—,—,—,18.07.2019
16.07.2019,728,8815,—,—,—,—,—,—,—,17.07.2019
15.07.2019,726,6090,—,—,—,—,—,—,—,16.07.2019
12.07.2019,726,5970,—,—,—,—,—,—,—,15.07.2019
11.07.2019,725,6140,—,—,—,—,—,—,—,12.07.2019
10.07.2019,731,5415,—,—,—,—,—,—,—,11.07.2019
09.07.2019,720,4840,—,—,—,—,—,—,—,10.07.2019
08.07.2019,699,7850,—,—,—,—,—,—,—,09.07.2019
05.07.2019,714,7200,—,—,—,—,—,—,—,08.07.2019
04.07.2019,737,6270,—,—,—,—,—,—,—,05.07.2019
03.07.2019,728,2535,—,—,—,—,—,—,—,04.07.2019
02.07.2019,734,6138,—,—,—,—,—,—,—,03.07.2019
01.07.2019,739,4622,—,—,—,—,—,—,—,02.07.2019
28.06.2019,755,6415,—,—,—,—,—,—,—,01.07.2019
27.06.2019,750,4227,—,—,—,—,—,—,—,28.06.2019
26.06.2019,743,6150,—,—,—,—,—,—,—,27.06.2019
25.06.2019,751,5700,—,—,—,—,—,—,—,26.06.2019
24.06.2019,741,4260,—,—,—,—,—,—,—,25.06.2019
21.06.2019,741,5980,—,—,—,—,—,—,—,24.06.2019
20.06.2019,740,3230,—,—,—,—,—,—,—,21.06.2019
19.06.2019,749,3890,—,—,—,—,—,—,—,20.06.2019
18.06.2019,748,5650,—,—,—,—,—,—,—,19.06.2019
17.06.2019,741,3588,—,—,—,—,—,—,—,18.06.2019
14.06.2019,749,4727,—,—,—,—,—,—,—,17.06.2019
13.06.2019,750,4290,—,—,—,—,—,—,—,14.06.2019
11.06.2019,753,6260,—,—,—,—,—,—,—,13.06.2019
10.06.2019,754,4203,—,—,—,—,—,—,—,11.06.2019
07.06.2019,759,6417,—,—,—,—,—,—,—,10.06.2019
06.06.2019,773,1690,—,—,—,—,—,—,—,07.06.2019
05.06.2019,775,7320,—,—,—,—,—,—,—,06.06.2019
04.06.2019,756,8250,—,—,—,—,—,—,—,05.06.2019
03.06.2019,771,6190,—,—,—,—,—,—,—,04.06.2019
31.05.2019,789,2885,—,—,—,—,—,—,—,03.06.2019
30.05.2019,806,8370,—,—,—,—,—,—,—,31.05.2019
29.05.2019,781,7263,—,—,—,—,—,—,—,30.05.2019
28.05.2019,784,5865,—,—,—,—,—,—,—,29.05.2019
27.05.2019,760,12765,—,—,—,—,—,—,—,28.05.2019
24.05.2019,740,8009,—,—,—,—,—,—,—,27.05.2019
23.05.2019,748,5081,—,—,—,—,—,—,—,24.05.2019
22.05.2019,750,7770,—,—,—,—,—,—,—,23.05.2019
21.05.2019,763,5847,—,—,—,—,—,—,—,22.05.2019
20.05.2019,767,2287,—,—,—,—,—,—,—,21.05.2019
17.05.2019,768,3195,—,—,—,—,—,—,—,20.05.2019
16.05.2019,763,3590,—,—,—,—,—,—,—,17.05.2019
15.05.2019,765,6455,—,—,—,—,—,—,—,16.05.2019
14.05.2019,761,2905,—,—,—,—,—,—,—,15.05.2019
13.05.2019,776,3050,—,—,—,—,—,—,—,14.05.2019
08.05.2019,759,3610,—,—,—,—,—,—,—,13.05.2019
07.05.2019,750,11672,—,—,—,—,—,—,—,08.05.2019
06.05.2019,737,6690,—,—,—,—,—,—,—,07.05.2019
30.04.2019,796,9609,—,—,—,—,—,—,—,06.05.2019
29.04.2019,796,7139,—,—,—,—,—,—,—,30.04.2019
26.04.2019,756,6984,—,—,—,—,—,—,—,29.04.2019
25.04.2019,749,7610,—,—,—,—,—,—,—,26.04.2019
24.04.2019,732,15610,—,—,—,—,—,—,—,25.04.2019
23.04.2019,736,7490,—,—,—,—,—,—,—,24.04.2019
22.04.2019,745,11836,—,—,—,—,—,—,—,23.04.2019
19.04.2019,761,6850,—,—,—,—,—,—,—,22.04.2019
18.04.2019,759,4367,—,—,—,—,—,—,—,19.04.2019
17.04.2019,759,4780,—,—,—,—,—,—,—,18.04.2019
16.04.2019,798,6654,—,—,—,—,—,—,—,17.04.2019
15.04.2019,789,12839,—,—,—,—,—,—,—,16.04.2019
12.04.2019,789,9687,—,—,—,—,—,—,—,15.04.2019
11.04.2019,779,13555,—,—,—,—,—,—,—,12.04.2019
10.04.2019,764,11485,—,—,—,—,—,—,—,11.04.2019
09.04.2019,770,9293,—,—,—,—,—,—,—,10.04.2019
08.04.2019,764,8310,—,—,—,—,—,—,—,09.04.2019
05.04.2019,782,6866,—,—,—,—,—,—,—,08.04.2019
04.04.2019,772,5550,—,—,—,—,—,—,—,05.04.2019
03.04.2019,764,6930,—,—,—,—,—,—,—,04.04.2019
02.04.2019,761,6300,—,—,—,—,—,—,—,03.04.2019
01.04.2019,761,8970,—,—,—,—,—,—,—,02.04.2019
29.03.2019,781,13780,—,—,—,—,—,—,—,01.04.2019
28.03.2019,752,12204,—,—,—,—,—,—,—,29.03.2019
27.03.2019,763,14216,—,—,—,—,—,—,—,28.03.2019
26.03.2019,776,13430,—,—,—,—,—,—,—,27.03.2019
25.03.2019,781,17495,—,—,—,—,—,—,—,26.03.2019
22.03.2019,745,12350,—,—,—,—,—,—,—,25.03.2019
21.03.2019,744,14960,—,—,—,—,—,—,—,22.03.2019
20.03.2019,742,11898,—,—,—,—,—,—,—,21.03.2019
19.03.2019,746,11490,—,—,—,—,—,—,—,20.03.2019
18.03.2019,745,10835,—,—,—,—,—,—,—,19.03.2019
15.03.2019,750,13126,—,—,—,—,—,—,—,18.03.2019
14.03.2019,748,9607,—,—,—,—,—,—,—,15.03.2019
13.03.2019,753,9691,—,—,—,—,—,—,—,14.03.2019
12.03.2019,754,15390,—,—,—,—,—,—,—,13.03.2019
11.03.2019,769,9790,—,—,—,—,—,—,—,12.03.2019
07.03.2019,778,11420,—,—,—,—,—,—,—,11.03.2019
06.03.2019,773,7200,—,—,—,—,—,—,—,07.03.2019
05.03.2019,772,5855,—,—,—,—,—,—,—,06.03.2019
04.03.2019,759,12170,—,—,—,—,—,—,—,05.03.2019
01.03.2019,751,13610,—,—,—,—,—,—,—,04.03.2019
28.02.2019,754,21985,—,—,—,—,—,—,—,01.03.2019
27.02.2019,764,4880,—,—,—,—,—,—,—,28.02.2019
26.02.2019,749,9000,—,—,—,—,—,—,—,27.02.2019
25.02.2019,750,8010,—,—,—,—,—,—,—,26.02.2019
22.02.2019,720,20455,—,—,—,—,—,—,—,25.02.2019
21.02.2019,738,13960,—,—,—,—,—,—,—,22.02.2019
20.02.2019,754,10915,—,—,—,—,—,—,—,21.02.2019
19.02.2019,762,8227,—,—,—,—,—,—,—,20.02.2019
18.02.2019,756,7380,—,—,—,—,—,—,—,19.02.2019
15.02.2019,754,4400,—,—,—,—,—,—,—,18.02.2019
14.02.2019,734,8940,—,—,—,—,—,—,—,15.02.2019
13.02.2019,753,10440,—,—,—,—,—,—,—,14.02.2019
12.02.2019,748,9080,—,—,—,—,—,—,—,13.02.2019
11.02.2019,761,9670,—,—,—,—,—,—,—,12.02.2019
08.02.2019,760,9290,—,—,—,—,—,—,—,11.02.2019
07.02.2019,761,10405,—,—,—,—,—,—,—,08.02.2019
06.02.2019,758,12250,—,—,—,—,—,—,—,07.02.2019
05.02.2019,753,10010,—,—,—,—,—,—,—,06.02.2019
04.02.2019,750,10075,—,—,—,—,—,—,—,05.02.2019
01.02.2019,760,19268,—,—,—,—,—,—,—,04.02.2019
31.01.2019,762,13633,—,—,—,—,—,—,—,01.02.2019
30.01.2019,772,13398,—,—,—,—,—,—,—,31.01.2019
29.01.2019,778,14038,—,—,—,—,—,—,—,30.01.2019
28.01.2019,776,11848,—,—,—,—,—,—,—,29.01.2019
25.01.2019,771,15081,—,—,—,—,—,—,—,28.01.2019
24.01.2019,755,12833,—,—,—,—,—,—,—,25.01.2019
23.01.2019,756,16005,—,—,—,—,—,—,—,24.01.2019
22.01.2019,766,8190,—,—,—,—,—,—,—,23.01.2019
21.01.2019,762,7515,—,—,—,—,—,—,—,22.01.2019
18.01.2019,763,8980,—,—,—,—,—,—,—,21.01.2019
17.01.2019,758,11690,—,—,—,—,—,—,—,18.01.2019
16.01.2019,756,10040,—,—,—,—,—,—,—,17.01.2019
15.01.2019,753,14650,—,—,—,—,—,—,—,16.01.2019
14.01.2019,753,14573,—,—,—,—,—,—,—,15.01.2019
11.01.2019,753,17700,—,—,—,—,—,—,—,14.01.2019
10.01.2019,753,14419,—,—,—,—,—,—,—,11.01.2019
09.01.2019,759,12160,—,—,—,—,—,—,—,10.01.2019
28.12.2018,707,8078,—,—,—,—,—,—,—,29.12.2018
27.12.2018,755,15515,—,—,—,—,—,—,—,28.12.2018
26.12.2018,743,22189,—,—,—,—,—,—,—,27.12.2018
25.12.2018,762,18510,—,—,—,—,—,—,—,26.12.2018
24.12.2018,762,10421,—,—,—,—,—,—,—,25.12.2018
21.12.2018,766,13070,—,—,—,—,—,—,—,24.12.2018
20.12.2018,766,15100,—,—,—,—,—,—,—,21.12.2018
19.12.2018,768,11600,—,—,—,—,—,—,—,20.12.2018
18.12.2018,767,10300,—,—,—,—,—,—,—,19.12.2018
17.12.2018,757,8970,—,—,—,—,—,—,—,18.12.2018
14.12.2018,750,9265,—,—,—,—,—,—,—,17.12.2018
13.12.2018,738,5820,—,—,—,—,—,—,—,14.12.2018
12.12.2018,740,9670,—,—,—,—,—,—,—,13.12.2018
11.12.2018,743,5225,—,—,—,—,—,—,—,12.12.2018
10.12.2018,742,7845,—,—,—,—,—,—,—,11.12.2018
07.12.2018,738,12400,—,—,—,—,—,—,—,10.12.2018
06.12.2018,741,8590,—,—,—,—,—,—,—,07.12.2018
05.12.2018,741,9490,—,—,—,—,—,—,—,06.12.2018
04.12.2018,741,9346,—,—,—,—,—,—,—,05.12.2018
03.12.2018,728,7960,—,—,—,—,—,—,—,04.12.2018
30.11.2018,750,13635,—,—,—,—,—,—,—,03.12.2018
29.11.2018,729,12570,—,—,—,—,—,—,—,30.11.2018
28.11.2018,746,11930,—,—,—,—,—,—,—,29.11.2018
27.11.2018,757,9065,—,—,—,—,—,—,—,28.11.2018
26.11.2018,743,7155,—,—,—,—,—,—,—,27.11.2018
23.11.2018,707,14150,—,—,—,—,—,—,—,26.11.2018
22.11.2018,691,10435,—,—,—,—,—,—,—,23.11.2018
21.11.2018,712,9450,—,—,—,—,—,—,—,22.11.2018
20.11.2018,706,8240,—,—,—,—,—,—,—,21.11.2018
19.11.2018,701,11035,—,—,—,—,—,—,—,20.11.2018
16.11.2018,692,13176,—,—,—,—,—,—,—,19.11.2018
15.11.2018,701,16441,—,—,—,—,—,—,—,16.11.2018
14.11.2018,715,18315,—,—,—,—,—,—,—,15.11.2018
13.11.2018,739,15363,—,—,—,—,—,—,—,14.11.2018
12.11.2018,743,10920,—,—,—,—,—,—,—,13.11.2018
09.11.2018,737,11150,—,—,—,—,—,—,—,12.11.2018
08.11.2018,734,14130,—,—,—,—,—,—,—,09.11.2018
07.11.2018,735,11005,—,—,—,—,—,—,—,08.11.2018
06.11.2018,750,14895,—,—,—,—,—,—,—,07.11.2018
02.11.2018,728,13435,—,—,—,—,—,—,—,06.11.2018
01.11.2018,686,12290,—,—,—,—,—,—,—,02.11.2018
31.10.2018,706,12040,—,—,—,—,—,—,—,01.11.2018
30.10.2018,712,13710,—,—,—,—,—,—,—,31.10.2018
29.10.2018,720,12075,—,—,—,—,—,—,—,30.10.2018
26.10.2018,725,14546,—,—,—,—,—,—,—,29.10.2018
25.10.2018,732,14785,—,—,—,—,—,—,—,26.10.2018
24.10.2018,705,16565,—,—,—,—,—,—,—,25.10.2018
23.10.2018,710,18760,—,—,—,—,—,—,—,24.10.2018
22.10.2018,716,12300,—,—,—,—,—,—,—,23.10.2018
19.10.2018,736,11596,—,—,—,—,—,—,—,22.10.2018
18.10.2018,741,8698,—,—,—,—,—,—,—,19.10.2018
17.10.2018,729,9285,—,—,—,—,—,—,—,18.10.2018
16.10.2018,727,10995,—,—,—,—,—,—,—,17.10.2018
15.10.2018,735,13320,—,—,—,—,—,—,—,16.10.2018
12.10.2018,733,11200,—,—,—,—,—,—,—,15.10.2018
11.10.2018,732,12100,—,—,—,—,—,—,—,12.10.2018
10.10.2018,716,8730,—,—,—,—,—,—,—,11.10.2018
09.10.2018,706,10920,—,—,—,—,—,—,—,10.10.2018
08.10.2018,736,10930,—,—,—,—,—,—,—,09.10.2018
05.10.2018,753,13950,—,—,—,—,—,—,—,08.10.2018
04.10.2018,742,7948,—,—,—,—,—,—,—,05.10.2018
03.10.2018,736,12095,—,—,—,—,—,—,—,04.10.2018
02.10.2018,725,16690,—,—,—,—,—,—,—,03.10.2018
01.10.2018,727,15185,—,—,—,—,—,—,—,02.10.2018
28.09.2018,740,9920,—,—,—,—,—,—,—,01.10.2018
27.09.2018,723,15930,—,—,—,—,—,—,—,28.09.2018
26.09.2018,724,19325,—,—,—,—,—,—,—,27.09.2018
25.09.2018,747,11690,—,—,—,—,—,—,—,26.09.2018
24.09.2018,722,13465,—,—,—,—,—,—,—,25.09.2018
21.09.2018,723,13860,—,—,—,—,—,—,—,24.09.2018
20.09.2018,729,10300,—,—,—,—,—,—,—,21.09.2018
19.09.2018,701,18645,—,—,—,—,—,—,—,20.09.2018
18.09.2018,724,14830,—,—,—,—,—,—,—,19.09.2018
17.09.2018,724,12420,—,—,—,—,—,—,—,18.09.2018
14.09.2018,702,15220,—,—,—,—,—,—,—,17.09.2018
13.09.2018,700,11410,—,—,—,—,—,—,—,14.09.2018
12.09.2018,681,10495,—,—,—,—,—,—,—,13.09.2018
11.09.2018,701,12304,—,—,—,—,—,—,—,12.09.2018
10.09.2018,698,13645,—,—,—,—,—,—,—,11.09.2018
07.09.2018,697,12335,—,—,—,—,—,—,—,10.09.2018
06.09.2018,687,7860,—,—,—,—,—,—,—,07.09.2018
05.09.2018,700,14360,—,—,—,—,—,—,—,06.09.2018
04.09.2018,717,23150,—,—,—,—,—,—,—,05.09.2018
03.09.2018,715,13722,—,—,—,—,—,—,—,04.09.2018
31.08.2018,714,19662,—,—,—,—,—,—,—,03.09.2018
30.08.2018,714,13050,—,—,—,—,—,—,—,31.08.2018
29.08.2018,718,18280,—,—,—,—,—,—,—,30.08.2018
28.08.2018,726,12550,—,—,—,—,—,—,—,29.08.2018
27.08.2018,722,14640,—,—,—,—,—,—,—,28.08.2018
24.08.2018,697,15490,—,—,—,—,—,—,—,27.08.2018
23.08.2018,673,15930,—,—,—,—,—,—,—,24.08.2018
22.08.2018,696,22263,—,—,—,—,—,—,—,23.08.2018
21.08.2018,691,23050,—,—,—,—,—,—,—,22.08.2018
20.08.2018,697,17340,—,—,—,—,—,—,—,21.08.2018
17.08.2018,695,21955,—,—,—,—,—,—,—,20.08.2018
16.08.2018,708,16705,—,—,—,—,—,—,—,17.08.2018
15.08.2018,709,19790,—,—,—,—,—,—,—,16.08.2018
14.08.2018,718,9450,—,—,—,—,—,—,—,15.08.2018
13.08.2018,714,13020,—,—,—,—,—,—,—,14.08.2018
10.08.2018,715,11950,—,—,—,—,—,—,—,13.08.2018
09.08.2018,710,9470,—,—,—,—,—,—,—,10.08.2018
08.08.2018,702,16310,—,—,—,—,—,—,—,09.08.2018
07.08.2018,685,13770,—,—,—,—,—,—,—,08.08.2018
06.08.2018,686,14335,—,—,—,—,—,—,—,07.08.2018
03.08.2018,688,14060,—,—,—,—,—,—,—,06.08.2018
02.08.2018,697,13705,—,—,—,—,—,—,—,03.08.2018
01.08.2018,704,13120,—,—,—,—,—,—,—,02.08.2018
31.07.2018,774,16670,—,—,—,—,—,—,—,01.08.2018
30.07.2018,772,13435,—,—,—,—,—,—,—,31.07.2018
27.07.2018,771,1800,—,—,—,—,—,—,—,30.07.2018
26.07.2018,719,19805,—,—,—,—,—,—,—,27.07.2018
25.07.2018,700,11810,—,—,—,—,—,—,—,26.07.2018
24.07.2018,680,16350,—,—,—,—,—,—,—,25.07.2018
23.07.2018,676,14830,—,—,—,—,—,—,—,24.07.2018
20.07.2018,701,20975,—,—,—,—,—,—,—,23.07.2018
19.07.2018,709,13350,—,—,—,—,—,—,—,20.07.2018
18.07.2018,705,21820,—,—,—,—,—,—,—,19.07.2018
17.07.2018,719,13065,—,—,—,—,—,—,—,18.07.2018
16.07.2018,714,11500,—,—,—,—,—,—,—,17.07.2018
13.07.2018,713,18830,—,—,—,—,—,—,—,16.07.2018
12.07.2018,709,9900,—,—,—,—,—,—,—,13.07.2018
11.07.2018,706,9430,—,—,—,—,—,—,—,12.07.2018
10.07.2018,703,10485,—,—,—,—,—,—,—,11.07.2018
09.07.2018,664,14260,—,—,—,—,—,—,—,10.07.2018
06.07.2018,673,13740,—,—,—,—,—,—,—,09.07.2018
05.07.2018,700,13170,—,—,—,—,—,—,—,06.07.2018
04.07.2018,702,13845,—,—,—,—,—,—,—,05.07.2018
03.07.2018,672,22775,—,—,—,—,—,—,—,04.07.2018
02.07.2018,701,19583,—,—,—,—,—,—,—,03.07.2018
29.06.2018,716,10565,—,—,—,—,—,—,—,02.07.2018
28.06.2018,713,22435,—,—,—,—,—,—,—,29.06.2018
27.06.2018,721,21850,—,—,—,—,—,—,—,28.06.2018
26.06.2018,727,9425,—,—,—,—,—,—,—,27.06.2018
25.06.2018,711,9064,—,—,—,—,—,—,—,26.06.2018
22.06.2018,696,15700,—,—,—,—,—,—,—,25.06.2018
21.06.2018,696,17855,—,—,—,—,—,—,—,22.06.2018
20.06.2018,699,18080,—,—,—,—,—,—,—,21.06.2018
19.06.2018,700,10820,—,—,—,—,—,—,—,20.06.2018
18.06.2018,701,7460,—,—,—,—,—,—,—,19.06.2018
15.06.2018,698,18665,—,—,—,—,—,—,—,18.06.2018
14.06.2018,700,13322,—,—,—,—,—,—,—,15.06.2018
13.06.2018,699,10410,—,—,—,—,—,—,—,14.06.2018
09.06.2018,676,5712,—,—,—,—,—,—,—,13.06.2018
08.06.2018,700,10210,—,—,—,—,—,—,—,09.06.2018
07.06.2018,700,9830,—,—,—,—,—,—,—,08.06.2018
06.06.2018,700,8130,—,—,—,—,—,—,—,07.06.2018
05.06.2018,675,5555,—,—,—,—,—,—,—,06.06.2018
04.06.2018,671,15167,—,—,—,—,—,—,—,05.06.2018
01.06.2018,696,15530,—,—,—,—,—,—,—,04.06.2018
31.05.2018,710,9575,—,—,—,—,—,—,—,01.06.2018
30.05.2018,712,8558,—,—,—,—,—,—,—,31.05.2018
29.05.2018,708,10790,—,—,—,—,—,—,—,30.05.2018
28.05.2018,707,9340,—,—,—,—,—,—,—,29.05.2018
25.05.2018,698,8480,—,—,—,—,—,—,—,28.05.2018
24.05.2018,684,9390,—,—,—,—,—,—,—,25.05.2018
23.05.2018,698,10360,—,—,—,—,—,—,—,24.05.2018
22.05.2018,705,7510,—,—,—,—,—,—,—,23.05.2018
21.05.2018,705,7322,—,—,—,—,—,—,—,22.05.2018
18.05.2018,715,10053,—,—,—,—,—,—,—,21.05.2018
17.05.2018,710,10005,—,—,—,—,—,—,—,18.05.2018
16.05.2018,704,9370,—,—,—,—,—,—,—,17.05.2018
15.05.2018,698,5928,—,—,—,—,—,—,—,16.05.2018
14.05.2018,687,4505,—,—,—,—,—,—,—,15.05.2018
11.05.2018,677,16903,—,—,—,—,—,—,—,14.05.2018
10.05.2018,679,8825,—,—,—,—,—,—,—,11.05.2018
08.05.2018,647,10376,—,—,—,—,—,—,—,10.05.2018
07.05.2018,670,9875,—,—,—,—,—,—,—,08.05.2018
04.05.2018,684,13147,—,—,—,—,—,—,—,07.05.2018
03.05.2018,700,5145,—,—,—,—,—,—,—,04.05.2018
28.04.2018,707,15095,—,—,—,—,—,—,—,03.05.2018
27.04.2018,700,8740,—,—,—,—,—,—,—,28.04.2018
26.04.2018,705,12705,—,—,—,—,—,—,—,27.04.2018
25.04.2018,691,8570,—,—,—,—,—,—,—,26.04.2018
24.04.2018,680,9125,—,—,—,—,—,—,—,25.04.2018
23.04.2018,680,11581,—,—,—,—,—,—,—,24.04.2018
20.04.2018,703,15095,—,—,—,—,—,—,—,23.04.2018
19.04.2018,702,10696,—,—,—,—,—,—,—,20.04.2018
18.04.2018,710,15156,—,—,—,—,—,—,—,19.04.2018
17.04.2018,701,21431,—,—,—,—,—,—,—,18.04.2018
16.04.2018,701,18781,—,—,—,—,—,—,—,17.04.2018
13.04.2018,699,18911,—,—,—,—,—,—,—,16.04.2018
12.04.2018,699,15540,—,—,—,—,—,—,—,13.04.2018
11.04.2018,700,14430,—,—,—,—,—,—,—,12.04.2018
10.04.2018,724,7180,—,—,—,—,—,—,—,11.04.2018
09.04.2018,707,11500,—,—,—,—,—,—,—,10.04.2018
06.04.2018,706,9605,—,—,—,—,—,—,—,09.04.2018
05.04.2018,701,8412,—,—,—,—,—,—,—,06.04.2018
04.04.2018,694,10072,—,—,—,—,—,—,—,05.04.2018
03.04.2018,698,13130,—,—,—,—,—,—,—,04.04.2018
02.04.2018,707,19965,—,—,—,—,—,—,—,03.04.2018
30.03.2018,719,6560,—,—,—,—,—,—,—,02.04.2018
29.03.2018,700,14573,—,—,—,—,—,—,—,30.03.2018
28.03.2018,688,12067,—,—,—,—,—,—,—,29.03.2018
27.03.2018,708,10235,—,—,—,—,—,—,—,28.03.2018
26.03.2018,715,8765,—,—,—,—,—,—,—,27.03.2018
23.03.2018,690,10430,—,—,—,—,—,—,—,26.03.2018
22.03.2018,712,10975,—,—,—,—,—,—,—,23.03.2018
21.03.2018,704,12155,—,—,—,—,—,—,—,22.03.2018
20.03.2018,716,7620,—,—,—,—,—,—,—,21.03.2018
19.03.2018,714,8370,—,—,—,—,—,—,—,20.03.2018
16.03.2018,715,9505,—,—,—,—,—,—,—,19.03.2018
15.03.2018,728,6510,—,—,—,—,—,—,—,16.03.2018
14.03.2018,731,7865,—,—,—,—,—,—,—,15.03.2018
13.03.2018,731,8460,—,—,—,—,—,—,—,14.03.2018
12.03.2018,731,9110,—,—,—,—,—,—,—,13.03.2018
07.03.2018,718,19995,—,—,—,—,—,—,—,12.03.2018
06.03.2018,711,13805,—,—,—,—,—,—,—,07.03.2018
05.03.2018,725,9479,—,—,—,—,—,—,—,06.03.2018
02.03.2018,716,16645,—,—,—,—,—,—,—,05.03.2018
01.03.2018,738,16735,—,—,—,—,—,—,—,02.03.2018
28.02.2018,750,13089,—,—,—,—,—,—,—,01.03.2018
27.02.2018,745,10445,—,—,—,—,—,—,—,28.02.2018
26.02.2018,730,8130,—,—,—,—,—,—,—,27.02.2018
22.02.2018,723,14600,—,—,—,—,—,—,—,26.02.2018
21.02.2018,729,13573,—,—,—,—,—,—,—,22.02.2018
20.02.2018,728,15305,—,—,—,—,—,—,—,21.02.2018
19.02.2018,728,14660,—,—,—,—,—,—,—,20.02.2018
16.02.2018,721,16535,—,—,—,—,—,—,—,19.02.2018
15.02.2018,708,15075,—,—,—,—,—,—,—,16.02.2018
14.02.2018,696,13435,—,—,—,—,—,—,—,15.02.2018
13.02.2018,683,20715,—,—,—,—,—,—,—,14.02.2018
12.02.2018,678,19040,—,—,—,—,—,—,—,13.02.2018
09.02.2018,699,16790,—,—,—,—,—,—,—,12.02.2018
08.02.2018,706,15500,—,—,—,—,—,—,—,09.02.2018
07.02.2018,707,15920,—,—,—,—,—,—,—,08.02.2018
06.02.2018,723,10200,—,—,—,—,—,—,—,07.02.2018
05.02.2018,719,13453,—,—,—,—,—,—,—,06.02.2018
02.02.2018,709,12750,—,—,—,—,—,—,—,05.02.2018
01.02.2018,726,11835,—,—,—,—,—,—,—,02.02.2018
31.01.2018,712,14839,—,—,—,—,—,—,—,01.02.2018
30.01.2018,737,19318,—,—,—,—,—,—,—,31.01.2018
29.01.2018,735,14473,—,—,—,—,—,—,—,30.01.2018
26.01.2018,725,20194,—,—,—,—,—,—,—,29.01.2018
25.01.2018,721,24887,—,—,—,—,—,—,—,26.01.2018
24.01.2018,693,22707,—,—,—,—,—,—,—,25.01.2018
23.01.2018,695,21400,—,—,—,—,—,—,—,24.01.2018
22.01.2018,701,17220,—,—,—,—,—,—,—,23.01.2018
19.01.2018,701,17656,—,—,—,—,—,—,—,22.01.2018
18.01.2018,707,14205,—,—,—,—,—,—,—,19.01.2018
17.01.2018,698,15998,—,—,—,—,—,—,—,18.01.2018
16.01.2018,702,17204,—,—,—,—,—,—,—,17.01.2018
15.01.2018,700,14118,—,—,—,—,—,—,—,16.01.2018
12.01.2018,700,16270,—,—,—,—,—,—,—,15.01.2018
11.01.2018,704,15741,—,—,—,—,—,—,—,12.01.2018
10.01.2018,716,15112,—,—,—,—,—,—,—,11.01.2018
09.01.2018,688,8970,—,—,—,—,—,—,—,10.01.2018
28.12.2017,719,8149,—,—,—,—,—,—,—,29.12.2017
27.12.2017,741,8610,—,—,—,—,—,—,—,28.12.2017
26.12.2017,758,9767,—,—,—,—,—,—,—,27.12.2017
25.12.2017,784,10857,—,—,—,—,—,—,—,26.12.2017
22.12.2017,754,16462,—,—,—,—,—,—,—,25.12.2017
21.12.2017,750,15092,—,—,—,—,—,—,—,22.12.2017
20.12.2017,750,12654,—,—,—,—,—,—,—,21.12.2017
19.12.2017,748,14283,—,—,—,—,—,—,—,20.12.2017
18.12.2017,754,15100,—,—,—,—,—,—,—,19.12.2017
15.12.2017,790,12857,—,—,—,—,—,—,—,18.12.2017
14.12.2017,785,9168,—,—,—,—,—,—,—,15.12.2017
13.12.2017,797,12364,—,—,—,—,—,—,—,14.12.2017
12.12.2017,799,14436,—,—,—,—,—,—,—,13.12.2017
11.12.2017,798,10525,—,—,—,—,—,—,—,12.12.2017
08.12.2017,809,10702,—,—,—,—,—,—,—,11.12.2017
07.12.2017,811,12365,—,—,—,—,—,—,—,08.12.2017
06.12.2017,807,12810,—,—,—,—,—,—,—,07.12.2017
05.12.2017,807,9260,—,—,—,—,—,—,—,06.12.2017
04.12.2017,783,10866,—,—,—,—,—,—,—,05.12.2017
01.12.2017,821,13812,—,—,—,—,—,—,—,04.12.2017
30.11.2017,824,10707,—,—,—,—,—,—,—,01.12.2017
29.11.2017,828,11083,—,—,—,—,—,—,—,30.11.2017
28.11.2017,820,12303,—,—,—,—,—,—,—,29.11.2017
27.11.2017,803,8062,—,—,—,—,—,—,—,28.11.2017
24.11.2017,797,11055,—,—,—,—,—,—,—,27.11.2017
23.11.2017,795,11380,—,—,—,—,—,—,—,24.11.2017
22.11.2017,796,12130,—,—,—,—,—,—,—,23.11.2017
21.11.2017,798,11272,—,—,—,—,—,—,—,22.11.2017
20.11.2017,800,13205,—,—,—,—,—,—,—,21.11.2017
17.11.2017,799,15205,—,—,—,—,—,—,—,20.11.2017
16.11.2017,799,17725,—,—,—,—,—,—,—,17.11.2017
15.11.2017,798,11500,—,—,—,—,—,—,—,16.11.2017
14.11.2017,792,12230,—,—,—,—,—,—,—,15.11.2017
13.11.2017,786,14290,—,—,—,—,—,—,—,14.11.2017
10.11.2017,783,12951,—,—,—,—,—,—,—,13.11.2017
09.11.2017,774,13153,—,—,—,—,—,—,—,10.11.2017
08.11.2017,776,17425,—,—,—,—,—,—,—,09.11.2017
07.11.2017,774,9090,—,—,—,—,—,—,—,08.11.2017
03.11.2017,798,10590,—,—,—,—,—,—,—,07.11.2017
02.11.2017,823,21162,—,—,—,—,—,—,—,03.11.2017
01.11.2017,810,12770,—,—,—,—,—,—,—,02.11.2017
31.10.2017,802,9014,—,—,—,—,—,—,—,01.11.2017
30.10.2017,811,13426,—,—,—,—,—,—,—,31.10.2017
27.10.2017,782,11665,—,—,—,—,—,—,—,30.10.2017
26.10.2017,799,12007,—,—,—,—,—,—,—,27.10.2017
25.10.2017,786,13957,—,—,—,—,—,—,—,26.10.2017
24.10.2017,778,14120,—,—,—,—,—,—,—,25.10.2017
23.10.2017,798,13580,—,—,—,—,—,—,—,24.10.2017
20.10.2017,773,20742,—,—,—,—,—,—,—,23.10.2017
19.10.2017,785,18708,—,—,—,—,—,—,—,20.10.2017
18.10.2017,787,11180,—,—,—,—,—,—,—,19.10.2017
17.10.2017,795,10475,—,—,—,—,—,—,—,18.10.2017
16.10.2017,820,15964,—,—,—,—,—,—,—,17.10.2017
13.10.2017,816,12013,—,—,—,—,—,—,—,16.10.2017
12.10.2017,818,10748,—,—,—,—,—,—,—,13.10.2017
11.10.2017,792,16865,—,—,—,—,—,—,—,12.10.2017
10.10.2017,826,15400,—,—,—,—,—,—,—,11.10.2017
09.10.2017,837,10858,—,—,—,—,—,—,—,10.10.2017
06.10.2017,830,9575,—,—,—,—,—,—,—,09.10.2017
05.10.2017,795,10690,—,—,—,—,—,—,—,06.10.2017
04.10.2017,799,11868,—,—,—,—,—,—,—,05.10.2017
03.10.2017,822,12674,—,—,—,—,—,—,—,04.10.2017
02.10.2017,825,9935,—,—,—,—,—,—,—,03.10.2017
29.09.2017,849,9660,—,—,—,—,—,—,—,02.10.2017
28.09.2017,847,14548,—,—,—,—,—,—,—,29.09.2017
27.09.2017,821,10782,—,—,—,—,—,—,—,28.09.2017
26.09.2017,798,11426,—,—,—,—,—,—,—,27.09.2017
25.09.2017,805,13121,—,—,—,—,—,—,—,26.09.2017
22.09.2017,799,18533,—,—,—,—,—,—,—,25.09.2017
21.09.2017,802,16755,—,—,—,—,—,—,—,22.09.2017
20.09.2017,800,15520,—,—,—,—,—,—,—,21.09.2017
19.09.2017,804,16816,—,—,—,—,—,—,—,20.09.2017
18.09.2017,796,19100,—,—,—,—,—,—,—,19.09.2017
15.09.2017,869,13883,—,—,—,—,—,—,—,18.09.2017
14.09.2017,861,10917,—,—,—,—,—,—,—,15.09.2017
13.09.2017,824,16865,—,—,—,—,—,—,—,14.09.2017
12.09.2017,819,12235,—,—,—,—,—,—,—,13.09.2017
11.09.2017,844,15559,—,—,—,—,—,—,—,12.09.2017
08.09.2017,842,20978,—,—,—,—,—,—,—,—
07.09.2017,846,13597,—,—,—,—,—,—,—,—
06.09.2017,849,9833,—,—,—,—,—,—,—,—
05.09.2017,858,18320,—,—,—,—,—,—,—,—
04.09.2017,894,6005,—,—,—,—,—,—,—,—
01.09.2017,878,10567,—,—,—,—,—,—,—,—
31.08.2017,871,13657,—,—,—,—,—,—,—,—
30.08.2017,856,8468,—,—,—,—,—,—,—,—
29.08.2017,855,7672,—,—,—,—,—,—,—,—
28.08.2017,858,8968,—,—,—,—,—,—,—,—
25.08.2017,853,9760,—,—,—,—,—,—,—,—
24.08.2017,837,14265,—,—,—,—,—,—,—,—
23.08.2017,840,17805,—,—,—,—,—,—,—,—
22.08.2017,857,14940,—,—,—,—,—,—,—,—
21.08.2017,856,15878,—,—,—,—,—,—,—,—
18.08.2017,852,8970,—,—,—,—,—,—,—,—
17.08.2017,851,7945,—,—,—,—,—,—,—,—
16.08.2017,850,7450,—,—,—,—,—,—,—,—
15.08.2017,833,9929,—,—,—,—,—,—,—,—
14.08.2017,825,8450,—,—,—,—,—,—,—,—
11.08.2017,835,14205,—,—,—,—,—,—,—,—
10.08.2017,844,18000,—,—,—,—,—,—,—,—
09.08.2017,863,15194,—,—,—,—,—,—,—,—
08.08.2017,822,15502,—,—,—,—,—,—,—,—
07.08.2017,824,6975,—,—,—,—,—,—,—,—
04.08.2017,834,10230,—,—,—,—,—,—,—,—
03.08.2017,864,9550,—,—,—,—,—,—,—,—
02.08.2017,870,6885,—,—,—,—,—,—,—,—
01.08.2017,890,9422,—,—,—,—,—,—,—,—
31.07.2017,924,8980,—,—,—,—,—,—,—,—
28.07.2017,917,8165,—,—,—,—,—,—,—,—
27.07.2017,913,7045,—,—,—,—,—,—,—,—
26.07.2017,905,6079,—,—,—,—,—,—,—,—
25.07.2017,893,6333,—,—,—,—,—,—,—,—
24.07.2017,894,10823,—,—,—,—,—,—,—,—
21.07.2017,896,10145,—,—,—,—,—,—,—,—
20.07.2017,895,9237,—,—,—,—,—,—,—,—
19.07.2017,891,9285,—,—,—,—,—,—,—,—
18.07.2017,886,10019,—,—,—,—,—,—,—,—
17.07.2017,896,12144,—,—,—,—,—,—,—,—
14.07.2017,875,14110,—,—,—,—,—,—,—,—
13.07.2017,882,10200,—,—,—,—,—,—,—,—
12.07.2017,879,9063,—,—,—,—,—,—,—,—
11.07.2017,848,13938,—,—,—,—,—,—,—,—
10.07.2017,864,12214,—,—,—,—,—,—,—,—
07.07.2017,898,10774,—,—,—,—,—,—,—,—
06.07.2017,902,12978,—,—,—,—,—,—,—,—
05.07.2017,900,12587,—,—,—,—,—,—,—,—
04.07.2017,902,12525,—,—,—,—,—,—,—,—
03.07.2017,903,11410,—,—,—,—,—,—,—,—
30.06.2017,909,7126,—,—,—,—,—,—,—,—
29.06.2017,915,5880,—,—,—,—,—,—,—,—
28.06.2017,909,5530,—,—,—,—,—,—,—,—
27.06.2017,905,8835,—,—,—,—,—,—,—,—
26.06.2017,890,8548,—,—,—,—,—,—,—,—
23.06.2017,864,14916,—,—,—,—,—,—,—,—
22.06.2017,877,11761,—,—,—,—,—,—,—,—
21.06.2017,899,13574,—,—,—,—,—,—,—,—
20.06.2017,903,11063,—,—,—,—,—,—,—,—
19.06.2017,902,10165,—,—,—,—,—,—,—,—
16.06.2017,927,15481,—,—,—,—,—,—,—,—
15.06.2017,926,17511,—,—,—,—,—,—,—,—
14.06.2017,919,14941,—,—,—,—,—,—,—,—
13.06.2017,907,14341,—,—,—,—,—,—,—,—
09.06.2017,907,10311,—,—,—,—,—,—,—,—
08.06.2017,908,14210,—,—,—,—,—,—,—,—
07.06.2017,914,10806,—,—,—,—,—,—,—,—
06.06.2017,961,18166,—,—,—,—,—,—,—,—
05.06.2017,945,15595,—,—,—,—,—,—,—,—
02.06.2017,920,14115,—,—,—,—,—,—,—,—
01.06.2017,919,11874,—,—,—,—,—,—,—,—
31.05.2017,915,11736,—,—,—,—,—,—,—,—
30.05.2017,918,9860,—,—,—,—,—,—,—,—
29.05.2017,927,11365,—,—,—,—,—,—,—,—
26.05.2017,907,9690,—,—,—,—,—,—,—,—
25.05.2017,912,9226,—,—,—,—,—,—,—,—
24.05.2017,885,11265,—,—,—,—,—,—,—,—
23.05.2017,899,8450,—,—,—,—,—,—,—,—
22.05.2017,893,10206,—,—,—,—,—,—,—,—
19.05.2017,910,7243,—,—,—,—,—,—,—,—
18.05.2017,908,8096,—,—,—,—,—,—,—,—
17.05.2017,905,6596,—,—,—,—,—,—,—,—
16.05.2017,886,9785,—,—,—,—,—,—,—,—
15.05.2017,900,5252,—,—,—,—,—,—,—,—
12.05.2017,899,9505,—,—,—,—,—,—,—,—
11.05.2017,902,10390,—,—,—,—,—,—,—,—
10.05.2017,927,8884,—,—,—,—,—,—,—,—
05.05.2017,942,16022,—,—,—,—,—,—,—,—
04.05.2017,952,17732,—,—,—,—,—,—,—,—
03.05.2017,940,14752,—,—,—,—,—,—,—,—
02.05.2017,911,15392,—,—,—,—,—,—,—,—
28.04.2017,971,9213,—,—,—,—,—,—,—,—
27.04.2017,959,12889,—,—,—,—,—,—,—,—
26.04.2017,961,9264,—,—,—,—,—,—,—,—
25.04.2017,977,13240,—,—,—,—,—,—,—,—
24.04.2017,952,13991,—,—,—,—,—,—,—,—
21.04.2017,955,10572,—,—,—,—,—,—,—,—
20.04.2017,961,12244,—,—,—,—,—,—,—,—
19.04.2017,958,11824,—,—,—,—,—,—,—,—
18.04.2017,957,12419,—,—,—,—,—,—,—,—
17.04.2017,961,14721,—,—,—,—,—,—,—,—
14.04.2017,962,15777,—,—,—,—,—,—,—,—
13.04.2017,954,15710,—,—,—,—,—,—,—,—
12.04.2017,957,18603,—,—,—,—,—,—,—,—
11.04.2017,923,10097,—,—,—,—,—,—,—,—
10.04.2017,938,12561,—,—,—,—,—,—,—,—
07.04.2017,930,11441,—,—,—,—,—,—,—,—
06.04.2017,929,15890,—,—,—,—,—,—,—,—
05.04.2017,935,10926,—,—,—,—,—,—,—,—
04.04.2017,971,12608,—,—,—,—,—,—,—,—
03.04.2017,988,13564,—,—,—,—,—,—,—,—
31.03.2017,982,13784,—,—,—,—,—,—,—,—
30.03.2017,1003,11536,—,—,—,—,—,—,—,—
29.03.2017,1000,7705,—,—,—,—,—,—,—,—
28.03.2017,980,7682,—,—,—,—,—,—,—,—
27.03.2017,977,13837,—,—,—,—,—,—,—,—
24.03.2017,974,12430,—,—,—,—,—,—,—,—
23.03.2017,998,9454,—,—,—,—,—,—,—,—
22.03.2017,995,17983,—,—,—,—,—,—,—,—
21.03.2017,1000,15971,—,—,—,—,—,—,—,—
20.03.2017,1002,15504,—,—,—,—,—,—,—,—
17.03.2017,994,8352,—,—,—,—,—,—,—,—
16.03.2017,994,11826,—,—,—,—,—,—,—,—
15.03.2017,1002,9005,—,—,—,—,—,—,—,—
14.03.2017,1002,7867,—,—,—,—,—,—,—,—
13.03.2017,991,9560,—,—,—,—,—,—,—,—
10.03.2017,992,7856,—,—,—,—,—,—,—,—
09.03.2017,994,8077,—,—,—,—,—,—,—,—
07.03.2017,953,21559,—,—,—,—,—,—,—,—
06.03.2017,968,16080,—,—,—,—,—,—,—,—
03.03.2017,974,13497,—,—,—,—,—,—,—,—
02.03.2017,985,16934,—,—,—,—,—,—,—,—
01.03.2017,999,19019,—,—,—,—,—,—,—,—
28.02.2017,1000,16118,—,—,—,—,—,—,—,—
27.02.2017,1015,12592,—,—,—,—,—,—,—,—
22.02.2017,1008,17563,—,—,—,—,—,—,—,—
21.02.2017,1017,12597,—,—,—,—,—,—,—,—
20.02.2017,1015,6089,—,—,—,—,—,—,—,—
17.02.2017,1032,8632,—,—,—,—,—,—,—,—
16.02.2017,1039,6730,—,—,—,—,—,—,—,—
15.02.2017,1045,10245,—,—,—,—,—,—,—,—
14.02.2017,1018,8045,—,—,—,—,—,—,—,—
13.02.2017,1021,5718,—,—,—,—,—,—,—,—
10.02.2017,1030,9029,—,—,—,—,—,—,—,—
09.02.2017,1025,9594,—,—,—,—,—,—,—,—
08.02.2017,1024,9067,—,—,—,—,—,—,—,—
07.02.2017,990,8647,—,—,—,—,—,—,—,—
06.02.2017,977,12198,—,—,—,—,—,—,—,—
03.02.2017,996,10815,—,—,—,—,—,—,—,—
02.02.2017,1013,14515,—,—,—,—,—,—,—,—
01.02.2017,1024,16212,—,—,—,—,—,—,—,—
31.01.2017,1024,10898,—,—,—,—,—,—,—,—
30.01.2017,1027,9263,—,—,—,—,—,—,—,—
27.01.2017,1033,7948,—,—,—,—,—,—,—,—
26.01.2017,1038,11100,—,—,—,—,—,—,—,—
25.01.2017,1023,12331,—,—,—,—,—,—,—,—
24.01.2017,982,7924,—,—,—,—,—,—,—,—
23.01.2017,982,7501,—,—,—,—,—,—,—,—
20.01.2017,1010,11180,—,—,—,—,—,—,—,—
19.01.2017,1019,17177,—,—,—,—,—,—,—,—
18.01.2017,1026,19575,—,—,—,—,—,—,—,—
17.01.2017,1021,14900,—,—,—,—,—,—,—,—
16.01.2017,1022,13955,—,—,—,—,—,—,—,—
13.01.2017,1006,11431,—,—,—,—,—,—,—,—
12.01.2017,993,12957,—,—,—,—,—,—,—,—
11.01.2017,997,16550,—,—,—,—,—,—,—,—
10.01.2017,993,28800,—,—,—,—,—,—,—,—
09.01.2017,1013,24245,—,—,—,—,—,—,—,—
29.12.2016,1050,14720,—,—,—,—,—,—,—,—
28.12.2016,1047,18485,—,—,—,—,—,—,—,—
27.12.2016,1036,14260,—,—,—,—,—,—,—,—
26.12.2016,1025,19740,—,—,—,—,—,—,—,—
23.12.2016,1008,20295,—,—,—,—,—,—,—,—
22.12.2016,1018,22345,—,—,—,—,—,—,—,—
21.12.2016,1014,20105,—,—,—,—,—,—,—,—
20.12.2016,1014,14780,—,—,—,—,—,—,—,—
19.12.2016,1012,21420,—,—,—,—,—,—,—,—
16.12.2016,998,18980,—,—,—,—,—,—,—,—
15.12.2016,1004,20140,—,—,—,—,—,—,—,—
14.12.2016,1017,14636,—,—,—,—,—,—,—,—
13.12.2016,1018,18735,—,—,—,—,—,—,—,—
12.12.2016,1016,14845,—,—,—,—,—,—,—,—
09.12.2016,1021,17184,—,—,—,—,—,—,—,—
08.12.2016,1019,13950,—,—,—,—,—,—,—,—
07.12.2016,1013,9840,—,—,—,—,—,—,—,—
06.12.2016,1013,13185,—,—,—,—,—,—,—,—
05.12.2016,1022,13114,—,—,—,—,—,—,—,—
02.12.2016,1016,13390,—,—,—,—,—,—,—,—
01.12.2016,998,18070,—,—,—,—,—,—,—,—
30.11.2016,1009,9240,—,—,—,—,—,—,—,—
29.11.2016,1017,8635,—,—,—,—,—,—,—,—
28.11.2016,1041,12610,—,—,—,—,—,—,—,—
25.11.2016,1021,11635,—,—,—,—,—,—,—,—
24.11.2016,1010,17035,—,—,—,—,—,—,—,—
23.11.2016,997,23425,—,—,—,—,—,—,—,—
22.11.2016,1008,16973,—,—,—,—,—,—,—,—
21.11.2016,1019,14473,—,—,—,—,—,—,—,—
18.11.2016,1010,19253,—,—,—,—,—,—,—,—
17.11.2016,1014,13405,—,—,—,—,—,—,—,—
16.11.2016,1009,14830,—,—,—,—,—,—,—,—
15.11.2016,1018,14147,—,—,—,—,—,—,—,—
14.11.2016,1020,19447,—,—,—,—,—,—,—,—
11.11.2016,1003,12370,—,—,—,—,—,—,—,—
10.11.2016,1005,12792,—,—,—,—,—,—,—,—
09.11.2016,1001,12464,—,—,—,—,—,—,—,—
08.11.2016,937,5215,—,—,—,—,—,—,—,—
07.11.2016,922,9340,—,—,—,—,—,—,—,—
03.11.2016,950,9220,—,—,—,—,—,—,—,—
02.11.2016,975,8533,—,—,—,—,—,—,—,—
01.11.2016,1004,12335,—,—,—,—,—,—,—,—
31.10.2016,1036,10470,—,—,—,—,—,—,—,—
28.10.2016,1023,9487,—,—,—,—,—,—,—,—
27.10.2016,1016,10522,—,—,—,—,—,—,—,—
26.10.2016,1017,9707,—,—,—,—,—,—,—,—
25.10.2016,1032,12143,—,—,—,—,—,—,—,—
24.10.2016,1017,14372,—,—,—,—,—,—,—,—
21.10.2016,1033,18080,—,—,—,—,—,—,—,—
20.10.2016,1035,16579,—,—,—,—,—,—,—,—
19.10.2016,1047,17122,—,—,—,—,—,—,—,—
18.10.2016,1045,15365,—,—,—,—,—,—,—,—
17.10.2016,1044,16855,—,—,—,—,—,—,—,—
14.10.2016,1047,18735,—,—,—,—,—,—,—,—
13.10.2016,1050,13974,—,—,—,—,—,—,—,—
12.10.2016,1043,19975,—,—,—,—,—,—,—,—
11.10.2016,1050,16591,—,—,—,—,—,—,—,—
10.10.2016,1046,15836,—,—,—,—,—,—,—,—
07.10.2016,1032,17654,—,—,—,—,—,—,—,—
06.10.2016,1027,14250,—,—,—,—,—,—,—,—
05.10.2016,1018,15359,—,—,—,—,—,—,—,—
04.10.2016,1021,20539,—,—,—,—,—,—,—,—
03.10.2016,998,23255,—,—,—,—,—,—,—,—
30.09.2016,1055,17426,—,—,—,—,—,—,—,—
29.09.2016,1050,14274,—,—,—,—,—,—,—,—
28.09.2016,1028,13894,—,—,—,—,—,—,—,—
27.09.2016,1001,23639,—,—,—,—,—,—,—,—
26.09.2016,998,18700,—,—,—,—,—,—,—,—
23.09.2016,966,26390,—,—,—,—,—,—,—,—
22.09.2016,971,25093,—,—,—,—,—,—,—,—
21.09.2016,980,16655,—,—,—,—,—,—,—,—
20.09.2016,1017,13072,—,—,—,—,—,—,—,—
19.09.2016,1018,20768,—,—,—,—,—,—,—,—
16.09.2016,1062,12298,—,—,—,—,—,—,—,—
15.09.2016,1065,10989,—,—,—,—,—,—,—,—
14.09.2016,1050,14752,—,—,—,—,—,—,—,—
13.09.2016,1038,17710,—,—,—,—,—,—,—,—
12.09.2016,1040,16765,—,—,—,—,—,—,—,—
09.09.2016,1026,18413,—,—,—,—,—,—,—,—
08.09.2016,1025,18193,—,—,—,—,—,—,—,—
07.09.2016,1021,17615,—,—,—,—,—,—,—,—
06.09.2016,1031,18629,—,—,—,—,—,—,—,—
05.09.2016,1031,13684,—,—,—,—,—,—,—,—
02.09.2016,1028,13064,—,—,—,—,—,—,—,—
01.09.2016,1025,13260,—,—,—,—,—,—,—,—
31.08.2016,1030,12550,—,—,—,—,—,—,—,—
30.08.2016,1026,15293,—,—,—,—,—,—,—,—
29.08.2016,1029,13610,—,—,—,—,—,—,—,—
26.08.2016,1035,14238,—,—,—,—,—,—,—,—
25.08.2016,1028,12445,—,—,—,—,—,—,—,—
24.08.2016,1007,11609,—,—,—,—,—,—,—,—
23.08.2016,1020,12915,—,—,—,—,—,—,—,—
22.08.2016,1030,16545,—,—,—,—,—,—,—,—
19.08.2016,1028,15723,—,—,—,—,—,—,—,—
18.08.2016,1035,13970,—,—,—,—,—,—,—,—
17.08.2016,1028,13555,—,—,—,—,—,—,—,—
16.08.2016,1035,17090,—,—,—,—,—,—,—,—
15.08.2016,1033,16195,—,—,—,—,—,—,—,—
12.08.2016,1039,19148,—,—,—,—,—,—,—,—
11.08.2016,1037,19709,—,—,—,—,—,—,—,—
10.08.2016,1038,23805,—,—,—,—,—,—,—,—
09.08.2016,1039,18190,—,—,—,—,—,—,—,—
08.08.2016,1037,16500,—,—,—,—,—,—,—,—
05.08.2016,1036,18715,—,—,—,—,—,—,—,—
04.08.2016,1033,15690,—,—,—,—,—,—,—,—
03.08.2016,1033,16805,—,—,—,—,—,—,—,—
02.08.2016,997,12740,—,—,—,—,—,—,—,—
01.08.2016,1017,19760,—,—,—,—,—,—,—,—
29.07.2016,1034,13475,—,—,—,—,—,—,—,—
28.07.2016,1046,17865,—,—,—,—,—,—,—,—
27.07.2016,1037,12830,—,—,—,—,—,—,—,—
26.07.2016,1047,15130,—,—,—,—,—,—,—,—
25.07.2016,1030,8325,—,—,—,—,—,—,—,—
22.07.2016,1008,8622,—,—,—,—,—,—,—,—
21.07.2016,1041,11767,—,—,—,—,—,—,—,—
20.07.2016,1037,9529,—,—,—,—,—,—,—,—
19.07.2016,1038,19687,—,—,—,—,—,—,—,—
18.07.2016,1044,15800,—,—,—,—,—,—,—,—
15.07.2016,1017,21927,—,—,—,—,—,—,—,—
14.07.2016,1031,12925,—,—,—,—,—,—,—,—
13.07.2016,1037,13834,—,—,—,—,—,—,—,—
12.07.2016,1031,13289,—,—,—,—,—,—,—,—
11.07.2016,1020,13079,—,—,—,—,—,—,—,—
08.07.2016,1030,11105,—,—,—,—,—,—,—,—
07.07.2016,1027,14558,—,—,—,—,—,—,—,—
06.07.2016,1016,13944,—,—,—,—,—,—,—,—
05.07.2016,997,11677,—,—,—,—,—,—,—,—
04.07.2016,993,16282,—,—,—,—,—,—,—,—
01.07.2016,1018,15996,—,—,—,—,—,—,—,—
30.06.2016,1041,14827,—,—,—,—,—,—,—,—
29.06.2016,1038,12627,—,—,—,—,—,—,—,—
28.06.2016,1048,12668,—,—,—,—,—,—,—,—
27.06.2016,1043,13658,—,—,—,—,—,—,—,—
24.06.2016,995,17076,—,—,—,—,—,—,—,—
23.06.2016,1014,14026,—,—,—,—,—,—,—,—
22.06.2016,1027,11055,—,—,—,—,—,—,—,—
21.06.2016,1026,15414,—,—,—,—,—,—,—,—
20.06.2016,1042,12969,—,—,—,—,—,—,—,—
17.06.2016,1033,10517,—,—,—,—,—,—,—,—
16.06.2016,1036,6138,—,—,—,—,—,—,—,—
15.06.2016,1051,9505,—,—,—,—,—,—,—,—
14.06.2016,1032,14516,—,—,—,—,—,—,—,—
10.06.2016,1065,8498,—,—,—,—,—,—,—,—
09.06.2016,1076,11688,—,—,—,—,—,—,—,—
08.06.2016,1095,10074,—,—,—,—,—,—,—,—
07.06.2016,1066,10465,—,—,—,—,—,—,—,—
06.06.2016,1081,10937,—,—,—,—,—,—,—,—
03.06.2016,1107,8520,—,—,—,—,—,—,—,—
02.06.2016,1124,11650,—,—,—,—,—,—,—,—
01.06.2016,1124,11520,—,—,—,—,—,—,—,—
31.05.2016,1124,13220,—,—,—,—,—,—,—,—
30.05.2016,1130,8100,—,—,—,—,—,—,—,—
27.05.2016,1131,11195,—,—,—,—,—,—,—,—
26.05.2016,1128,11838,—,—,—,—,—,—,—,—
25.05.2016,1132,7279,—,—,—,—,—,—,—,—
24.05.2016,1132,9245,—,—,—,—,—,—,—,—
23.05.2016,1123,10275,—,—,—,—,—,—,—,—
20.05.2016,1124,14383,—,—,—,—,—,—,—,—
19.05.2016,1115,12365,—,—,—,—,—,—,—,—
18.05.2016,1111,12019,—,—,—,—,—,—,—,—
17.05.2016,1105,12700,—,—,—,—,—,—,—,—
16.05.2016,1142,14585,—,—,—,—,—,—,—,—
13.05.2016,1110,11094,—,—,—,—,—,—,—,—
12.05.2016,1100,12707,—,—,—,—,—,—,—,—
11.05.2016,1038,13185,—,—,—,—,—,—,—,—
10.05.2016,1028,5588,—,—,—,—,—,—,—,—
06.05.2016,1045,11250,—,—,—,—,—,—,—,—
05.05.2016,1096,8250,—,—,—,—,—,—,—,—
04.05.2016,1104,8021,—,—,—,—,—,—,—,—
29.04.2016,1109,8549,—,—,—,—,—,—,—,—
28.04.2016,1084,14253,—,—,—,—,—,—,—,—
27.04.2016,1054,6740,—,—,—,—,—,—,—,—
26.04.2016,1053,6705,—,—,—,—,—,—,—,—
25.04.2016,1065,7144,—,—,—,—,—,—,—,—
22.04.2016,1031,12920,—,—,—,—,—,—,—,—
21.04.2016,1032,13660,—,—,—,—,—,—,—,—
20.04.2016,1057,12422,—,—,—,—,—,—,—,—
19.04.2016,1100,13630,—,—,—,—,—,—,—,—
18.04.2016,1102,8975,—,—,—,—,—,—,—,—
15.04.2016,1094,16218,—,—,—,—,—,—,—,—
14.04.2016,1076,14170,—,—,—,—,—,—,—,—
13.04.2016,1063,8770,—,—,—,—,—,—,—,—
12.04.2016,1071,8771,—,—,—,—,—,—,—,—
11.04.2016,1075,9302,—,—,—,—,—,—,—,—
08.04.2016,1090,5614,—,—,—,—,—,—,—,—
07.04.2016,1083,12373,—,—,—,—,—,—,—,—
06.04.2016,1071,11981,—,—,—,—,—,—,—,—
05.04.2016,1045,4407,—,—,—,—,—,—,—,—
04.04.2016,1046,12079,—,—,—,—,—,—,—,—
01.04.2016,1095,20103,—,—,—,—,—,—,—,—
31.03.2016,1129,17010,—,—,—,—,—,—,—,—
30.03.2016,1122,13865,—,—,—,—,—,—,—,—
29.03.2016,1116,14460,—,—,—,—,—,—,—,—
28.03.2016,1131,14771,—,—,—,—,—,—,—,—
25.03.2016,1113,18936,—,—,—,—,—,—,—,—
24.03.2016,1079,27831,—,—,—,—,—,—,—,—
23.03.2016,1054,12608,—,—,—,—,—,—,—,—
22.03.2016,1056,16333,—,—,—,—,—,—,—,—
21.03.2016,1065,13223,—,—,—,—,—,—,—,—
18.03.2016,1070,19158,—,—,—,—,—,—,—,—
17.03.2016,1091,23679,—,—,—,—,—,—,—,—
16.03.2016,1089,18387,—,—,—,—,—,—,—,—
15.03.2016,1110,18587,—,—,—,—,—,—,—,—
14.03.2016,1107,15046,—,—,—,—,—,—,—,—
11.03.2016,1083,21557,—,—,—,—,—,—,—,—
10.03.2016,1086,21500,—,—,—,—,—,—,—,—
09.03.2016,1091,26025,—,—,—,—,—,—,—,—
04.03.2016,1079,27651,—,—,—,—,—,—,—,—
03.03.2016,1105,17994,—,—,—,—,—,—,—,—
02.03.2016,1090,17067,—,—,—,—,—,—,—,—
01.03.2016,1093,22176,—,—,—,—,—,—,—,—
29.02.2016,1093,11774,—,—,—,—,—,—,—,—
26.02.2016,1113,21415,—,—,—,—,—,—,—,—
25.02.2016,1105,21915,—,—,—,—,—,—,—,—
24.02.2016,1100,18622,—,—,—,—,—,—,—,—
20.02.2016,1087,18860,—,—,—,—,—,—,—,—
19.02.2016,1103,15100,—,—,—,—,—,—,—,—
18.02.2016,1098,19251,—,—,—,—,—,—,—,—
17.02.2016,1116,17111,—,—,—,—,—,—,—,—
16.02.2016,1088,17567,—,—,—,—,—,—,—,—
15.02.2016,1070,16958,—,—,—,—,—,—,—,—
12.02.2016,1066,19290,—,—,—,—,—,—,—,—
11.02.2016,1071,13985,—,—,—,—,—,—,—,—
10.02.2016,1082,16113,—,—,—,—,—,—,—,—
09.02.2016,1062,9153,—,—,—,—,—,—,—,—
08.02.2016,1062,11368,—,—,—,—,—,—,—,—
05.02.2016,1080,15263,—,—,—,—,—,—,—,—
04.02.2016,1101,14841,—,—,—,—,—,—,—,—
03.02.2016,1099,20288,—,—,—,—,—,—,—,—
02.02.2016,1072,16523,—,—,—,—,—,—,—,—
01.02.2016,1088,16133,—,—,—,—,—,—,—,—
29.01.2016,1107,15668,—,—,—,—,—,—,—,—
28.01.2016,1111,13195,—,—,—,—,—,—,—,—
27.01.2016,1120,14883,—,—,—,—,—,—,—,—
26.01.2016,1112,25475,—,—,—,—,—,—,—,—
25.01.2016,1117,25283,—,—,—,—,—,—,—,—
22.01.2016,1106,33235,—,—,—,—,—,—,—,—
21.01.2016,1103,25930,—,—,—,—,—,—,—,—
20.01.2016,1110,25472,—,—,—,—,—,—,—,—
19.01.2016,1108,30328,—,—,—,—,—,—,—,—
18.01.2016,1109,24671,—,—,—,—,—,—,—,—
15.01.2016,1102,20211,—,—,—,—,—,—,—,—
14.01.2016,1106,19017,—,—,—,—,—,—,—,—
13.01.2016,1101,17412,—,—,—,—,—,—,—,—
12.01.2016,1095,31125,—,—,—,—,—,—,—,—
11.01.2016,1085,16785,—,—,—,—,—,—,—,—
30.12.2015,1052,765,—,—,—,—,—,—,—,—
29.12.2015,1101,15597,—,—,—,—,—,—,—,—
28.12.2015,1095,19771,—,—,—,—,—,—,—,—
25.12.2015,1108,20990,—,—,—,—,—,—,—,—
24.12.2015,1083,19913,—,—,—,—,—,—,—,—
23.12.2015,1099,30043,—,—,—,—,—,—,—,—
22.12.2015,1106,24063,—,—,—,—,—,—,—,—
21.12.2015,1120,27523,—,—,—,—,—,—,—,—
18.12.2015,1129,20468,—,—,—,—,—,—,—,—
17.12.2015,1134,27603,—,—,—,—,—,—,—,—
16.12.2015,1117,19827,—,—,—,—,—,—,—,—
15.12.2015,1146,26128,—,—,—,—,—,—,—,—
14.12.2015,1154,25890,—,—,—,—,—,—,—,—
11.12.2015,1154,21265,—,—,—,—,—,—,—,—
10.12.2015,1164,21849,—,—,—,—,—,—,—,—
09.12.2015,1130,16315,—,—,—,—,—,—,—,—
08.12.2015,1178,12239,—,—,—,—,—,—,—,—
07.12.2015,1156,12406,—,—,—,—,—,—,—,—
04.12.2015,1100,21331,—,—,—,—,—,—,—,—
03.12.2015,1092,23511,—,—,—,—,—,—,—,—
02.12.2015,1111,21210,—,—,—,—,—,—,—,—
01.12.2015,1119,29036,—,—,—,—,—,—,—,—
30.11.2015,1132,14217,—,—,—,—,—,—,—,—
27.11.2015,1145,16705,—,—,—,—,—,—,—,—
26.11.2015,1148,17832,—,—,—,—,—,—,—,—
25.11.2015,1119,11316,—,—,—,—,—,—,—,—
24.11.2015,1161,21272,—,—,—,—,—,—,—,—
23.11.2015,1150,21129,—,—,—,—,—,—,—,—
20.11.2015,1164,15952,—,—,—,—,—,—,—,—
19.11.2015,1167,14022,—,—,—,—,—,—,—,—
18.11.2015,1168,18342,—,—,—,—,—,—,—,—
17.11.2015,1168,18800,—,—,—,—,—,—,—,—
16.11.2015,1162,10387,—,—,—,—,—,—,—,—
13.11.2015,1155,16225,—,—,—,—,—,—,—,—
12.11.2015,1160,13020,—,—,—,—,—,—,—,—
11.11.2015,1132,8887,—,—,—,—,—,—,—,—
10.11.2015,1143,15990,—,—,—,—,—,—,—,—
09.11.2015,1088,14449,—,—,—,—,—,—,—,—
06.11.2015,1139,13157,—,—,—,—,—,—,—,—
05.11.2015,1125,9349,—,—,—,—,—,—,—,—
03.11.2015,1132,10265,—,—,—,—,—,—,—,—
02.11.2015,1133,13507,—,—,—,—,—,—,—,—
30.10.2015,1146,11585,—,—,—,—,—,—,—,—
29.10.2015,1142,9470,—,—,—,—,—,—,—,—
28.10.2015,1142,7730,—,—,—,—,—,—,—,—
27.10.2015,1135,4950,—,—,—,—,—,—,—,—
26.10.2015,1150,7863,—,—,—,—,—,—,—,—
23.10.2015,1140,11195,—,—,—,—,—,—,—,—
22.10.2015,1136,14895,—,—,—,—,—,—,—,—
21.10.2015,1138,13565,—,—,—,—,—,—,—,—
20.10.2015,1135,10025,—,—,—,—,—,—,—,—
19.10.2015,1134,14140,—,—,—,—,—,—,—,—
16.10.2015,1147,14145,—,—,—,—,—,—,—,—
15.10.2015,1133,18130,—,—,—,—,—,—,—,—
14.10.2015,1139,16482,—,—,—,—,—,—,—,—
13.10.2015,1138,13252,—,—,—,—,—,—,—,—
12.10.2015,1101,15611,—,—,—,—,—,—,—,—
09.10.2015,1046,12625,—,—,—,—,—,—,—,—
08.10.2015,1048,14394,—,—,—,—,—,—,—,—
07.10.2015,1030,11388,—,—,—,—,—,—,—,—
06.10.2015,1030,12843,—,—,—,—,—,—,—,—
05.10.2015,1080,12156,—,—,—,—,—,—,—,—
02.10.2015,1141,12440,—,—,—,—,—,—,—,—
01.10.2015,1126,7718,—,—,—,—,—,—,—,—
30.09.2015,1145,11088,—,—,—,—,—,—,—,—
29.09.2015,1138,7593,—,—,—,—,—,—,—,—
28.09.2015,1143,5365,—,—,—,—,—,—,—,—
25.09.2015,1145,9727,—,—,—,—,—,—,—,—
24.09.2015,1101,8740,—,—,—,—,—,—,—,—
23.09.2015,1113,12755,—,—,—,—,—,—,—,—
22.09.2015,1161,14375,—,—,—,—,—,—,—,—
21.09.2015,1154,10665,—,—,—,—,—,—,—,—
18.09.2015,1140,11215,—,—,—,—,—,—,—,—
17.09.2015,1142,10620,—,—,—,—,—,—,—,—
16.09.2015,1162,21405,—,—,—,—,—,—,—,—
15.09.2015,1168,10525,—,—,—,—,—,—,—,—
14.09.2015,1157,7340,—,—,—,—,—,—,—,—
11.09.2015,1103,12405,—,—,—,—,—,—,—,—
10.09.2015,1050,9687,—,—,—,—,—,—,—,—
09.09.2015,1039,6160,—,—,—,—,—,—,—,—
08.09.2015,1040,12284,—,—,—,—,—,—,—,—
07.09.2015,1040,15784,—,—,—,—,—,—,—,—
04.09.2015,1060,14311,—,—,—,—,—,—,—,—
03.09.2015,1064,11099,—,—,—,—,—,—,—,—
02.09.2015,1058,14282,—,—,—,—,—,—,—,—
01.09.2015,1091,16177,—,—,—,—,—,—,—,—
31.08.2015,1104,7335,—,—,—,—,—,—,—,—
28.08.2015,1106,11640,—,—,—,—,—,—,—,—
27.08.2015,1121,9932,—,—,—,—,—,—,—,—
26.08.2015,1121,8440,—,—,—,—,—,—,—,—
25.08.2015,1111,6593,—,—,—,—,—,—,—,—
24.08.2015,1100,10910,—,—,—,—,—,—,—,—
21.08.2015,1099,9485,—,—,—,—,—,—,—,—
20.08.2015,1101,9390,—,—,—,—,—,—,—,—
19.08.2015,1108,10220,—,—,—,—,—,—,—,—
18.08.2015,1118,13807,—,—,—,—,—,—,—,—
17.08.2015,1110,9392,—,—,—,—,—,—,—,—
14.08.2015,1117,9587,—,—,—,—,—,—,—,—
13.08.2015,1088,10920,—,—,—,—,—,—,—,—
12.08.2015,1059,11184,—,—,—,—,—,—,—,—
11.08.2015,1059,10770,—,—,—,—,—,—,—,—
10.08.2015,1045,11807,—,—,—,—,—,—,—,—
07.08.2015,1030,5187,—,—,—,—,—,—,—,—
06.08.2015,1021,11420,—,—,—,—,—,—,—,—
05.08.2015,1016,11915,—,—,—,—,—,—,—,—
04.08.2015,1017,10450,—,—,—,—,—,—,—,—
03.08.2015,1045,7185,—,—,—,—,—,—,—,—
31.07.2015,1119,10595,—,—,—,—,—,—,—,—
30.07.2015,1097,7225,—,—,—,—,—,—,—,—
29.07.2015,1122,13334,—,—,—,—,—,—,—,—
28.07.2015,1156,11539,—,—,—,—,—,—,—,—
27.07.2015,1155,6796,—,—,—,—,—,—,—,—
24.07.2015,1097,10680,—,—,—,—,—,—,—,—
23.07.2015,1095,7130,—,—,—,—,—,—,—,—
22.07.2015,1153,11250,—,—,—,—,—,—,—,—
21.07.2015,1217,10885,—,—,—,—,—,—,—,—
20.07.2015,1214,8450,—,—,—,—,—,—,—,—
17.07.2015,1225,9150,—,—,—,—,—,—,—,—
16.07.2015,1214,8030,—,—,—,—,—,—,—,—
15.07.2015,1204,10248,—,—,—,—,—,—,—,—
14.07.2015,1192,9232,—,—,—,—,—,—,—,—
13.07.2015,1193,9650,—,—,—,—,—,—,—,—
10.07.2015,1154,7615,—,—,—,—,—,—,—,—
09.07.2015,1073,5676,—,—,—,—,—,—,—,—
08.07.2015,1059,4225,—,—,—,—,—,—,—,—
07.07.2015,1065,3560,—,—,—,—,—,—,—,—
06.07.2015,1091,7670,—,—,—,—,—,—,—,—
03.07.2015,1139,6753,—,—,—,—,—,—,—,—
02.07.2015,1184,7838,—,—,—,—,—,—,—,—
01.07.2015,1213,4190,—,—,—,—,—,—,—,—
30.06.2015,1240,8880,—,—,—,—,—,—,—,—
29.06.2015,1230,3580,—,—,—,—,—,—,—,—
26.06.2015,1226,2305,—,—,—,—,—,—,—,—
25.06.2015,1212,5908,—,—,—,—,—,—,—,—
24.06.2015,1186,6580,—,—,—,—,—,—,—,—
23.06.2015,1199,5345,—,—,—,—,—,—,—,—
22.06.2015,1205,2590,—,—,—,—,—,—,—,—
19.06.2015,1203,6360,—,—,—,—,—,—,—,—
18.06.2015,1218,7100,—,—,—,—,—,—,—,—
17.06.2015,1217,6630,—,—,—,—,—,—,—,—
16.06.2015,1206,7080,—,—,—,—,—,—,—,—
15.06.2015,1275,9747,—,—,—,—,—,—,—,—
11.06.2015,1269,13597,—,—,—,—,—,—,—,—
10.06.2015,1303,12352,—,—,—,—,—,—,—,—
09.06.2015,1312,4610,—,—,—,—,—,—,—,—
08.06.2015,1310,5502,—,—,—,—,—,—,—,—
05.06.2015,1306,3690,—,—,—,—,—,—,—,—
04.06.2015,1325,5155,—,—,—,—,—,—,—,—
03.06.2015,1274,7547,—,—,—,—,—,—,—,—
02.06.2015,1252,10900,—,—,—,—,—,—,—,—
01.06.2015,1280,7157,—,—,—,—,—,—,—,—
29.05.2015,1319,15170,—,—,—,—,—,—,—,—
28.05.2015,1299,10716,—,—,—,—,—,—,—,—
27.05.2015,1303,6404,—,—,—,—,—,—,—,—
26.05.2015,1303,6084,—,—,—,—,—,—,—,—
25.05.2015,1278,8311,—,—,—,—,—,—,—,—
22.05.2015,1226,8183,—,—,—,—,—,—,—,—
21.05.2015,1201,7263,—,—,—,—,—,—,—,—
20.05.2015,1243,6925,—,—,—,—,—,—,—,—
19.05.2015,1319,3660,—,—,—,—,—,—,—,—
18.05.2015,1327,4475,—,—,—,—,—,—,—,—
15.05.2015,1323,5030,—,—,—,—,—,—,—,—
14.05.2015,1315,7724,—,—,—,—,—,—,—,—
13.05.2015,1308,5560,—,—,—,—,—,—,—,—
12.05.2015,1279,3927,—,—,—,—,—,—,—,—
08.05.2015,1174,6820,—,—,—,—,—,—,—,—
07.05.2015,1221,7262,—,—,—,—,—,—,—,—
06.05.2015,1281,13754,—,—,—,—,—,—,—,—
05.05.2015,1311,12747,—,—,—,—,—,—,—,—
30.04.2015,1445,12219,—,—,—,—,—,—,—,—
29.04.2015,1480,8691,—,—,—,—,—,—,—,—
28.04.2015,1457,7142,—,—,—,—,—,—,—,—
27.04.2015,1460,10730,—,—,—,—,—,—,—,—
24.04.2015,1400,17815,—,—,—,—,—,—,—,—
23.04.2015,1351,8053,—,—,—,—,—,—,—,—
22.04.2015,1447,9069,—,—,—,—,—,—,—,—
21.04.2015,1497,13624,—,—,—,—,—,—,—,—
20.04.2015,1499,7670,—,—,—,—,—,—,—,—
17.04.2015,1478,8227,—,—,—,—,—,—,—,—
16.04.2015,1485,9325,—,—,—,—,—,—,—,—
15.04.2015,1477,7185,—,—,—,—,—,—,—,—
14.04.2015,1474,11280,—,—,—,—,—,—,—,—
13.04.2015,1471,5970,—,—,—,—,—,—,—,—
10.04.2015,1424,6805,—,—,—,—,—,—,—,—
09.04.2015,1355,9371,—,—,—,—,—,—,—,—
08.04.2015,1373,12580,—,—,—,—,—,—,—,—
07.04.2015,1375,10405,—,—,—,—,—,—,—,—
06.04.2015,1401,10115,—,—,—,—,—,—,—,—
03.04.2015,1416,12641,—,—,—,—,—,—,—,—
02.04.2015,1426,7546,—,—,—,—,—,—,—,—
01.04.2015,1427,11624,—,—,—,—,—,—,—,—
31.03.2015,1466,7140,—,—,—,—,—,—,—,—
30.03.2015,1463,4895,—,—,—,—,—,—,—,—
27.03.2015,1473,13040,—,—,—,—,—,—,—,—
26.03.2015,1469,5718,—,—,—,—,—,—,—,—
25.03.2015,1470,11900,—,—,—,—,—,—,—,—
24.03.2015,1450,7145,—,—,—,—,—,—,—,—
23.03.2015,1445,10050,—,—,—,—,—,—,—,—
20.03.2015,1451,14673,—,—,—,—,—,—,—,—
19.03.2015,1475,11914,—,—,—,—,—,—,—,—
18.03.2015,1476,11964,—,—,—,—,—,—,—,—
17.03.2015,1434,7960,—,—,—,—,—,—,—,—
16.03.2015,1405,8645,—,—,—,—,—,—,—,—
13.03.2015,1433,6335,—,—,—,—,—,—,—,—
12.03.2015,1471,5945,—,—,—,—,—,—,—,—
11.03.2015,1518,4860,—,—,—,—,—,—,—,—
10.03.2015,1550,9715,—,—,—,—,—,—,—,—
06.03.2015,1456,4645,—,—,—,—,—,—,—,—
05.03.2015,1549,3755,—,—,—,—,—,—,—,—
04.03.2015,1559,10212,—,—,—,—,—,—,—,—
03.03.2015,1550,5197,—,—,—,—,—,—,—,—
02.03.2015,1570,10418,—,—,—,—,—,—,—,—
27.02.2015,1549,6215,—,—,—,—,—,—,—,—
26.02.2015,1554,8655,—,—,—,—,—,—,—,—
25.02.2015,1547,8766,—,—,—,—,—,—,—,—
24.02.2015,1499,7415,—,—,—,—,—,—,—,—
20.02.2015,1501,8825,—,—,—,—,—,—,—,—
19.02.2015,1500,10320,—,—,—,—,—,—,—,—
18.02.2015,1498,11165,—,—,—,—,—,—,—,—
17.02.2015,1542,13475,—,—,—,—,—,—,—,—
16.02.2015,1515,11838,—,—,—,—,—,—,—,—
13.02.2015,1523,23317,—,—,—,—,—,—,—,—
12.02.2015,1524,27460,—,—,—,—,—,—,—,—
11.02.2015,1534,24105,—,—,—,—,—,—,—,—
10.02.2015,1547,10691,—,—,—,—,—,—,—,—
09.02.2015,1485,19306,—,—,—,—,—,—,—,—
06.02.2015,1458,14656,—,—,—,—,—,—,—,—
05.02.2015,1459,16741,—,—,—,—,—,—,—,—
04.02.2015,1482,26870,—,—,—,—,—,—,—,—
03.02.2015,1485,23860,—,—,—,—,—,—,—,—
02.02.2015,1495,14228,—,—,—,—,—,—,—,—
30.01.2015,1663,16970,—,—,—,—,—,—,—,—
29.01.2015,1674,13790,—,—,—,—,—,—,—,—
28.01.2015,1680,13452,—,—,—,—,—,—,—,—
27.01.2015,1697,14930,—,—,—,—,—,—,—,—
26.01.2015,1686,13947,—,—,—,—,—,—,—,—
23.01.2015,1681,12149,—,—,—,—,—,—,—,—
22.01.2015,1685,13316,—,—,—,—,—,—,—,—
21.01.2015,1691,13275,—,—,—,—,—,—,—,—
20.01.2015,1697,18310,—,—,—,—,—,—,—,—
19.01.2015,1696,26250,—,—,—,—,—,—,—,—
16.01.2015,1693,24975,—,—,—,—,—,—,—,—
15.01.2015,1710,21313,—,—,—,—,—,—,—,—
14.01.2015,1707,19345,—,—,—,—,—,—,—,—
13.01.2015,1719,21675,—,—,—,—,—,—,—,—
12.01.2015,1755,23460,—,—,—,—,—,—,—,—
30.12.2014,1739,9320,—,—,—,—,—,—,—,—
29.12.2014,1696,22380,—,—,—,—,—,—,—,—
26.12.2014,1697,17010,—,—,—,—,—,—,—,—
25.12.2014,1675,9803,—,—,—,—,—,—,—,—
24.12.2014,1837,15715,—,—,—,—,—,—,—,—
23.12.2014,1993,23955,—,—,—,—,—,—,—,—
22.12.2014,2336,21560,—,—,—,—,—,—,—,—
19.12.2014,2430,28292,—,—,—,—,—,—,—,—
18.12.2014,2865,18661,—,—,—,—,—,—,—,—
17.12.2014,2362,16055,—,—,—,—,—,—,—,—
16.12.2014,1869,12295,—,—,—,—,—,—,—,—
15.12.2014,1184,21783,—,—,—,—,—,—,—,—
12.12.2014,1162,21965,—,—,—,—,—,—,—,—
11.12.2014,1150,27301,—,—,—,—,—,—,—,—
10.12.2014,1064,29420,—,—,—,—,—,—,—,—
09.12.2014,1033,25986,—,—,—,—,—,—,—,—
08.12.2014,1018,24325,—,—,—,—,—,—,—,—
05.12.2014,973,23322,—,—,—,—,—,—,—,—
04.12.2014,941,22753,—,—,—,—,—,—,—,—
03.12.2014,942,25690,—,—,—,—,—,—,—,—
02.12.2014,988,23645,—,—,—,—,—,—,—,—
01.12.2014,1033,27220,—,—,—,—,—,—,—,—
28.11.2014,1069,17234,—,—,—,—,—,—,—,—
27.11.2014,1046,16633,—,—,—,—,—,—,—,—
26.11.2014,1057,15620,—,—,—,—,—,—,—,—
25.11.2014,1093,20208,—,—,—,—,—,—,—,—
24.11.2014,1066,19319,—,—,—,—,—,—,—,—
21.11.2014,1060,17236,—,—,—,—,—,—,—,—
20.11.2014,1022,10540,—,—,—,—,—,—,—,—
19.11.2014,1003,14127,—,—,—,—,—,—,—,—
18.11.2014,989,16058,—,—,—,—,—,—,—,—
17.11.2014,994,19085,—,—,—,—,—,—,—,—
14.11.2014,969,19508,—,—,—,—,—,—,—,—
13.11.2014,990,18046,—,—,—,—,—,—,—,—
12.11.2014,1018,20885,—,—,—,—,—,—,—,—
11.11.2014,986,14468,—,—,—,—,—,—,—,—
10.11.2014,1002,18194,—,—,—,—,—,—,—,—
07.11.2014,982,17735,—,—,—,—,—,—,—,—
06.11.2014,1022,21032,—,—,—,—,—,—,—,—
05.11.2014,1039,18791,—,—,—,—,—,—,—,—
31.10.2014,906,16272,—,—,—,—,—,—,—,—
30.10.2014,873,10579,—,—,—,—,—,—,—,—
29.10.2014,877,15404,—,—,—,—,—,—,—,—
28.10.2014,873,13823,—,—,—,—,—,—,—,—
27.10.2014,864,13024,—,—,—,—,—,—,—,—
24.10.2014,855,19509,—,—,—,—,—,—,—,—
23.10.2014,863,16779,—,—,—,—,—,—,—,—
22.10.2014,844,11369,—,—,—,—,—,—,—,—
21.10.2014,862,21069,—,—,—,—,—,—,—,—
20.10.2014,864,24518,—,—,—,—,—,—,—,—
17.10.2014,842,18610,—,—,—,—,—,—,—,—
16.10.2014,859,20700,—,—,—,—,—,—,—,—
15.10.2014,853,19209,—,—,—,—,—,—,—,—
14.10.2014,845,18035,—,—,—,—,—,—,—,—
13.10.2014,815,18610,—,—,—,—,—,—,—,—
10.10.2014,804,18846,—,—,—,—,—,—,—,—
09.10.2014,750,18277,—,—,—,—,—,—,—,—
08.10.2014,741,14528,—,—,—,—,—,—,—,—
07.10.2014,725,13716,—,—,—,—,—,—,—,—
06.10.2014,723,11970,—,—,—,—,—,—,—,—
03.10.2014,730,13430,—,—,—,—,—,—,—,—
02.10.2014,771,18144,—,—,—,—,—,—,—,—
01.10.2014,790,20080,—,—,—,—,—,—,—,—
30.09.2014,808,13341,—,—,—,—,—,—,—,—
29.09.2014,791,20688,—,—,—,—,—,—,—,—
26.09.2014,803,12712,—,—,—,—,—,—,—,—
25.09.2014,795,13620,—,—,—,—,—,—,—,—
24.09.2014,783,17857,—,—,—,—,—,—,—,—
23.09.2014,796,17055,—,—,—,—,—,—,—,—
22.09.2014,812,14686,—,—,—,—,—,—,—,—
19.09.2014,791,17790,—,—,—,—,—,—,—,—
18.09.2014,816,9890,—,—,—,—,—,—,—,—
17.09.2014,884,16335,—,—,—,—,—,—,—,—
16.09.2014,857,17696,—,—,—,—,—,—,—,—
15.09.2014,819,11684,—,—,—,—,—,—,—,—
12.09.2014,810,15333,—,—,—,—,—,—,—,—
11.09.2014,798,16309,—,—,—,—,—,—,—,—
10.09.2014,773,14865,—,—,—,—,—,—,—,—
09.09.2014,725,12202,—,—,—,—,—,—,—,—
08.09.2014,726,14029,—,—,—,—,—,—,—,—
05.09.2014,741,14358,—,—,—,—,—,—,—,—
04.09.2014,756,24010,—,—,—,—,—,—,—,—
03.09.2014,778,29120,—,—,—,—,—,—,—,—
02.09.2014,802,22340,—,—,—,—,—,—,—,—
01.09.2014,813,24085,—,—,—,—,—,—,—,—
29.08.2014,811,17617,—,—,—,—,—,—,—,—
28.08.2014,808,23418,—,—,—,—,—,—,—,—
27.08.2014,818,21372,—,—,—,—,—,—,—,—
26.08.2014,836,14904,—,—,—,—,—,—,—,—
25.08.2014,838,14779,—,—,—,—,—,—,—,—
22.08.2014,809,13952,—,—,—,—,—,—,—,—
21.08.2014,801,17210,—,—,—,—,—,—,—,—
20.08.2014,820,14825,—,—,—,—,—,—,—,—
19.08.2014,836,12895,—,—,—,—,—,—,—,—
18.08.2014,789,13110,—,—,—,—,—,—,—,—
15.08.2014,743,15359,—,—,—,—,—,—,—,—
14.08.2014,748,14090,—,—,—,—,—,—,—,—
13.08.2014,782,14632,—,—,—,—,—,—,—,—
12.08.2014,812,12035,—,—,—,—,—,—,—,—
11.08.2014,824,7445,—,—,—,—,—,—,—,—
08.08.2014,746,6975,—,—,—,—,—,—,—,—
07.08.2014,733,5800,—,—,—,—,—,—,—,—
06.08.2014,739,7180,—,—,—,—,—,—,—,—
05.08.2014,724,4845,—,—,—,—,—,—,—,—
04.08.2014,726,4915,—,—,—,—,—,—,—,—
01.08.2014,746,5320,—,—,—,—,—,—,—,—
31.07.2014,810,8980,—,—,—,—,—,—,—,—
30.07.2014,864,9525,—,—,—,—,—,—,—,—
29.07.2014,877,3390,—,—,—,—,—,—,—,—
28.07.2014,896,7050,—,—,—,—,—,—,—,—
25.07.2014,839,6605,—,—,—,—,—,—,—,—
24.07.2014,805,8165,—,—,—,—,—,—,—,—
23.07.2014,823,5327,—,—,—,—,—,—,—,—
22.07.2014,841,7230,—,—,—,—,—,—,—,—
21.07.2014,860,9105,—,—,—,—,—,—,—,—
18.07.2014,841,7658,—,—,—,—,—,—,—,—
17.07.2014,812,9438,—,—,—,—,—,—,—,—
16.07.2014,820,7240,—,—,—,—,—,—,—,—
15.07.2014,850,9135,—,—,—,—,—,—,—,—
14.07.2014,836,7464,—,—,—,—,—,—,—,—
11.07.2014,835,7425,—,—,—,—,—,—,—,—
10.07.2014,794,11237,—,—,—,—,—,—,—,—
09.07.2014,687,11720,—,—,—,—,—,—,—,—
08.07.2014,747,9380,—,—,—,—,—,—,—,—
07.07.2014,773,12832,—,—,—,—,—,—,—,—
04.07.2014,724,14759,—,—,—,—,—,—,—,—
03.07.2014,736,12393,—,—,—,—,—,—,—,—
02.07.2014,796,10890,—,—,—,—,—,—,—,—
01.07.2014,817,14655,—,—,—,—,—,—,—,—
30.06.2014,863,5655,—,—,—,—,—,—,—,—
27.06.2014,840,7464,—,—,—,—,—,—,—,—
26.06.2014,845,4280,—,—,—,—,—,—,—,—
25.06.2014,847,4469,—,—,—,—,—,—,—,—
24.06.2014,820,6947,—,—,—,—,—,—,—,—
23.06.2014,821,4295,—,—,—,—,—,—,—,—
20.06.2014,829,6157,—,—,—,—,—,—,—,—
19.06.2014,821,5022,—,—,—,—,—,—,—,—
18.06.2014,834,3978,—,—,—,—,—,—,—,—
17.06.2014,838,4947,—,—,—,—,—,—,—,—
16.06.2014,840,6734,—,—,—,—,—,—,—,—
11.06.2014,835,5228,—,—,—,—,—,—,—,—
10.06.2014,835,5244,—,—,—,—,—,—,—,—
09.06.2014,841,3930,—,—,—,—,—,—,—,—
06.06.2014,796,6650,—,—,—,—,—,—,—,—
05.06.2014,782,3889,—,—,—,—,—,—,—,—
04.06.2014,756,9587,—,—,—,—,—,—,—,—
03.06.2014,735,11472,—,—,—,—,—,—,—,—
02.06.2014,768,14864,—,—,—,—,—,—,—,—
30.05.2014,819,12527,—,—,—,—,—,—,—,—
29.05.2014,827,8520,—,—,—,—,—,—,—,—
28.05.2014,808,13299,—,—,—,—,—,—,—,—
27.05.2014,794,13598,—,—,—,—,—,—,—,—
26.05.2014,811,14025,—,—,—,—,—,—,—,—
23.05.2014,755,15027,—,—,—,—,—,—,—,—
22.05.2014,825,5269,—,—,—,—,—,—,—,—
21.05.2014,830,2864,—,—,—,—,—,—,—,—
20.05.2014,846,6320,—,—,—,—,—,—,—,—
19.05.2014,842,6505,—,—,—,—,—,—,—,—
16.05.2014,836,6395,—,—,—,—,—,—,—,—
15.05.2014,827,5238,—,—,—,—,—,—,—,—
14.05.2014,820,7567,—,—,—,—,—,—,—,—
13.05.2014,824,8205,—,—,—,—,—,—,—,—
12.05.2014,832,9830,—,—,—,—,—,—,—,—
08.05.2014,703,8635,—,—,—,—,—,—,—,—
07.05.2014,798,5367,—,—,—,—,—,—,—,—
06.05.2014,846,7184,—,—,—,—,—,—,—,—
05.05.2014,847,7889,—,—,—,—,—,—,—,—
30.04.2014,869,9568,—,—,—,—,—,—,—,—
29.04.2014,855,7846,—,—,—,—,—,—,—,—
28.04.2014,848,7837,—,—,—,—,—,—,—,—
25.04.2014,809,8652,—,—,—,—,—,—,—,—
24.04.2014,784,10100,—,—,—,—,—,—,—,—
23.04.2014,788,6464,—,—,—,—,—,—,—,—
22.04.2014,785,7589,—,—,—,—,—,—,—,—
21.04.2014,790,6398,—,—,—,—,—,—,—,—
18.04.2014,784,8271,—,—,—,—,—,—,—,—
17.04.2014,780,8541,—,—,—,—,—,—,—,—
16.04.2014,776,4997,—,—,—,—,—,—,—,—
15.04.2014,778,8654,—,—,—,—,—,—,—,—
14.04.2014,776,5999,—,—,—,—,—,—,—,—
11.04.2014,758,7763,—,—,—,—,—,—,—,—
10.04.2014,734,6801,—,—,—,—,—,—,—,—
09.04.2014,650,5120,—,—,—,—,—,—,—,—
08.04.2014,764,10588,—,—,—,—,—,—,—,—
07.04.2014,767,12121,—,—,—,—,—,—,—,—
04.04.2014,766,10913,—,—,—,—,—,—,—,—
03.04.2014,776,8616,—,—,—,—,—,—,—,—
02.04.2014,775,9683,—,—,—,—,—,—,—,—
01.04.2014,795,7731,—,—,—,—,—,—,—,—
31.03.2014,815,5356,—,—,—,—,—,—,—,—
28.03.2014,804,8818,—,—,—,—,—,—,—,—
27.03.2014,800,6195,—,—,—,—,—,—,—,—
26.03.2014,797,6828,—,—,—,—,—,—,—,—
25.03.2014,803,4769,—,—,—,—,—,—,—,—
24.03.2014,784,12122,—,—,—,—,—,—,—,—
21.03.2014,792,3328,—,—,—,—,—,—,—,—
20.03.2014,794,6404,—,—,—,—,—,—,—,—
19.03.2014,784,6871,—,—,—,—,—,—,—,—
18.03.2014,777,9196,—,—,—,—,—,—,—,—
17.03.2014,760,10284,—,—,—,—,—,—,—,—
14.03.2014,753,13460,—,—,—,—,—,—,—,—
13.03.2014,793,5269,—,—,—,—,—,—,—,—
12.03.2014,795,6437,—,—,—,—,—,—,—,—
11.03.2014,794,4630,—,—,—,—,—,—,—,—
07.03.2014,764,4960,—,—,—,—,—,—,—,—
06.03.2014,768,6283,—,—,—,—,—,—,—,—
05.03.2014,770,7046,—,—,—,—,—,—,—,—
04.03.2014,770,5989,—,—,—,—,—,—,—,—
03.03.2014,744,5763,—,—,—,—,—,—,—,—
28.02.2014,632,8120,—,—,—,—,—,—,—,—
27.02.2014,623,5578,—,—,—,—,—,—,—,—
26.02.2014,629,6810,—,—,—,—,—,—,—,—
25.02.2014,638,4522,—,—,—,—,—,—,—,—
24.02.2014,599,5933,—,—,—,—,—,—,—,—
21.02.2014,625,4458,—,—,—,—,—,—,—,—
20.02.2014,602,4865,—,—,—,—,—,—,—,—
19.02.2014,600,7333,—,—,—,—,—,—,—,—
18.02.2014,607,4955,—,—,—,—,—,—,—,—
17.02.2014,614,5996,—,—,—,—,—,—,—,—
14.02.2014,583,4400,—,—,—,—,—,—,—,—
13.02.2014,556,4710,—,—,—,—,—,—,—,—
12.02.2014,587,7417,—,—,—,—,—,—,—,—
11.02.2014,607,6042,—,—,—,—,—,—,—,—
10.02.2014,550,7740,—,—,—,—,—,—,—,—
07.02.2014,487,13538,—,—,—,—,—,—,—,—
06.02.2014,556,11173,—,—,—,—,—,—,—,—
05.02.2014,583,8736,—,—,—,—,—,—,—,—
04.02.2014,622,8008,—,—,—,—,—,—,—,—
03.02.2014,627,9747,—,—,—,—,—,—,—,—
31.01.2014,629,10530,—,—,—,—,—,—,—,—
30.01.2014,633,6203,—,—,—,—,—,—,—,—
29.01.2014,627,11749,—,—,—,—,—,—,—,—
28.01.2014,623,10070,—,—,—,—,—,—,—,—
27.01.2014,629,8274,—,—,—,—,—,—,—,—
24.01.2014,610,9913,—,—,—,—,—,—,—,—
23.01.2014,619,7059,—,—,—,—,—,—,—,—
22.01.2014,632,6390,—,—,—,—,—,—,—,—
21.01.2014,618,7737,—,—,—,—,—,—,—,—
20.01.2014,603,6626,—,—,—,—,—,—,—,—
17.01.2014,594,5730,—,—,—,—,—,—,—,—
16.01.2014,568,5580,—,—,—,—,—,—,—,—
15.01.2014,560,9255,—,—,—,—,—,—,—,—
14.01.2014,569,9695,—,—,—,—,—,—,—,—
13.01.2014,631,7321,—,—,—,—,—,—,—,—
10.01.2014,584,7294,—,—,—,—,—,—,—,—
09.01.2014,551,10545,—,—,—,—,—,—,—,—
