Дата / Дата / Дата / Дата / Дата / 1,Дефицит (+)/ профицит (-) ликвидности / Дефицит (+)/ профицит (-) ликвидности / Дефицит (+)/ профицит (-) ликвидности / Дефицит (+)/ профицит (-) ликвидности / Дефицит (+)/ профицит (-) ликвидности / 2 = 4 - 9 + 13 - 14 + 15,Дефицит (+)/ профицит (-) ликвидности без учета корсчетов / Дефицит (+)/ профицит (-) ликвидности без учета корсчетов / Дефицит (+)/ профицит (-) ликвидности без учета корсчетов / Дефицит (+)/ профицит (-) ликвидности без учета корсчетов / Дефицит (+)/ профицит (-) ликвидности без учета корсчетов / 3 = 4 - 9 + 13,в том числе / стандартные инструменты денежно-кредитной политики / требования Банка России к кредитным организациям / требования Банка России к кредитным организациям / требования Банка России к кредитным организациям / 4 = 5 + 6 + 7 + 8,в том числе / стандартные инструменты денежно-кредитной политики / в том числе / аукционы / репо и «валютный своп»** / 5,в том числе / стандартные инструменты денежно-кредитной политики / в том числе / аукционы / обеспеченные кредиты / 6,в том числе / стандартные инструменты денежно-кредитной политики / в том числе / операции постоянного действия / репо и «валютный своп»** / 7,в том числе / стандартные инструменты денежно-кредитной политики / в том числе / операции постоянного действия / обеспеченные кредиты / 8,в том числе / стандартные инструменты денежно-кредитной политики / обязательства Банка России перед кредитными организациями / обязательства Банка России перед кредитными организациями / обязательства Банка России перед кредитными организациями / 9 = 10 + 11 + 12,в том числе / стандартные инструменты денежно-кредитной политики / в том числе / депозиты / аукционы / 10,в том числе / стандартные инструменты денежно-кредитной политики / в том числе / депозиты / операции постоянного действия / 11,в том числе / стандартные инструменты денежно-кредитной политики / в том числе / КОБР / КОБР / 12,"в том числе / операции на возвратной основе, не относящиеся к стандартным инструментам денежно-кредитной политики (в том числе ДМ)* / операции на возвратной основе, не относящиеся к стандартным инструментам денежно-кредитной политики (в том числе ДМ)* / операции на возвратной основе, не относящиеся к стандартным инструментам денежно-кредитной политики (в том числе ДМ)* / операции на возвратной основе, не относящиеся к стандартным инструментам денежно-кредитной политики (в том числе ДМ)* / 13",Справочно: / Средства банков на корсчетах в Банке России / Средства банков на корсчетах в Банке России / Средства банков на корсчетах в Банке России / Средства банков на корсчетах в Банке России / 14,"Справочно: / Обязательные резервы, подлежащие усреднению на корсчетах*** / Обязательные резервы, подлежащие усреднению на корсчетах*** / Обязательные резервы, подлежащие усреднению на корсчетах*** / Обязательные резервы, подлежащие усреднению на корсчетах*** / 15"
02.06.2026,"1 754,9","1 725,1","5 169,9","4 328,8",0,199,8212,"3 679,7",0,"3 679,7",0,235,"5 250,7","5 280,4"
01.06.2026,"1 762,3","1 777,8","5 149,9","4 328,9",0,15,806,"3 607,1",0,"3 607,1",0,235,"5 295,9","5 280,4"
29.05.2026,"1 690,7","1 801,9","5 100,4","4 328,9",0,0,7716,"3 534,5",0,"3 534,5",0,236,"5 391,6","5 280,4"
28.05.2026,"1 687,7","1 604,4","5 013,7",4 332,0,0,6817,"3 641,8",0,"3 641,8",0,2324,5 197,"5 280,4"
27.05.2026,"1 692,2","1 806,9","5 264,7","4 420,2",0,28,8417,"3 689,7",0,"3 689,7",0,2319,"5 395,1","5 280,4"
26.05.2026,"1 691,7","1 741,5","5 171,9","4 420,2",0,0,7517,3 662,0,3 662,0,2316,"5 330,2","5 280,4"
25.05.2026,"1 795,1",1 727,"5 041,9","4 420,2",0,0,6217,"3 546,2",0,"3 546,2",0,2313,"5 247,3","5 315,5"
22.05.2026,"1 741,4","1 728,8","5 116,9","4 420,2",0,0,6967,"3 631,5",0,"3 631,5",0,2434,"5 267,9","5 280,4"
21.05.2026,"1 739,7","1 771,2","5 137,7","4 422,3",0,38,7117,3 610,0,3 610,0,2436,"5 311,9","5 280,4"
20.05.2026,"1 733,7","2 165,1","5 597,2","4 791,5",0,0,8057,"3 675,5",0,"3 675,5",0,2433,"5 711,8","5 280,4"
19.05.2026,"1 750,2","2 330,9",5 698,"4 792,3",0,0,9057,"3 610,4",0,"3 610,4",0,2433,"5 861,1","5 280,4"
18.05.2026,"1 757,4","2 291,5","5 568,4","4 792,7",0,0,7757,"3 520,5",0,"3 520,5",0,2436,"5 814,5","5 280,4"
15.05.2026,"1 712,7","2 151,2",5 489,"4 793,3",0,0,6957,"3 581,8",0,"3 581,8",0,244,"5 718,9","5 280,4"
14.05.2026,"1 700,5","2 316,9",5 704,"4 793,3",0,0,9107,"3 631,1",0,"3 631,1",0,244,"5 896,7","5 280,4"
13.05.2026,"1 627,3",6029,"4 870,6","4 139,8",0,0,7307,"4 511,7","1 098,8","3 412,9",0,244,"4 291,1","5 315,5"
12.05.2026,"1 756,6","1 161,6","4 777,8","4 139,8",0,0,638,"3 856,3",0,"3 856,3",0,2401,"4 720,6","5 315,5"
11.05.2026,1 751,"1 358,4","4 779,3","4 141,3",0,0,638,3 661,0,3 661,0,2401,"4 922,8","5 315,5"
08.05.2026,"1 598,5","1 367,6","4 714,3","4 141,3",0,0,573,"3 590,4",0,"3 590,4",0,2437,"5 084,7","5 315,5"
07.05.2026,"1 590,6","1 452,9","4 762,3","4 141,5",0,28,618,"3 553,1",0,"3 553,1",0,2437,"5 177,8","5 315,5"
06.05.2026,"1 534,5","1 878,7","5 260,7","4 602,7",0,0,658,3 622,0,3 622,0,2401,"5 659,7","5 315,5"
05.05.2026,"1 501,7",2 137,"5 415,7","4 602,7",0,0,813,"3 518,8",0,"3 518,8",0,2401,"5 950,8","5 315,5"
04.05.2026,"1 469,7","2 229,1","5 429,7","4 602,7",0,0,827,"3 440,6",0,"3 440,6",0,2401,"6 074,9","5 315,5"
30.04.2026,"1 432,3",2 573,"5 730,8","4 602,8",0,0,1 128,"3 482,6",0,"3 482,6",0,3248,"6 456,3","5 315,5"
29.04.2026,"1 353,5",2 635,"5 778,9","4 489,9",0,0,1 289,3 496,0,3 496,0,352,"6 596,9","5 315,5"
28.04.2026,"1 358,8","1 815,2","5 015,4","4 491,4",0,0,524,"3 440,5",0,"3 440,5",0,2403,"5 771,9","5 315,5"
27.04.2026,"1 550,9","1 716,8","5 056,6","4 492,9",0,0,5637,"3 580,2",0,"3 580,2",0,2404,"5 481,5","5 315,5"
24.04.2026,1 342,"1 346,2","4 760,6","4 492,9",0,0,2677,"3 655,4",0,"3 655,4",0,241,"5 319,7","5 315,5"
23.04.2026,"1 374,5","1 304,2","4 760,6","4 492,9",0,0,2677,"3 698,5",0,"3 698,5",0,2421,"5 245,3","5 315,5"
22.04.2026,"1 325,3","1 188,1","4 610,1","4 342,4",0,0,2677,"3 670,2",0,"3 670,2",0,2482,"5 178,3","5 315,5"
21.04.2026,"1 268,1","1 195,4","4 610,2","4 342,5",0,0,2677,"3 662,9",0,"3 662,9",0,2481,"5 242,8","5 315,5"
20.04.2026,"1 347,9","1 225,5","4 610,2","4 342,5",0,0,2677,"3 633,4",0,"3 633,4",0,2487,5 193,"5 315,5"
19.04.2026,"1 340,4","1 225,5","4 610,2","4 342,5",0,0,2677,"3 633,4",0,"3 633,4",0,2487,"5 200,6","5 315,5"
17.04.2026,"1 280,5",1 196,"4 610,2","4 342,5",0,0,2677,"3 665,9",0,"3 665,9",0,2518,5 231,"5 315,5"
16.04.2026,"1 128,4","1 198,4","4 610,2","4 342,5",0,0,2677,"3 671,7",0,"3 671,7",0,2599,"5 385,5","5 315,5"
15.04.2026,"1 086,2","2 045,7","5 715,3","4 932,6",0,0,7827,"3 933,2",0,"3 933,2",0,2636,"6 260,9","5 301,4"
14.04.2026,"1 100,5","1 815,6","5 184,8","4 623,1",0,0,5617,"3 647,3",0,"3 647,3",0,2781,"6 016,4","5 301,4"
13.04.2026,1 166,1 733,"5 017,3","4 623,1",0,0,3942,"3 602,7",0,"3 602,7",0,3185,"5 868,4","5 301,4"
10.04.2026,"1 077,9",1 529,"4 837,5","4 623,3",0,0,2142,"3 601,6",0,"3 601,6",0,2931,"5 752,4","5 301,4"
09.04.2026,"1 032,2",1 504,"4 837,5","4 623,3",0,0,2142,"3 626,6",0,"3 626,6",0,2931,"5 773,2","5 301,4"
08.04.2026,"1 026,6","1 046,6","4 444,9","4 230,7",0,0,2142,"3 646,7",0,"3 646,7",0,2484,"5 321,4","5 301,4"
07.04.2026,8832,"1 028,5","4 490,2",4 232,0,0,2582,3 710,0,3 710,0,2483,"5 446,8","5 301,4"
06.04.2026,9392,"1 109,2","4 520,4","4 232,2",0,0,2882,"3 659,3",0,"3 659,3",0,2481,"5 471,4","5 301,4"
03.04.2026,7861,"1 063,3","4 490,4","4 232,2",0,0,2582,"3 675,3",0,"3 675,3",0,2483,"5 578,6","5 301,4"
02.04.2026,7416,"1 067,8","4 496,4","4 232,2",0,0,2642,3 677,0,3 677,0,2484,"5 627,6","5 301,4"
01.04.2026,6793,9932,"4 375,3","4 101,5",0,0,2738,"3 730,4",0,"3 730,4",0,3484,"5 615,3","5 301,4"
31.03.2026,671,9686,"4 443,5","4 101,7",0,0,3418,"3 723,2",0,"3 723,2",0,2482,5 599,"5 301,4"
30.03.2026,8151,9037,"4 493,4","4 101,7",0,0,3917,"3 833,1",0,"3 833,1",0,2434,5 390,"5 301,4"
27.03.2026,7055,8683,"4 445,4","4 101,7",0,0,3437,"3 825,5",0,"3 825,5",0,2484,"5 464,1","5 301,4"
26.03.2026,7014,9374,"4 569,5","4 101,8",0,0,4677,"3 852,6",0,"3 852,6",0,2205,"5 537,4","5 301,4"
25.03.2026,6216,1 049,"4 700,3","4 190,5",0,521,4577,"3 860,5",0,"3 860,5",0,2092,"5 728,8","5 301,4"
24.03.2026,6802,"1 067,5","4 699,8","4 191,3",0,308,4777,"3 868,5",0,"3 868,5",0,2362,"5 688,7","5 301,4"
23.03.2026,8269,8675,"4 569,8","4 191,3",0,308,3477,"3 940,7",0,"3 940,7",0,2384,5 342,"5 301,4"
20.03.2026,7964,6578,"4 481,1","4 192,4",0,41,2477,"4 012,2",0,"4 012,2",0,1889,"5 162,8","5 301,4"
19.03.2026,7558,4316,4 282,"4 192,4",0,54,842,4 035,0,4 035,0,1845,"4 977,1","5 301,4"
18.03.2026,6931,-551,"3 760,4","3 670,9",0,5,845,"3 996,3",0,"3 996,3",0,1808,"4 553,2","5 301,4"
17.03.2026,7144,467,"3 825,4","3 670,9",0,0,1545,"3 981,9",0,"3 981,9",0,2032,"4 633,7","5 301,4"
16.03.2026,8053,2224,"3 922,2","3 670,9",0,19,2495,"3 922,1",0,"3 922,1",0,2222,"4 718,5","5 301,4"
13.03.2026,7908,4141,"3 794,2","3 670,9",0,18,1215,"3 610,6",0,"3 610,6",0,2305,"4 924,7","5 301,4"
12.03.2026,6813,5303,"3 855,4","3 670,9",0,0,1845,"3 557,2",0,"3 557,2",0,2321,"5 150,3","5 301,4"
11.03.2026,6389,"3 188,9","6 614,6","6 080,1",0,0,5345,"3 663,9",0,"3 663,9",0,2382,"7 892,2","5 342,2"
10.03.2026,6826,2537,3 535,"2 998,8",0,167,5195,"3 521,2",0,"3 521,2",0,2399,"4 913,3","5 342,2"
09.03.2026,6763,272,"3 518,5","2 998,9",0,01,5195,"3 486,4",0,"3 486,4",0,2399,"4 937,9","5 342,2"
06.03.2026,4878,2343,"3 428,4","2 998,9",0,0,4295,"3 420,8",0,"3 420,8",0,2267,"5 088,7","5 342,2"
05.03.2026,4639,3604,"3 638,4","2 998,9",0,0,6395,"3 517,8",0,"3 517,8",0,2398,"5 238,6","5 342,2"
04.03.2026,3398,591,"3 788,3","3 198,8",0,0,5895,"3 424,2",0,"3 424,2",0,227,"5 593,4","5 342,2"
03.03.2026,2895,6268,"3 896,2","3 199,2",0,0,697,"3 508,4",0,"3 508,4",0,2391,"5 679,5","5 342,2"
02.03.2026,3766,6761,"3 891,2","3 199,2",0,01,692,"3 509,1",0,"3 509,1",0,294,"5 641,6","5 342,2"
27.02.2026,2485,4698,3 724,"3 199,5",0,0,5245,"3 531,8",0,"3 531,8",0,2776,"5 563,5","5 342,2"
26.02.2026,3145,6063,"3 902,5","3 199,5",0,0,703,"3 538,2",0,"3 538,2",0,2421,5 634,"5 342,2"
25.02.2026,276,5358,"3 857,4","3 168,4",0,0,689,"3 558,7",0,"3 558,7",0,2371,5 602,"5 342,2"
24.02.2026,2234,1952,3 497,3 169,0,0,328,"3 537,4",0,"3 537,4",0,2356,5 314,"5 342,2"
20.02.2026,1825,2511,"3 610,4","3 169,4",0,0,441,3 549,0,3 549,0,1897,"5 410,7","5 342,2"
19.02.2026,2263,4222,"3 814,4","3 169,4",0,0,645,"3 581,9",0,"3 581,9",0,1897,"5 538,1","5 342,2"
18.02.2026,1656,5434,"3 842,9","3 239,9",0,0,603,"3 530,1",0,"3 530,1",0,2306,5 720,"5 342,2"
17.02.2026,1496,5794,"3 902,9","3 239,9",0,0,663,"3 512,6",0,"3 512,6",0,1891,5 772,"5 342,2"
16.02.2026,2218,1159,"3 536,9","3 239,9",0,0,297,"3 610,9",0,"3 610,9",0,1899,"5 236,3","5 342,2"
13.02.2026,1607,-717,"3 292,8","3 239,9",0,159,37,"3 604,7",0,"3 604,7",0,2402,"5 109,8","5 342,2"
12.02.2026,1445,-647,"3 301,3","3 239,9",0,244,37,"3 607,9",0,"3 607,9",0,2419,5 133,"5 342,2"
11.02.2026,1445,9447,"4 665,7","4 216,9",0,0,4488,"3 923,1",0,"3 923,1",0,202,"6 114,5","5 314,3"
10.02.2026,1494,-6743,"2 883,8","2 766,8",0,0,117,"3 797,4",0,"3 797,4",0,2393,"4 490,6","5 314,3"
09.02.2026,154,-5658,"2 808,5","2 768,5",0,3,37,"3 639,5",0,"3 639,5",0,2653,"4 594,6","5 314,3"
06.02.2026,03,-4233,"2 808,5","2 768,5",0,3,37,"3 437,6",0,"3 437,6",0,2059,"4 890,7","5 314,3"
05.02.2026,158,-351,"2 922,7","2 768,5",0,22,152,"3 541,7",0,"3 541,7",0,268,"4 947,5","5 314,3"
04.02.2026,-556,9076,"4 111,5","3 390,4",0,3231,398,"3 452,6",0,"3 452,6",0,2488,"6 277,5","5 314,3"
03.02.2026,-415,9942,"4 129,2","3 390,4",0,3257,413,"3 407,5",0,"3 407,5",0,2726,6 350,"5 314,3"
02.02.2026,138,1 008,4 137,"3 390,4",0,3284,4182,"3 458,6",0,"3 458,6",0,3296,"6 308,5","5 314,3"
30.01.2026,-201,"1 003,6","4 154,1","3 390,4",0,3254,4382,"3 406,3",0,"3 406,3",0,2559,6 338,"5 314,3"
29.01.2026,-155,"1 196,2",4 207,"3 390,4",0,3384,4782,3 401,0,3 401,0,3901,6 526,"5 314,3"
28.01.2026,1186,2857,"3 525,3","3 237,1",0,0,2882,"3 525,7",0,"3 525,7",0,2862,"5 481,5","5 314,3"
27.01.2026,2714,1762,"3 445,4","3 237,1",0,0,2082,"3 531,4",0,"3 531,4",0,2623,"5 219,1","5 314,3"
26.01.2026,418,30,"3 249,3","3 237,1",0,0,122,"3 481,7",0,"3 481,7",0,2623,"4 926,3","5 314,3"
25.01.2026,4091,30,"3 249,3","3 237,1",0,0,122,"3 481,7",0,"3 481,7",0,2623,"4 935,1","5 314,3"
23.01.2026,3401,-944,"3 249,8","3 237,6",0,0,122,"3 599,3",0,"3 599,3",0,2551,"4 879,8","5 314,3"
22.01.2026,3434,2534,"3 474,1","3 239,9",0,0,2342,"3 475,4",0,"3 475,4",0,2547,"5 224,3","5 314,3"
21.01.2026,196,2949,"3 607,9","3 317,4",0,183,2722,"3 567,7",0,"3 567,7",0,2547,"5 413,2","5 314,3"
20.01.2026,2391,4139,"3 720,7","3 317,4",0,211,3822,"3 561,3",0,"3 561,3",0,2546,"5 489,1","5 314,3"
19.01.2026,3176,3395,"3 594,1","3 317,4",0,45,2722,"3 509,4",0,"3 509,4",0,2548,"5 336,2","5 314,3"
18.01.2026,3124,3395,"3 594,1","3 317,4",0,45,2722,"3 509,4",0,"3 509,4",0,2548,"5 341,4","5 314,3"
16.01.2026,2422,102,"3 330,5","3 318,3",0,0,122,"3 575,2",0,"3 575,2",0,2549,"5 082,3","5 314,3"
15.01.2026,2776,2886,"3 568,4","3 320,2",0,0,2482,"3 534,4",0,"3 534,4",0,2546,"5 325,2","5 314,3"
14.01.2026,2542,-4103,"5 080,8","4 731,3",0,3373,122,"5 743,6",0,"5 743,6",0,2526,"4 643,1","5 307,6"
13.01.2026,2868,"1 424,4","5 264,9","4 731,3",0,3244,2092,"4 094,1",0,"4 094,1",0,2537,"6 445,2","5 307,6"
12.01.2026,4792,7792,"5 576,1","4 731,3",0,3776,4672,"5 154,2",0,"5 154,2",0,3573,"5 607,6","5 307,6"
09.01.2026,4693,8962,"5 576,1","4 731,3",0,3776,4672,"5 041,4",0,"5 041,4",0,3616,"5 734,5","5 307,6"
08.01.2026,4928,9669,"5 576,2","4 731,3",0,3777,4672,4 971,0,4 971,0,3616,"5 781,6","5 307,6"
06.01.2026,4859,"1 004,5","5 576,2","4 731,3",0,3777,4672,"4 933,3",0,"4 933,3",0,3616,"5 826,2","5 307,6"
05.01.2026,6079,"1 082,8","5 576,2","4 731,3",0,3777,4672,4 855,0,4 855,0,3616,"5 782,5","5 307,6"
01.01.2026,587,"1 106,3","5 576,2","4 731,3",0,3777,4672,"4 831,5",0,"4 831,5",0,3616,"5 826,8","5 307,6"
31.12.2025,7482,"1 141,4","5 588,9","4 731,3",0,3777,4799,4 809,0,4 809,0,3616,"5 700,7","5 307,6"
30.12.2025,7901,5048,"3 767,6","3 637,2",0,19,1285,"3 640,1",0,"3 640,1",0,3772,"5 022,2","5 307,6"
29.12.2025,9042,8859,4 012,"3 637,2",0,0,3748,"3 402,1",0,"3 402,1",0,276,"5 289,3","5 307,6"
26.12.2025,4628,4923,"3 764,4","3 639,6",0,0,1248,"3 512,2",0,"3 512,2",0,2401,"5 337,1","5 307,6"
25.12.2025,3412,804,"4 164,4","3 639,6",0,0,5248,"3 607,7",0,"3 607,7",0,2472,"5 770,3","5 307,6"
24.12.2025,2518,2567,"3 490,6","3 428,3",0,176,448,3 482,0,3 482,0,2481,"5 312,5","5 307,6"
23.12.2025,2235,2843,"3 500,4","3 429,6",0,0,708,"3 513,5",0,"3 513,5",0,2974,"5 368,4","5 307,6"
22.12.2025,3322,1807,"3 454,4","3 429,6",0,0,248,"3 523,1",0,"3 523,1",0,2494,"5 156,1","5 307,6"
19.12.2025,2321,1322,"3 455,6","3 430,8",0,0,248,"3 580,2",0,"3 580,2",0,2568,"5 207,7","5 307,6"
18.12.2025,2049,1535,"3 455,6","3 430,8",0,0,248,"3 559,3",0,"3 559,3",0,2572,"5 256,2","5 307,6"
17.12.2025,1999,-789,"3 212,5","3 187,6",0,0,249,"3 549,3",0,"3 549,3",0,2578,"5 028,7","5 307,6"
16.12.2025,1574,-244,"3 212,4","3 187,6",0,0,248,"3 495,1",0,"3 495,1",0,2583,"5 125,7","5 307,6"
15.12.2025,1789,-473,"3 212,4","3 187,6",0,0,248,"3 517,7",0,"3 517,7",0,258,"5 081,3","5 307,6"
12.12.2025,628,-1149,"3 212,4","3 187,6",0,0,248,"3 590,4",0,"3 590,4",0,2631,"5 129,8","5 307,6"
11.12.2025,168,-666,"3 214,9","3 190,1",0,0,248,"3 544,4",0,"3 544,4",0,2628,"5 224,1","5 307,6"
10.12.2025,-1263,1 945,"5 271,2","3 280,4",0,1 535,4558,"3 589,1",0,"3 589,1",0,2629,"7 274,6","5 203,3"
09.12.2025,-735,9752,"4 103,6","3 280,4",0,7524,708,"3 391,3",0,"3 391,3",0,2629,6 252,"5 203,3"
08.12.2025,-674,2645,"3 351,2","3 280,4",0,0,708,"3 349,6",0,"3 349,6",0,2629,"5 535,2","5 203,3"
05.12.2025,-1252,1699,"3 351,2","3 280,4",0,0,708,"3 443,5",0,"3 443,5",0,2623,"5 498,4","5 203,3"
04.12.2025,-1493,1359,"3 305,2","3 280,4",0,0,248,"3 431,5",0,"3 431,5",0,2623,"5 488,5","5 203,3"
03.12.2025,-2447,-1988,"2 907,6","2 856,8",0,0,508,"3 368,8",0,"3 368,8",0,2623,"5 249,2","5 203,3"
02.12.2025,-2697,-2171,"2 932,7","2 857,1",0,0,756,"3 407,2",0,"3 407,2",0,2573,"5 255,9","5 203,3"
01.12.2025,-1764,-1527,"3 039,8","2 857,1",0,0,1826,"3 452,1",0,"3 452,1",0,2597,5 227,"5 203,3"
28.11.2025,-2969,-3356,2 882,"2 857,2",0,0,248,"3 466,5",0,"3 466,5",0,2489,"5 164,6","5 203,3"
27.11.2025,-3509,-2555,"3 018,8",2 859,0,0,1598,"3 530,8",0,"3 530,8",0,2565,"5 298,7","5 203,3"
26.11.2025,-3307,-4016,"2 857,2","2 832,3",0,0,248,"3 515,2",0,"3 515,2",0,2565,"5 132,4","5 203,3"
25.11.2025,-2612,-2659,"2 997,2","2 832,3",0,0,1648,"3 519,3",0,"3 519,3",0,2562,"5 198,5","5 203,3"
24.11.2025,-2445,-3779,"2 857,8","2 832,9",0,0,248,"3 496,4",0,"3 496,4",0,2607,"5 069,9","5 203,3"
21.11.2025,-2512,-3067,"2 858,2","2 833,4",0,0,248,"3 426,3",0,"3 426,3",0,2614,"5 147,9","5 203,3"
20.11.2025,-2602,-2997,"2 864,1",2 839,0,0,251,"3 425,8",0,"3 425,8",0,262,"5 163,8","5 203,3"
19.11.2025,-2767,-7644,"2 342,4","2 317,3",0,0,251,"3 363,7",0,"3 363,7",0,2568,"4 715,5","5 203,3"
18.11.2025,-2908,-7577,"2 342,4","2 317,3",0,0,251,"3 361,4",0,"3 361,4",0,2613,"4 736,4","5 203,3"
17.11.2025,-3038,-7218,"2 342,4","2 317,3",0,0,251,"3 325,6",0,"3 325,6",0,2613,"4 785,2","5 203,3"
14.11.2025,-3752,-6878,"2 342,4","2 317,3",0,0,251,"3 292,6",0,"3 292,6",0,2624,"4 890,7","5 203,3"
13.11.2025,-4159,-5695,"2 482,4","2 317,3",0,0,1651,"3 314,4",0,"3 314,4",0,2624,"5 049,7","5 203,3"
12.11.2025,-4973,149,"3 349,2","2 977,1",0,0,3721,"3 462,2",0,"3 462,2",0,262,"5 831,7","5 185,4"
11.11.2025,-5559,-7003,"2 331,8","2 126,7",0,0,2051,"3 293,8",0,"3 293,8",0,2617,5 041,"5 185,4"
10.11.2025,-4802,-8216,"2 151,8","2 126,7",0,0,251,"3 235,1",0,"3 235,1",0,2617,4 844,"5 185,4"
07.11.2025,-5611,-8005,"2 151,8","2 126,7",0,0,251,"3 214,1",0,"3 214,1",0,2617,"4 945,9","5 185,4"
06.11.2025,-4724,-5978,"2 426,8","2 126,7",0,0,3001,"3 281,4",0,"3 281,4",0,2568,"5 060,1","5 185,4"
05.11.2025,-5695,-9801,1 860,"1 684,9",0,0,1751,"3 094,2",0,"3 094,2",0,2541,"4 774,7","5 185,4"
03.11.2025,-5556,-9647,"1 860,4","1 685,4",0,0,1751,"3 079,3",0,"3 079,3",0,2541,"4 776,3","5 185,4"
01.11.2025,-6034,"-1 092,8","1 710,4","1 685,4",0,0,251,"3 057,3",0,"3 057,3",0,2541,4 696,"5 185,4"
31.10.2025,-557,-7175,"2 010,5","1 685,4",0,0,3251,"2 982,5",0,"2 982,5",0,2544,"5 024,9","5 185,4"
30.10.2025,-6636,2859,"2 980,5","1 685,4",0,15,"1 280,1","3 004,1",0,"3 004,1",0,3095,"6 134,8","5 185,4"
29.10.2025,-2746,-5726,"2 085,3",589,0,512,"1 445,1","2 974,2",0,"2 974,2",0,3163,"4 887,4","5 185,4"
28.10.2025,-6516,-580,"2 155,4",5905,0,518,"1 513,1","3 034,7",0,"3 034,7",0,2993,5 257,"5 185,4"
27.10.2025,-5441,-4017,"2 536,8",5905,0,562,"1 890,1","3 237,8",0,"3 237,8",0,2993,"5 327,9","5 185,4"
24.10.2025,-5697,-7732,2 178,5911,0,28,"1 584,1","3 252,9",0,"3 252,9",0,3017,"4 981,9","5 185,4"
23.10.2025,-579,-8174,2 141,5919,0,0,"1 549,1","3 260,2",0,"3 260,2",0,3017,4 947,"5 185,4"
22.10.2025,-513,-5561,"2 356,9",9928,0,0,"1 364,1","3 213,7",0,"3 213,7",0,3007,"5 142,3","5 185,4"
21.10.2025,-513,-2623,"2 621,9",9928,0,0,"1 629,1","3 188,5",0,"3 188,5",0,3043,5 436,"5 185,4"
20.10.2025,-4683,-2461,"2 621,9",9928,0,0,"1 629,1","3 167,8",0,"3 167,8",0,2998,"5 407,6","5 185,4"
17.10.2025,-5234,-444,2 432,9928,0,0,"1 439,2","3 177,9",0,"3 177,9",0,302,"5 264,8","5 185,4"
16.10.2025,-5662,-3712,"2 491,4",9933,0,0,"1 498,1","3 154,6",0,"3 154,6",0,292,"5 380,4","5 185,4"
15.10.2025,-5878,1373,"2 976,5","1 462,5",0,99,"1 504,1","3 131,6",0,"3 131,6",0,2923,"5 910,5","5 185,4"
14.10.2025,-5735,1741,"2 992,1","1 462,5",0,156,"1 514,1","3 106,7",0,"3 106,7",0,2887,5 933,"5 185,4"
13.10.2025,-472,51,"2 849,9","1 462,5",0,233,"1 364,1","3 088,7",0,"3 088,7",0,2898,"5 708,4","5 185,4"
10.10.2025,-5254,-2004,"2 638,8",1 464,0,67,"1 168,1","3 128,3",0,"3 128,3",0,2892,"5 510,4","5 185,4"
09.10.2025,-6594,-4976,"2 337,8","1 464,8",0,49,8681,"3 124,6",0,"3 124,6",0,2892,"5 347,2","5 185,4"
08.10.2025,-783,-6707,"2 399,9","1 494,1",0,36,9022,3 372,0,3 372,0,3015,"5 192,9","5 080,5"
07.10.2025,-8248,3639,"3 166,2","1 494,1",0,814,8582,3 107,0,3 107,0,3047,"6 269,3","5 080,5"
06.10.2025,-775,-7632,"1 950,8","1 494,1",0,36,4532,"3 018,9",0,"3 018,9",0,3048,"5 092,3","5 080,5"
03.10.2025,-7768,-6004,"2 113,1","1 494,9",0,0,6182,"3 018,3",0,"3 018,3",0,3049,"5 256,9","5 080,5"
02.10.2025,-8776,-78,"2 745,1","1 494,9",0,0,"1 250,2","3 076,6",0,"3 076,6",0,2536,"5 880,2","5 080,5"
01.10.2025,-8683,-3344,"2 505,5","1 301,7",0,45,"1 199,2","3 255,5",0,"3 255,5",0,4156,"5 614,4","5 080,5"
30.09.2025,-8532,-566,"2 223,2","1 302,3",0,45,9164,"3 035,2",0,"3 035,2",0,2459,"5 367,7","5 080,5"
29.09.2025,-8074,-526,2 749,"1 302,7",0,20,"1 426,3","3 047,3",0,"3 047,3",0,2457,"5 835,4","5 080,5"
26.09.2025,-8579,-4949,2 414,"1 304,2",0,64,"1 103,3","3 155,7",0,"3 155,7",0,2468,"5 443,5","5 080,5"
25.09.2025,-8768,-5941,"2 362,1","1 304,3",0,45,"1 053,3","3 202,9",0,"3 202,9",0,2467,"5 363,2","5 080,5"
24.09.2025,-9329,-4677,"2 384,8","1 332,7",0,138,"1 038,3","3 099,2",0,"3 099,2",0,2467,"5 545,7","5 080,5"
23.09.2025,-9483,-5494,"2 436,9","1 332,8",0,258,"1 078,3","3 232,6",0,"3 232,6",0,2463,"5 479,4","5 080,5"
22.09.2025,-8153,-2428,"2 588,6","1 334,4",0,09,"1 253,3","3 077,7",0,"3 077,7",0,2463,5 653,"5 080,5"
19.09.2025,-8656,-4236,"2 492,7","1 334,4",0,15,"1 143,3","3 160,9",0,"3 160,9",0,2446,"5 522,5","5 080,5"
18.09.2025,-9671,-2548,"2 656,2","1 334,4",0,85,"1 313,3","3 155,4",0,"3 155,4",0,2443,"5 792,8","5 080,5"
17.09.2025,"-1 014,9",-840,"2 022,4",7482,0,709,"1 203,3","3 108,9",0,"3 108,9",0,2465,"5 255,4","5 080,5"
16.09.2025,"-1 029,1",-4978,"2 352,2",7486,0,803,"1 523,3","3 096,4",0,"3 096,4",0,2465,"5 611,9","5 080,5"
15.09.2025,-9627,"-2 744,2","1 709,6",7491,0,571,9033,"4 700,8",0,"4 700,8",0,2471,"3 299,1","5 080,5"
12.09.2025,-9913,-2 775,"1 610,6",7491,0,381,8233,"4 632,8",0,"4 632,8",0,2472,"3 296,8","5 080,5"
11.09.2025,-7714,"-2 309,1",1 679,7496,0,26,9033,"4 235,1",0,"4 235,1",0,2471,"3 542,9","5 080,5"
10.09.2025,"-1 019,4",526,"3 100,8","1 412,4",0,16,"1 686,9",3 296,0,3 296,0,2479,"6 075,6","5 003,6"
09.09.2025,"-1 086,3",3454,"3 296,1",5619,0,"1 500,8","1 233,4","3 198,3",0,"3 198,3",0,2476,"6 435,3","5 003,6"
08.09.2025,"-1 023,5","-1 084,8","1 785,3",5619,0,0,"1 223,4","3 117,7",0,"3 117,7",0,2476,"4 942,3","5 003,6"
05.09.2025,"-1 082,5","-1 119,7","1 765,3",5619,0,0,"1 203,4","3 133,1",0,"3 133,1",0,2481,"4 966,4","5 003,6"
04.09.2025,"-1 130,9","-1 212,8","1 700,3",5619,0,0,"1 138,4","3 161,2",0,"3 161,2",0,2481,"4 921,7","5 003,6"
03.09.2025,"-1 164,5","-1 122,3","1 786,9",4511,0,74,"1 328,4","3 157,1",0,"3 157,1",0,2479,"5 045,8","5 003,6"
02.09.2025,-1 207,"-1 334,9","1 673,4",4511,0,189,"1 203,4","3 256,2",0,"3 256,2",0,2479,"4 875,7","5 003,6"
01.09.2025,"-1 185,3",-1 224,"1 771,4",4515,0,315,"1 288,4","3 243,4",0,"3 243,4",0,248,"4 964,9","5 003,6"
29.08.2025,"-1 292,7","-1 345,8","1 529,7",4516,0,88,"1 069,4","3 125,1",0,"3 125,1",0,2496,"4 950,5","5 003,6"
28.08.2025,"-1 324,6","-1 511,9","1 364,2",4516,0,32,9094,"3 125,5",0,"3 125,5",0,2494,"4 816,3","5 003,6"
27.08.2025,"-1 285,4","-1 555,8","1 399,6",3102,0,61,"1 083,4","3 205,1",0,"3 205,1",0,2497,"4 733,2","5 003,6"
26.08.2025,"-1 287,1","-1 541,7","1 384,8",3102,0,113,"1 063,4","3 176,5",0,"3 176,5",0,250,4 749,"5 003,6"
25.08.2025,"-1 181,9","-1 290,1",1 548,3102,0,0,"1 237,9","3 088,6",0,"3 088,6",0,2505,"4 895,4","5 003,6"
22.08.2025,"-1 265,8","-1 604,9","1 338,9",3111,0,0,"1 027,9","3 194,5",0,"3 194,5",0,2506,"4 664,5","5 003,6"
21.08.2025,"-1 267,6","-1 307,1","1 633,9",3111,0,0,"1 322,9","3 192,2",0,"3 192,2",0,2512,"4 964,1","5 003,6"
20.08.2025,"-1 286,7","-1 171,7","1 772,1",5018,0,225,"1 247,9","3 195,3",0,"3 195,3",0,2515,"5 118,5","5 003,6"
19.08.2025,"-1 242,2","-1 252,1","1 708,8",5018,0,232,"1 183,9","3 217,7",0,"3 217,7",0,2568,"4 993,7","5 003,6"
18.08.2025,"-1 217,4",-1 052,"1 803,8",5018,0,231,"1 278,9","3 112,9",0,"3 112,9",0,2571,5 169,"5 003,6"
15.08.2025,"-1 307,8","-1 159,2",1 751,5018,0,204,"1 228,9","3 171,4",0,"3 171,4",0,2612,"5 152,2","5 003,6"
14.08.2025,"-1 355,5","-1 134,9","1 806,3",5018,0,157,"1 288,9","3 202,5",0,"3 202,5",0,2613,"5 224,2","5 003,6"
13.08.2025,"-1 343,2","-1 543,8","2 943,2","1 605,5",0,38,"1 333,9","4 748,3",300,"4 448,3",0,2614,"4 750,4",4 951
12.08.2025,"-1 470,1",-223,"3 018,2","1 605,6",0,37,"1 408,9","3 302,6",0,"3 302,6",0,2621,"6 398,9",4 951
11.08.2025,"-1 431,8",963,"2 848,2","1 605,6",0,37,"1 238,9","3 014,8",0,"3 014,8",0,263,"6 479,2",4 951
08.08.2025,"-1 502,2",2433,"3 080,8","1 605,6",0,133,"1 461,9","3 100,4",0,"3 100,4",0,2629,"6 696,4",4 951
07.08.2025,"-1 533,9",2739,"3 066,5","1 605,6",0,0,"1 460,9","3 055,3",0,"3 055,3",0,2627,"6 758,8",4 951
06.08.2025,"-1 564,9",561,"3 328,7","2 167,7",0,171,"1 143,9","3 030,2",0,"3 030,2",0,2625,"7 076,8",4 951
05.08.2025,"-1 506,6",5337,"3 348,1","2 167,7",0,165,"1 163,9","3 076,6",0,"3 076,6",0,2622,"6 991,3",4 951
04.08.2025,"-1 574,8",3752,"3 269,1","2 167,7",0,175,"1 083,9","3 156,1",0,"3 156,1",0,2623,6 901,4 951
01.08.2025,"-1 627,7",5782,"3 337,7","2 167,7",0,461,"1 123,9","3 023,4",0,"3 023,4",0,2639,"7 156,9",4 951
31.07.2025,"-1 573,1",6719,"3 365,5","2 167,7",0,294,"1 168,4","2 955,1",0,"2 955,1",0,2615,7 196,4 951
30.07.2025,"-1 445,5",-9658,"1 796,4",6882,0,13,"1 106,9","3 023,7",0,"3 023,7",0,2615,"5 430,7",4 951
29.07.2025,"-1 436,3",-6911,"2 016,5",6882,0,974,"1 230,9",2 980,0,2 980,0,2724,"5 696,2","4 950,9"
28.07.2025,"-1 125,1",-3 124,"1 759,6",6882,0,28,"1 068,7","5 144,8",0,"5 144,8",0,2611,2 952,"4 950,9"
25.07.2025,-1 356,"-3 164,9","1 417,4",6882,0,0,7292,"4 843,3",0,"4 843,3",0,2611,"3 142,1","4 950,9"
24.07.2025,"-1 377,3","-3 077,4","1 537,4",6882,0,0,8492,"4 875,4",0,"4 875,4",0,2607,"3 250,9","4 950,9"
23.07.2025,"-1 205,5","-2 758,6","1 358,3",7091,0,0,6492,"4 377,6",0,"4 377,6",0,2606,"3 397,8","4 950,9"
22.07.2025,"-1 245,3","-2 833,5","1 388,3",7091,0,0,6792,"4 483,2",0,"4 483,2",0,2615,"3 362,8","4 950,9"
21.07.2025,"-1 355,4","-2 550,9","1 208,3",7091,0,0,4992,"4 021,4",0,"4 021,4",0,2621,"3 755,4","4 950,9"
18.07.2025,"-1 112,6","-2 146,9","1 441,2",7091,0,3,7292,3 851,0,3 851,0,2628,"3 916,7","4 950,9"
17.07.2025,-1 114,"-2 328,4","1 498,3",7091,0,0,7892,"4 089,6",0,"4 089,6",0,2629,"3 736,5","4 950,9"
16.07.2025,"-1 110,8","-1 988,3",1 538,"1 013,8",0,0,5242,"3 789,3",0,"3 789,3",0,263,"4 073,5","4 950,9"
15.07.2025,-9533,"-2 101,4",1 494,"1 013,8",0,0,4802,"3 858,7",0,"3 858,7",0,2634,"3 802,9","4 950,9"
14.07.2025,"-1 092,1","-1 890,7","1 580,8","1 013,8",0,0,567,"3 736,6",0,"3 736,6",0,2651,"4 152,4","4 950,9"
11.07.2025,"-1 041,3","-1 561,6","1 873,3","1 013,8",0,0,8595,"3 698,7",0,"3 698,7",0,2638,"4 430,7","4 950,9"
10.07.2025,-1 160,"-1 293,7","1 907,9","1 013,9",0,0,894,"3 465,5",0,"3 465,5",0,2639,"4 817,2","4 950,9"
09.07.2025,"-1 174,9",-7946,2 287,1 024,0,0,1 263,"3 375,4",0,"3 375,4",0,2938,"5 340,3","4 960,1"
08.07.2025,"-1 196,7",-9547,1 739,1 024,0,0,715,"2 965,8",0,"2 965,8",0,2721,"5 202,1","4 960,1"
07.07.2025,"-1 153,4",-8671,1 736,1 024,0,0,712,"2 863,2",0,"2 863,2",0,2602,"5 246,4","4 960,1"
04.07.2025,"-1 237,7","-1 153,6",1 545,1 024,0,0,521,"2 955,9",0,"2 955,9",0,2572,"5 044,1","4 960,1"
03.07.2025,"-1 279,2","-1 333,1",1 302,1 024,0,0,278,"2 892,3",0,"2 892,3",0,2573,"4 906,2","4 960,1"
02.07.2025,-1 273,"-1 160,2","1 504,5","1 094,2",0,0,4103,2 922,0,2 922,0,2573,"5 072,9","4 960,1"
01.07.2025,"-1 291,8","-1 019,2","1 749,8","1 094,2",0,0,6556,"3 082,3",0,"3 082,3",0,3133,"5 232,7","4 960,1"
30.06.2025,"-1 239,5",-7768,"1 873,8","1 094,2",0,0,7796,"2 907,4",0,"2 907,4",0,2568,"5 422,8","4 960,1"
27.06.2025,"-1 215,2","-1 152,3","1 498,8","1 094,2",0,0,4046,"2 908,4",0,"2 908,4",0,2573,5 023,"4 960,1"
26.06.2025,"-1 188,2",-1 214,"1 453,8","1 094,2",0,0,3596,2 925,0,2 925,0,2573,"4 934,4","4 960,1"
25.06.2025,"-1 150,2","-1 060,6","1 570,7",1 024,0,0,5468,"2 888,8",0,"2 888,8",0,2575,"5 049,7","4 960,1"
24.06.2025,"-1 116,6",-9495,"1 767,2",1 024,0,0,7433,"2 971,9",0,"2 971,9",0,2552,"5 127,2","4 960,1"
23.06.2025,"-1 028,6","-1 061,7","1 558,2",1 024,0,0,5343,"2 879,2",0,"2 879,2",0,2593,4 927,"4 960,1"
20.06.2025,"-1 059,1",-9804,"1 688,2",1 024,0,0,6642,"2 928,9",0,"2 928,9",0,2603,"5 038,8","4 960,1"
19.06.2025,"-1 055,2","-1 128,6","1 628,2",1 024,0,0,6042,"3 017,3",0,"3 017,3",0,2605,"4 886,7","4 960,1"
18.06.2025,"-1 137,7","-1 031,8","1 746,4",9231,0,0,8232,"3 038,9",0,"3 038,9",0,2607,5 066,"4 960,1"
17.06.2025,"-1 176,1",-9502,"1 746,8",9236,0,0,8232,"2 957,8",0,"2 957,8",0,2608,5 186,"4 960,1"
16.06.2025,"-1 149,7","-1 102,9","1 636,8",9236,0,0,7132,"3 000,8",0,"3 000,8",0,2611,"5 006,8","4 960,1"
13.06.2025,"-1 147,6","-1 031,8","1 636,8",9236,0,0,7132,"2 929,6",0,"2 929,6",0,2611,"5 075,9","4 960,1"
11.06.2025,"-1 255,8","-1 265,6","1 395,2",6225,0,0,7726,"2 921,8",0,"2 921,8",0,261,"4 950,3","4 960,1"
10.06.2025,"-1 312,6","-1 194,4","1 428,7",6225,0,0,8061,"2 884,5",0,"2 884,5",0,2614,"5 078,2","4 960,1"
09.06.2025,"-1 160,3","-1 743,4","1 121,8",6225,0,0,4992,"3 141,2",0,"3 141,2",0,276,4 377,"4 960,1"
06.06.2025,"-1 352,8","-1 420,6","1 268,8",6225,0,0,6462,"2 962,4",0,"2 962,4",0,273,"4 892,3","4 960,1"
05.06.2025,"-1 473,6","-1 660,8","1 066,8",6225,0,0,4442,"3 001,4",0,"3 001,4",0,2737,"4 772,8","4 960,1"
04.06.2025,"-1 541,9","-2 639,7",7457,2002,0,0,5455,"3 659,1",300,"3 359,1",0,2737,"3 865,7","4 963,4"
03.06.2025,"-1 580,8","-1 764,1",9399,2002,0,0,7397,"2 977,8",0,"2 977,8",0,2738,"4 780,1","4 963,4"
02.06.2025,"-1 545,7","-1 801,7",8846,2002,0,152,6693,"2 959,9",0,"2 959,9",0,2737,"4 707,5","4 963,4"
30.05.2025,"-1 629,5","-2 180,4",5395,2002,0,0,3393,"2 992,4",0,"2 992,4",0,2725,"4 412,5","4 963,4"
29.05.2025,"-1 648,7","-1 961,1",6981,2008,0,0,4973,"2 932,3",0,"2 932,3",0,2732,"4 651,1","4 963,4"
28.05.2025,"-1 646,5","-1 504,7",1 191,8697,0,0,3213,2 966,0,2 966,0,2703,"5 105,2","4 963,4"
27.05.2025,"-1 554,6","-1 098,5",1 604,8697,0,0,7343,"2 974,7",0,"2 974,7",0,2722,"5 419,5","4 963,4"
26.05.2025,"-1 536,8",-9238,1 744,8697,0,0,8743,"2 940,9",0,"2 940,9",0,2731,"5 576,5","4 963,4"
23.05.2025,"-1 263,9","-1 096,8",1 614,8697,0,0,7443,"2 985,9",0,"2 985,9",0,2751,"5 130,5","4 963,4"
22.05.2025,"-1 233,8","-1 077,1",1 624,8697,0,0,7543,"2 976,2",0,"2 976,2",0,2751,"5 120,2","4 963,4"
21.05.2025,"-1 219,1",-8072,"1 866,4","1 042,2",0,0,8243,"2 948,8",0,"2 948,8",0,2751,"5 375,3","4 963,4"
20.05.2025,"-1 202,3",-837,"1 797,3","1 042,9",0,52,7493,"2 910,3",0,"2 910,3",0,276,"5 328,7","4 963,4"
19.05.2025,"-1 092,9",-8961,"1 688,5","1 043,3",0,0,6453,"2 860,7",0,"2 860,7",0,276,"5 160,2","4 963,4"
16.05.2025,"-1 198,4","-1 035,8","1 733,6","1 044,2",0,52,6843,"3 051,6",0,"3 051,6",0,2822,"5 126,1","4 963,4"
15.05.2025,"-1 227,5","-1 054,3",1 723,"1 044,2",0,0,6788,"3 059,5",0,"3 059,5",0,2823,"5 136,7","4 963,4"
14.05.2025,"-1 230,3","-1 209,4","1 530,3",8836,0,0,6468,"3 022,1",0,"3 022,1",0,2823,"4 984,4","4 963,4"
13.05.2025,"-1 255,9","-1 293,6","1 405,3",8836,0,0,5218,"2 981,3",0,"2 981,3",0,2824,"4 925,8","4 963,4"
12.05.2025,"-1 146,5","-1 195,6","1 437,8",8836,0,0,5543,2 917,0,2 917,0,2835,"4 914,3","4 963,4"
11.05.2025,"-1 148,7","-1 195,6","1 437,8",8836,0,0,5543,2 917,0,2 917,0,2835,"4 916,5","4 963,4"
10.05.2025,"-1 150,2","-1 195,6","1 437,8",8836,0,0,5543,2 917,0,2 917,0,2835,4 918,"4 963,4"
08.05.2025,"-1 152,1","-1 234,9","1 377,8",8836,0,0,4943,"2 896,2",0,"2 896,2",0,2835,"4 880,7","4 963,4"
07.05.2025,"-1 194,8","-1 976,5",843,2008,0,0,6423,"3 114,1",500,"2 614,1",0,2946,4 214,"4 995,7"
06.05.2025,"-1 104,5","-1 232,8","1 440,8",2008,0,0,"1 240,1","2 964,9",0,"2 964,9",0,2912,"4 867,4","4 995,7"
05.05.2025,"-1 276,7","-2 252,3",6458,2008,0,0,4451,"3 189,6",0,"3 189,6",0,2915,"4 020,1","4 995,7"
04.05.2025,"-1 280,7","-2 252,3",6458,2008,0,0,4451,"3 189,6",0,"3 189,6",0,2915,"4 024,1","4 995,7"
02.05.2025,"-1 271,4","-2 226,5",6059,2008,0,0,4051,"3 123,9",0,"3 123,9",0,2915,"4 040,6","4 995,7"
30.04.2025,"-1 350,8","-1 232,1","1 632,4",9013,0,0,7311,"3 158,3",0,"3 158,3",0,2938,"5 114,5","4 995,7"
29.04.2025,-6789,-9201,"1 722,4",9013,0,0,8211,"2 936,3",0,"2 936,3",0,2938,"4 754,5","4 995,7"
28.04.2025,"-1 150,1",-8906,"1 819,6",9033,0,0,9163,"3 004,2",0,"3 004,2",0,2941,"5 255,2","4 995,7"
25.04.2025,"-1 194,8","-1 165,9","1 631,3",9037,0,0,7277,"3 091,6",0,"3 091,6",0,2944,"5 024,7","4 995,7"
24.04.2025,"-1 193,8","-1 050,1","1 747,3",9037,0,0,8437,"3 091,9",0,"3 091,9",0,2945,"5 139,4","4 995,7"
23.04.2025,"-1 225,8",-3228,"2 481,8","1 777,2",0,0,7047,"3 099,1",0,"3 099,1",0,2945,"5 898,7","4 995,7"
22.04.2025,"-1 216,6",-2828,"2 492,8","1 777,2",0,0,7157,"3 070,2",0,"3 070,2",0,2945,"5 929,5","4 995,7"
21.04.2025,"-1 174,7",592,"2 779,3","1 777,2",0,0,"1 002,2","3 017,3",0,"3 017,3",0,2971,"6 229,5","4 995,7"
18.04.2025,"-1 182,7",618,"2 789,4","1 777,2",0,0,"1 012,2","3 025,4",0,"3 025,4",0,2979,"6 240,3","4 995,7"
17.04.2025,"-1 200,9",12,"2 712,2","1 777,2",0,01,935,"3 009,2",0,"3 009,2",0,2982,"6 197,8","4 995,7"
16.04.2025,-1 199,"-1 686,1","1 048,2",0,0,15,"1 033,2","3 030,3",993,2 931,0,2961,"4 508,6","4 995,7"
15.04.2025,"-1 044,9","-1 577,8","1 088,5",0,0,223,"1 066,2","2 962,4",994,2 863,0,2961,"4 462,8","4 995,7"
14.04.2025,"-1 211,4","-1 304,5","1 314,1",0,0,294,"1 284,7","2 914,9",100,"2 814,9",0,2963,"4 902,6","4 995,7"
11.04.2025,"-1 266,1","-1 450,4","1 191,5",0,0,372,"1 154,2","2 938,2",100,"2 838,2",0,2964,"4 811,4","4 995,7"
10.04.2025,"-1 277,7","-1 338,1","1 296,9",0,0,26,"1 294,2","2 931,2",100,"2 831,2",0,2963,"4 935,3","4 995,7"
09.04.2025,"-1 227,8","-1 056,2","2 175,3",811,0,76,"1 356,7","3 527,8",210,"3 317,8",0,2963,"5 236,3","5 064,8"
08.04.2025,"-1 246,6",-4692,"2 322,8",811,0,24,"1 509,4","3 088,3",210,"2 878,3",0,2963,"5 842,2","5 064,8"
07.04.2025,"-1 175,5","-1 250,3","1 492,7",0,0,22,"1 490,5","3 039,5",210,"2 829,5",0,2966,4 990,"5 064,8"
04.04.2025,"-1 237,8","-1 264,6","1 467,9",0,0,22,"1 465,6","3 028,9",210,"2 818,9",0,2965,5 038,"5 064,8"
03.04.2025,"-1 271,6","-1 291,9","1 425,9",0,0,22,"1 423,6","3 013,8",210,"2 803,8",0,296,"5 044,5","5 064,8"
02.04.2025,"-1 285,2","-1 319,9","1 404,9",0,0,23,"1 402,6","3 018,8",320,"2 698,8",0,294,"5 030,1","5 064,8"
01.04.2025,"-1 302,1",-6058,"2 155,4",0,0,486,"2 106,9","3 177,9",320,"2 857,9",0,4166,"5 761,1","5 064,8"
31.03.2025,-767,-448,"2 305,7","1 503,1",0,23,8002,"3 047,1",320,"2 727,1",0,2935,"5 383,9","5 064,8"
28.03.2025,"-1 343,3",-5414,"2 215,4","1 503,5",0,23,7096,3 050,320,2 730,0,2933,"5 866,7","5 064,8"
27.03.2025,"-1 290,4","-1 036,1","1 812,5",0,0,12,"1 800,6","3 155,1",320,"2 835,1",0,3065,5 319,"5 064,8"
26.03.2025,"-1 209,3",-9355,"1 880,9",1012,0,0,"1 779,7","3 122,3","1 259,8","1 862,6",0,3059,"5 338,5","5 064,8"
25.03.2025,"-1 327,8","-1 297,3","1 481,9",1012,0,0,"1 380,6","3 085,3",1 260,"1 825,3",0,3062,"5 095,3","5 064,8"
24.03.2025,"-1 247,5","-1 244,7","1 442,9",1012,0,0,"1 341,6",2 994,1 260,1 734,0,3064,"5 067,6","5 064,8"
21.03.2025,"-1 269,9","-1 041,5","1 683,9",1012,0,0,"1 582,6","3 034,3",1 260,"1 774,3",0,309,"5 293,2","5 064,8"
20.03.2025,"-1 229,9","-1 029,3","1 725,5",1012,0,0,"1 624,3",3 065,1 260,1 805,0,3102,"5 265,4","5 064,8"
19.03.2025,"-1 200,7",-9493,"2 107,5",3502,0,0,"1 757,3","3 367,7","2 041,5","1 326,3",0,3109,"5 316,2","5 064,8"
18.03.2025,"-1 244,6",-8077,"2 241,5",3502,0,0,"1 891,3","3 360,4","2 041,5","1 318,9",0,3112,"5 501,7","5 064,8"
17.03.2025,"-1 173,6","-1 916,4","1 131,5",3502,0,0,7813,"3 359,2",2 043,"1 316,3",0,3113,4 322,"5 064,8"
14.03.2025,"-1 177,9",-1 903,"1 176,5",3502,0,0,8263,"3 391,2",2 043,"1 348,2",0,3117,"4 339,7","5 064,8"
13.03.2025,"-1 252,1","-1 877,9","1 141,5",3502,0,0,7913,"3 331,2",2 045,"1 286,2",0,3117,"4 438,9","5 064,8"
12.03.2025,"-1 122,1","-1 840,8","1 585,2",4515,0,0,"1 133,8","3 737,5","2 924,3",8131,0,3115,4 463,"5 181,7"
11.03.2025,"-1 127,9",-5607,"2 429,9",4551,0,0,"1 974,8","3 302,1","2 297,9","1 004,3",0,3115,5 749,"5 181,7"
10.03.2025,"-1 069,9","-1 131,8",1 848,4551,0,0,"1 392,8",3 292,2 298,9941,0,3123,"5 119,9","5 181,7"
07.03.2025,"-1 054,4",-1 025,"1 994,8",4551,0,0,"1 539,6","3 333,1",2 310,"1 023,2",0,3134,"5 211,2","5 181,7"
06.03.2025,-9821,-9909,"2 049,2",4551,0,0,1 594,"3 353,4",2 310,"1 043,4",0,3134,"5 172,9","5 181,7"
05.03.2025,"-1 032,1","-1 142,6","1 714,9",5549,0,01,"1 159,9","3 170,8","1 829,8",1 341,0,3133,"5 071,2","5 181,7"
04.03.2025,"-1 041,6",-5587,2 282,5549,0,03,"1 726,9","3 152,9","1 829,9",1 323,0,3121,"5 664,5","5 181,7"
03.03.2025,"-1 074,9",-4821,"2 315,5",5558,0,11,"1 748,7","3 113,8","1 829,9","1 283,9",0,3162,"5 774,5","5 181,7"
28.02.2025,"-1 108,4",-1558,"2 683,1",5558,0,01,"2 127,2",3 151,"1 829,9","1 321,1",0,3121,"6 134,4","5 181,7"
27.02.2025,"-1 158,6",-2545,"2 597,1",5558,0,01,"2 041,2","3 163,8",1 840,"1 323,8",0,3121,"6 085,8","5 181,7"
26.02.2025,-1 143,"-1 036,8","2 133,6",8589,0,0,"1 274,7","3 484,9",2 060,"1 424,9",0,3145,"5 287,9","5 181,7"
25.02.2025,"-1 109,5",-8867,"2 283,8",8591,0,0,"1 424,7","3 484,9",2 060,"1 424,9",0,3143,"5 404,5","5 181,7"
24.02.2025,"-1 006,2",-1 030,"2 103,8",8591,0,0,"1 244,7",3 450,2 060,1 390,0,3161,"5 157,9","5 181,7"
21.02.2025,-9032,-8456,"2 370,8",8591,0,0,"1 511,7","3 532,6",2 060,"1 472,6",0,3161,"5 239,3","5 181,7"
20.02.2025,-916,-9176,"2 332,8",8591,0,0,"1 473,7",3 568,2 060,1 508,0,3176,"5 180,2","5 181,7"
19.02.2025,-9071,-9105,"2 435,2",9595,0,0,"1 475,7","3 664,9",2 430,"1 234,9",0,3191,"5 178,3","5 181,7"
18.02.2025,-9318,"-1 291,2",2 071,9602,0,0,"1 110,7","3 681,6",2 430,"1 251,6",0,3194,"4 822,3","5 181,7"
17.02.2025,-8109,"-1 248,4","2 065,9",9607,0,0,"1 105,2","3 633,8",2 430,"1 203,8",0,3194,"4 744,2","5 181,7"
14.02.2025,-827,-1 144,"2 152,5",9609,0,0,"1 191,6","3 616,2",2 430,"1 186,2",0,3196,"4 864,7","5 181,7"
13.02.2025,"-1 051,6",-1 496,"1 794,9",9609,0,0,834,"3 610,4",2 430,"1 180,4",0,3194,"4 737,3","5 181,7"
12.02.2025,"-1 081,3","-1 715,2","3 168,1","1 060,3",0,35,"2 104,3","5 202,7","4 083,2","1 119,5",0,3194,"4 517,5","5 151,4"
11.02.2025,"-1 085,3",-9252,"3 385,3","1 060,8",0,0,"2 324,5",4 630,"3 038,3","1 591,7",0,3194,"5 311,5","5 151,4"
10.02.2025,"-1 015,9","-1 883,6","2 425,8","1 060,8",0,01,"1 364,9",4 629,"3 038,3","1 590,7",0,3195,"4 283,7","5 151,4"
07.02.2025,-1 018,"-1 712,5","2 633,4","1 061,5",0,02,"1 571,7","4 664,2","3 038,3","1 625,9",0,3183,"4 456,8","5 151,4"
06.02.2025,-1 054,"-1 555,3","2 936,2","1 061,5",0,0,"1 874,7","4 809,6",3 040,"1 769,6",0,3181,4 650,"5 151,4"
05.02.2025,"-1 134,4",-8664,"3 089,1","1 365,1",0,03,"1 723,7","4 273,7","2 885,8","1 387,9",0,3182,"5 419,4","5 151,4"
04.02.2025,"-1 133,7",-3767,"3 377,3","1 365,1",0,05,"2 011,7","4 091,7","2 885,8","1 205,9",0,3377,"5 908,4","5 151,4"
03.02.2025,"-1 067,7",-6324,"2 908,6","1 365,1",0,118,"1 531,7","3 877,6","2 885,8",9918,0,3366,"5 586,7","5 151,4"
31.01.2025,"-1 049,4",-8428,"2 709,1","1 365,1",0,03,"1 343,7",3 940,"2 885,8","1 054,2",0,3882,5 358,"5 151,4"
30.01.2025,"-1 027,8",-9837,2 507,"1 365,1",0,72,"1 134,7","3 881,3","2 886,3",995,0,3906,"5 195,5","5 151,4"
29.01.2025,-5589,-6437,"2 481,9","1 373,9",0,0,1 108,"3 516,1","2 372,7","1 143,4",0,3906,"5 066,6","5 151,4"
28.01.2025,"-1 050,2",-4137,"2 707,6","1 373,9",0,0,"1 333,7","3 518,3","2 372,7","1 145,6",0,397,"5 787,9","5 151,4"
27.01.2025,"-1 010,7",-4772,"2 688,6","1 373,9",0,0,"1 314,7","3 543,9","2 372,9",1 171,0,378,"5 684,9","5 151,4"
24.01.2025,-9671,-6989,"2 579,1","1 374,5",0,0,"1 204,6","3 612,2","2 379,9","1 232,3",0,3342,"5 419,6","5 151,4"
23.01.2025,-9068,-6001,2 610,"1 375,8",0,0,"1 234,2","3 544,1","2 379,9","1 164,2",0,334,"5 458,1","5 151,4"
22.01.2025,-8772,-585,"2 697,3","1 391,3",0,0,"1 305,9","3 616,3",2 320,"1 296,3",0,334,"5 443,6","5 151,4"
21.01.2025,-8682,-6146,"2 673,6","1 392,7",0,0,"1 280,9","3 622,2",2 320,"1 302,2",0,3339,5 405,"5 151,4"
20.01.2025,-8241,-6588,"2 478,9","1 394,7",0,73,"1 076,9",3 470,2 320,1 150,0,3323,"5 316,8","5 151,4"
17.01.2025,-8492,-9048,"2 312,4","1 394,7",0,77,9099,"3 549,9",2 320,"1 229,9",0,3328,"5 095,9","5 151,4"
16.01.2025,-8311,-6241,"2 493,4","1 394,7",0,78,"1 090,9","3 510,5",2 320,"1 190,5",0,393,"5 358,4","5 151,4"
15.01.2025,-5462,"-3 377,9","3 039,4","1 401,5",0,78,1 630,"6 850,4","5 118,9","1 731,5",0,4331,"2 304,6","5 136,3"
14.01.2025,-8565,"-2 980,5","2 508,5","1 401,5",0,78,"1 099,1","5 888,9","3 111,9","2 777,1",0,400,"3 012,3","5 136,3"
13.01.2025,-5206,"-2 125,3","2 274,5","1 401,6",0,78,8651,"4 776,7",3 112,"1 664,7",0,3769,"3 531,6","5 136,3"
10.01.2025,-6471,"-1 462,9","2 792,7","1 401,8",0,79,1 383,"4 675,9",3 112,"1 563,9",0,4203,"4 320,6","5 136,3"
09.01.2025,4071,-3494,"3 773,8","1 401,9",0,1103,"2 261,6","4 723,6","2 646,5","2 077,1",0,6004,"4 379,8","5 136,3"
08.01.2025,4015,-2386,"3 775,4","1 403,5",0,1103,"2 261,6","4 614,5","2 646,5",1 968,0,6004,"4 496,2","5 136,3"
06.01.2025,5331,-1478,"3 760,4","1 403,5",0,1103,"2 246,6","4 448,7","2 646,5","1 802,2",0,5404,"4 455,3","5 136,3"
03.01.2025,5635,1361,"3 883,9","1 405,3",0,99,"2 468,6","4 226,2","2 646,5","1 579,7",0,4784,"4 708,8","5 136,3"
01.01.2025,5635,1361,"3 883,9","1 405,3",0,99,"2 468,6","4 226,2","2 646,5","1 579,7",0,4784,"4 708,8","5 136,3"
30.12.2024,8452,461,"3 793,9","1 405,3",0,99,"2 378,6","4 226,2","2 646,5","1 579,7",0,4784,"4 337,2","5 136,3"
28.12.2024,8137,"-1 036,4","3 218,2","1 405,3",0,1071,"1 705,7","4 644,1","3 196,6","1 447,5",0,3896,"3 286,2","5 136,3"
27.12.2024,-3101,"-2 223,1","2 511,9","1 405,3",0,76,1 099,5 155,"3 196,6","1 958,4",0,4201,"3 223,3","5 136,3"
26.12.2024,-4117,-9015,"3 339,5","1 405,4",0,57,"1 928,4","4 651,6","3 201,2","1 450,4",0,4106,"4 646,5","5 136,3"
25.12.2024,1704,443,"3 807,4","1 192,2",0,32,2 612,"3 780,2","1 473,8","2 306,4",0,4158,"5 408,9","5 136,3"
24.12.2024,736,1 081,"4 281,8","1 192,2",0,25,"3 087,1","3 640,5","1 473,8","2 166,7",0,4397,"6 143,7","5 136,3"
23.12.2024,-5746,"1 074,9","3 970,9","1 192,2",0,34,"2 775,3","3 387,1","1 473,8","1 913,4",0,4911,"6 785,8","5 136,3"
20.12.2024,-4893,"2 715,7","5 318,9","1 193,1",0,34,"4 122,4","3 096,8","1 473,9",1 623,0,4936,"8 341,3","5 136,3"
19.12.2024,-506,"2 705,1","5 318,4","1 193,2",0,35,"4 121,8","3 088,7","1 473,9","1 614,8",0,4755,"8 347,5","5 136,3"
18.12.2024,-4199,"2 304,7","5 262,7",9185,0,1365,"4 207,7","3 442,9",1 868,1 575,0,485,"7 860,9","5 136,3"
17.12.2024,215,"2 502,9","5 540,5",9185,0,2479,"4 374,1","3 469,7",1 868,"1 601,7",0,432,"7 424,1","5 136,3"
16.12.2024,-1331,"2 553,6","5 586,5",9188,0,2516,"4 416,1","3 465,6","1 870,1","1 595,4",0,4327,7 823,"5 136,3"
13.12.2024,9318,"2 328,2","5 403,1",9188,0,832,"4 401,1",3 511,"1 870,6","1 640,3",0,4361,"6 532,7","5 136,3"
12.12.2024,1168,"1 098,6","4 253,4",9188,0,24,"3 332,1","3 543,8","1 890,6","1 653,2",0,3891,"6 118,2","5 136,3"
11.12.2024,3484,"-2 430,6","3 511,5",516,0,25,"3 457,4","6 338,2","4 199,7","2 138,6",0,3961,"2 240,4","5 019,5"
10.12.2024,562,-7045,"3 693,6",516,0,26,"3 639,4","4 769,1","2 087,3","2 681,8",0,371,3 753,"5 019,5"
09.12.2024,3168,247,"3 627,8",516,0,25,"3 573,7","3 939,1","2 087,3","1 851,8",0,3359,"4 727,3","5 019,5"
06.12.2024,8556,3748,"3 854,4",516,0,25,"3 800,3",3 830,"2 087,4","1 742,6",0,3504,"4 538,7","5 019,5"
05.12.2024,867,4867,"4 130,4",516,0,25,"4 076,3","3 980,1","2 087,4","1 892,7",0,3364,"5 419,5","5 019,5"
04.12.2024,233,-3839,"3 988,3",516,0,25,"3 934,2","4 728,7","2 861,7","1 867,1",0,3565,"4 402,6","5 019,5"
03.12.2024,2897,1378,"4 446,5",516,0,47,"4 390,1","4 660,6","2 881,7","1 778,9",0,3519,"4 867,6","5 019,5"
02.12.2024,3895,4923,"4 756,6",516,0,256,"4 679,4","4 695,4","2 882,4","1 813,1",0,4311,"5 122,3","5 019,5"
29.11.2024,8257,4838,"4 783,7",516,0,89,"4 723,1","4 733,7","2 882,5","1 851,1",0,4338,"4 677,6","5 019,5"
28.11.2024,2501,353,"4 637,8",516,0,51,"4 581,1","4 729,9","2 884,1","1 845,8",0,445,"5 122,3","5 019,5"
27.11.2024,-478,7447,"4 994,2",0,0,26,"4 991,6","4 627,8","2 756,6","1 871,2",0,3783,5 812,"5 019,5"
26.11.2024,4373,1 369,"5 420,2",0,0,24,"5 417,8","4 473,5","2 756,6","1 716,9",0,4223,"5 951,2","5 019,5"
25.11.2024,295,7607,"4 929,4",0,0,25,"4 926,9","4 519,8","2 756,9","1 762,9",0,351,"5 485,2","5 019,5"
22.11.2024,-46,8093,"4 777,3",0,0,25,"4 774,8","4 372,5","2 757,2","1 615,3",0,4046,"5 874,8","5 019,5"
21.11.2024,-377,511,"4 605,3",0,0,25,"4 602,8","4 481,9","2 760,2","1 721,7",0,3876,"5 568,1","5 019,5"
20.11.2024,408,5611,"4 672,3",0,0,25,"4 669,8","4 461,6",2 692,"1 769,6",0,3504,"5 539,7","5 019,5"
19.11.2024,397,4863,"4 614,5",0,0,24,"4 612,1","4 451,7",2 692,"1 759,7",0,3235,"5 466,1","5 019,5"
18.11.2024,569,846,"4 931,5",0,0,24,"4 929,1","4 432,7","2 692,5","1 740,2",0,3472,"5 808,5","5 019,5"
15.11.2024,467,5551,"4 568,1",0,0,36,"4 564,5","4 379,3","2 692,5","1 686,8",0,3663,"5 527,9","5 019,5"
14.11.2024,151,5439,"4 581,2",0,0,25,"4 578,7","4 390,6","2 692,5","1 698,2",0,3533,"5 548,3","5 019,5"
13.11.2024,-557,"-1 949,2","5 230,5",0,0,5028,"4 727,7","7 587,8","5 698,3","1 889,5",0,4081,3 032,"4 925,4"
12.11.2024,-1116,"-1 446,9","5 281,2",0,0,25,"5 278,7","7 137,7",5 275,"1 862,7",0,4096,"3 590,1","4 925,4"
11.11.2024,-245,"-2 196,9","4 418,3",0,0,25,"4 415,8","7 056,1",5 275,1 781,0,4408,2 753,"4 925,4"
08.11.2024,-1246,"-2 507,2","4 258,6",0,0,25,"4 256,1",7 201,5 275,"1 925,9",0,4352,"2 542,9","4 925,4"
07.11.2024,-137,"-2 342,5","4 606,6",0,0,25,"4 604,1","7 360,6","5 275,3","2 085,3",0,4115,"2 719,9","4 925,4"
06.11.2024,678,"-1 747,8",4 692,0,0,37,"4 688,3","6 890,1","4 740,7","2 149,5",0,4503,"3 109,8","4 925,4"
05.11.2024,-712,"-1 811,1","4 404,2",0,0,37,"4 400,5","6 680,2","4 740,7","1 939,5",0,4649,"3 185,6","4 925,4"
02.11.2024,1988,"-1 510,7","4 548,6",0,0,65,"4 542,1","6 524,4","4 740,7","1 783,7",0,4652,3 216,"4 925,4"
01.11.2024,3594,"-1 571,1","4 856,8",0,0,97,"4 847,1",6 855,"4 740,7","2 114,3",0,427,"2 994,9","4 925,4"
31.10.2024,8161,"-1 202,4","4 992,8",0,0,37,"4 989,1","6 657,3","4 740,7","1 916,6",0,4621,2 907,"4 925,4"
30.10.2024,"1 146,5","1 298,6","5 102,4",0,0,37,"5 098,6","4 351,5","2 859,8","1 491,7",0,5478,"5 077,5","4 925,4"
29.10.2024,"1 388,1","1 616,4","5 358,7",0,0,26,"5 356,1","4 329,6","2 859,8","1 469,8",0,5873,"5 153,7","4 925,4"
28.10.2024,182,"4 811,6","8 551,3",0,0,"2 599,4","5 951,9","4 096,8","2 900,6","1 196,1",0,3571,"9 718,9","4 925,4"
25.10.2024,23,1 386,5 364,0,0,6981,"4 665,9","4 136,4","2 915,7","1 220,7",0,1584,"6 309,2","4 925,4"
24.10.2024,87,"1 497,3","5 503,3",0,0,5284,"4 974,9","4 167,1","2 915,8","1 251,4",0,1612,"6 414,1","4 925,4"
23.10.2024,134,1 425,"5 640,4",0,0,408,"5 232,4","4 314,5","3 139,6","1 174,9",0,992,"6 337,1","4 925,4"
22.10.2024,372,"1 603,5","5 746,3",0,0,4079,"5 338,4","4 321,6","3 140,6",1 181,0,1788,"6 491,7","4 925,4"
21.10.2024,305,"1 281,2","5 369,3",0,0,4084,"4 960,9","4 258,3","3 140,6","1 117,8",0,1703,"6 176,1","4 925,4"
18.10.2024,977,"1 326,7","5 390,4",0,0,16,"5 388,9","4 312,4","3 140,6","1 171,9",0,2487,"6 154,5","4 925,4"
17.10.2024,403,9109,"4 997,9",0,0,0,"4 997,9","4 358,5","3 142,7","1 215,8",0,2716,5 796,"4 925,4"
16.10.2024,-155,5017,"4 778,9",0,0,17,"4 777,2","4 549,7","3 446,7","1 102,9",0,2725,"5 442,7","4 925,4"
15.10.2024,362,8054,"5 109,2",0,0,0,"5 109,2","4 524,5","3 446,9","1 077,7",0,2207,"5 694,6","4 925,4"
14.10.2024,-113,7978,5 154,0,0,27,"5 151,3","4 534,2",3 447,"1 087,2",0,178,"5 734,5","4 925,4"
11.10.2024,20,6402,"5 004,6",0,0,1527,"4 851,8","4 524,4",3 447,"1 077,4",0,160,"5 545,6","4 925,4"
10.10.2024,-102,583,"4 964,6",0,0,1528,"4 811,8",4 517,3 448,1 069,0,1354,"5 518,6","4 925,4"
09.10.2024,-2271,"-2 437,3","5 129,7",0,0,729,"5 056,8","7 751,9","6 223,2","1 528,6",0,1849,"2 596,4","4 806,6"
08.10.2024,-1585,"-1 144,8","4 854,9",0,0,28,"4 852,2","6 204,9","4 238,9","1 966,1",0,2052,"3 820,3","4 806,6"
07.10.2024,-1161,-9869,"4 491,4",0,0,27,"4 488,7","5 765,3","4 238,9","1 526,4",0,287,"3 935,8","4 806,6"
04.10.2024,-1108,-6903,"4 658,4",0,0,1027,"4 555,7","5 507,3","4 239,4",1 268,0,1586,"4 227,1","4 806,6"
03.10.2024,1052,-8072,4 533,0,0,48,"4 528,3","5 497,6","4 239,4","1 258,2",0,1573,"3 894,1","4 806,6"
02.10.2024,2315,4622,"5 184,5",0,0,47,"5 179,8","4 888,6","3 368,3","1 520,3",0,1663,"5 037,3","4 806,6"
01.10.2024,2786,7269,"5 402,3",0,0,3923,5 010,"4 880,2","3 368,3","1 511,9",0,2049,"5 254,9","4 806,6"
30.09.2024,-3649,-2169,"4 463,2",0,0,29,"4 460,3","4 766,7","3 368,3","1 398,4",0,866,"4 954,6","4 806,6"
27.09.2024,-3261,-5275,4 039,0,0,27,"4 036,3","4 723,1","3 368,3","1 354,8",0,1567,"4 605,3","4 806,6"
26.09.2024,-3677,-5876,4 076,0,0,27,"4 073,3","4 789,1",3 409,"1 380,1",0,1255,"4 586,7","4 806,6"
25.09.2024,-3812,-6439,3 867,0,0,27,"3 864,3","4 648,1","3 199,6","1 448,5",0,1372,"4 543,9","4 806,6"
24.09.2024,-3251,-446,4 036,0,0,27,"4 033,3","4 562,7","3 199,8","1 362,9",0,807,"4 685,7","4 806,6"
23.09.2024,-3228,-267,"4 202,3",0,0,103,"4 099,3","4 531,4","3 199,9","1 331,5",0,621,"4 862,4","4 806,6"
20.09.2024,-3175,-406,"4 142,9",0,0,1029,4 040,"4 547,7",3 200,"1 347,7",0,-12,4 718,"4 806,6"
19.09.2024,-311,-3671,"4 157,8",0,0,1034,"4 054,4","4 539,8",3 200,"1 339,8",0,148,"4 750,4","4 806,6"
18.09.2024,-3349,5432,"4 017,8",0,0,43,"4 013,5","3 456,6","2 155,3","1 301,2",0,-181,"5 684,7","4 806,6"
17.09.2024,-3514,8569,"4 305,8",0,0,28,4 303,"3 431,4",2 156,"1 275,5",0,-175,"6 014,9","4 806,6"
16.09.2024,-3479,"1 400,7","4 614,4",0,0,329,"4 581,5","3 194,8",2 156,"1 038,9",0,-188,"6 555,2","4 806,6"
13.09.2024,-3893,"1 068,5",4 334,0,0,28,"4 331,2","3 259,2",2 156,"1 103,3",0,-63,"6 264,4","4 806,6"
12.09.2024,-4132,"1 002,8","4 342,1",0,0,28,"4 339,3","3 336,7","2 156,8",1 180,0,-26,"6 222,7","4 806,6"
11.09.2024,-4848,"-1 631,4","4 360,1",0,0,28,"4 357,2","5 982,2","2 607,7","3 374,5",0,-92,"3 599,7","4 746,3"
10.09.2024,-5167,7236,"4 544,5",0,0,28,"4 541,7","3 828,7","1 677,7",2 151,0,78,"5 986,6","4 746,3"
09.09.2024,-5252,7808,"4 440,5",0,0,28,"4 437,7","3 680,7","1 677,8","2 002,9",0,209,"6 052,2","4 746,3"
06.09.2024,-5385,860,"4 587,6",0,0,28,"4 584,7","3 713,3","1 677,9","2 035,4",0,-143,"6 144,8","4 746,3"
05.09.2024,-5031,2784,"3 903,2",0,0,28,"3 900,3","3 719,9",1 680,"2 039,9",0,951,"5 527,7","4 746,3"
04.09.2024,-5749,-4695,"3 844,5",0,0,61,"3 838,3","4 328,2",2 456,"1 872,2",0,142,"4 851,7","4 746,3"
03.09.2024,-5969,-6124,3 713,0,0,62,"3 706,8","4 314,6",2 456,"1 858,6",0,-108,"4 730,8","4 746,3"
02.09.2024,-6255,1337,"4 332,7",0,0,6019,"3 730,8","4 209,8",2 456,"1 753,8",0,108,"5 505,5","4 746,3"
30.08.2024,-5835,"-1 150,3","3 097,5",0,0,101,"3 087,4","4 288,1",2 456,"1 832,1",0,403,"4 179,4","4 746,3"
29.08.2024,-5363,-8574,"3 358,8",0,0,111,"3 347,7","4 292,8",2 456,"1 836,8",0,766,"4 425,2","4 746,3"
28.08.2024,-6651,"-1 485,6","3 685,7",0,0,62,"3 679,6",5 292,3 765,"1 526,9",0,1206,"3 925,7","4 746,3"
27.08.2024,-5005,"-1 285,3","3 879,5",0,0,4669,"3 412,6","5 307,8",3 765,"1 542,7",0,143,"3 961,5","4 746,3"
26.08.2024,-5118,-657,4 057,0,0,4674,"3 589,6","4 908,2",3 765,"1 143,1",0,1942,4 601,"4 746,3"
23.08.2024,-6225,-9857,"3 824,6",0,0,467,"3 357,6",4 936,"3 766,2","1 169,7",0,1258,"4 383,1","4 746,3"
22.08.2024,-6366,-8383,"4 013,5",0,0,4669,"3 546,6",4 969,"3 766,2","1 202,8",0,1172,"4 544,6","4 746,3"
21.08.2024,-6417,-1227,"4 026,6",0,0,467,"3 559,6",4 289,"3 039,8","1 249,2",0,1397,"5 265,3","4 746,3"
20.08.2024,-6242,-4043,"4 009,6",0,0,467,"3 542,6",4 553,"3 039,8","1 513,2",0,1391,"4 966,2","4 746,3"
19.08.2024,-629,-3734,"3 981,7",0,0,4676,"3 514,1","4 516,9","3 039,9",1 477,0,1618,"5 001,9","4 746,3"
18.08.2024,-631,-3734,"3 981,7",0,0,4676,"3 514,1","4 516,9","3 039,9",1 477,0,1618,"5 003,8","4 746,3"
17.08.2024,-6315,-3734,"3 981,7",0,0,4676,"3 514,1","4 516,9","3 039,9",1 477,0,1618,"5 004,3","4 746,3"
16.08.2024,-3926,-5968,"3 759,7",0,0,4672,"3 292,6","4 511,5","3 039,9","1 471,6",0,155,"4 542,1","4 746,3"
15.08.2024,-6141,-2069,"4 199,2",0,0,4667,"3 732,6","4 538,6",3 040,"1 498,6",0,1325,"5 153,6","4 746,3"
14.08.2024,-6081,"-2 409,4","4 870,3",0,0,9005,"3 969,9","7 401,1","6 112,1","1 289,1",0,1214,2 968,"4 769,3"
13.08.2024,-6388,"-2 230,3","4 843,4",0,0,"1 080,6","3 762,9","7 191,4","5 837,3",1 354,0,1177,"3 177,9","4 769,3"
12.08.2024,-6639,"-2 487,7","4 110,3",0,0,4507,"3 659,6","6 724,7",5 330,"1 394,7",0,1268,"2 945,5","4 769,3"
09.08.2024,-7062,-2 771,"3 998,7",0,0,4568,"3 541,8","6 866,9",5 330,"1 536,9",0,972,"2 704,5","4 769,3"
08.08.2024,-7309,"-2 614,6","4 188,9",0,0,4568,3 732,"6 866,3",5 330,"1 536,3",0,628,"2 885,7","4 769,3"
07.08.2024,-6911,-2 573,"4 193,9",0,0,4568,3 737,"6 782,1","4 469,9","2 312,2",0,152,"2 887,5","4 769,3"
06.08.2024,-6606,"-2 497,6","4 149,2",0,0,4568,"3 692,3","6 683,4","4 469,9","2 213,5",0,367,"2 932,4","4 769,3"
05.08.2024,-4635,"-2 398,4","4 174,5",0,0,4507,"3 723,8","6 668,6","4 469,9","2 198,7",0,956,"2 834,5","4 769,3"
02.08.2024,-3695,"-2 108,8","4 134,1",0,0,4502,"3 683,8","6 357,4",4 470,"1 887,4",0,1145,3 030,"4 769,3"
01.08.2024,-6851,"-2 223,6","3 902,3",0,0,486,"3 416,4","6 352,7",4 470,"1 882,7",0,2268,"3 230,9","4 769,3"
31.07.2024,-6839,"-2 127,1","3 967,9",0,0,4704,"3 497,5","6 408,3","1 888,8","4 519,5",0,3133,"3 326,2","4 769,3"
30.07.2024,398,"-1 803,4","4 609,2",0,0,4705,"4 138,7","6 854,3","1 890,3",4 964,0,4417,"2 926,2","4 769,3"
29.07.2024,-6587,"1 862,5","4 785,7",0,0,4556,4 330,"3 281,5","1 897,3","1 384,2",0,3584,"7 290,6","4 769,3"
26.07.2024,-6195,"1 410,5","4 164,8",0,0,4704,"3 694,4","3 053,9","1 912,3","1 141,6",0,2997,"6 799,3","4 769,3"
25.07.2024,-7032,"1 903,5","4 486,6",0,0,2212,"4 265,4","2 774,3","1 912,3",8621,0,1912,7 376,"4 769,3"
24.07.2024,-6549,"1 929,2","4 336,3",0,0,211,"4 315,2","2 679,7","1 849,4",8303,0,2727,"7 353,5","4 769,3"
23.07.2024,-6449,"2 044,6",4 444,0,0,1711,"4 272,9","2 695,2","1 849,4",8458,0,2958,"7 458,9","4 769,3"
22.07.2024,-5943,1 767,"4 145,5",0,0,1,"4 144,5","2 685,5","1 849,4",8361,0,307,"7 130,7","4 769,3"
19.07.2024,-6243,"1 602,9","3 966,8",0,0,06,"3 966,2","2 653,4","1 849,4",8039,0,2894,"6 996,5","4 769,3"
18.07.2024,-6391,"1 419,4","3 817,9",0,0,217,"3 796,2","2 711,6","1 849,4",8622,0,3132,"6 827,8","4 769,3"
17.07.2024,-663,"1 820,7","4 121,4",1136,0,236,"3 984,2","2 615,7","1 751,2",8645,0,3151,"7 253,1","4 769,3"
16.07.2024,-6743,"1 081,1","3 408,4",1136,0,236,"3 271,2",2 638,"1 751,2",8868,0,3108,"6 524,8","4 769,3"
15.07.2024,-6976,1 119,"3 443,4",1136,0,237,"3 306,2","2 574,4","1 751,3",8232,0,250,"6 585,9","4 769,3"
12.07.2024,-7021,"1 019,3","3 303,5",1136,0,237,"3 166,2","2 591,3","1 751,4",840,0,3072,"6 490,8","4 769,3"
11.07.2024,-7115,6653,"3 043,4",1136,0,236,"2 906,2","2 631,4","1 751,4",8801,0,2533,"6 146,2","4 769,3"
10.07.2024,-7603,"-1 690,1","2 573,3",1136,0,238,"2 435,8","4 497,6","3 648,4",8492,0,2341,"3 812,3","4 742,1"
09.07.2024,-8045,-537,"2 718,6",1136,0,238,"2 581,2","3 495,3","2 316,1","1 179,3",0,2397,"5 009,6","4 742,1"
08.07.2024,-8079,-2087,"3 006,9",1136,0,239,"2 869,4","3 368,1","2 316,2",1 052,0,1526,"5 341,3","4 742,1"
05.07.2024,-8047,"-1 141,8","2 128,6",1136,0,238,"1 991,1","3 440,2","2 316,2",1 124,0,1699,"4 405,1","4 742,1"
04.07.2024,-8794,"-1 374,4","1 869,6",1136,0,238,"1 732,1","3 391,8","2 316,2","1 075,6",0,1478,"4 247,1","4 742,1"
03.07.2024,-8952,"-1 511,1","2 100,8",1136,0,238,"1 963,3","3 694,7","2 715,5",9793,0,829,"4 126,3","4 742,1"
02.07.2024,-9127,"-1 640,5","1 987,8",1136,0,239,"1 850,3","3 728,8","2 715,5","1 013,3",0,1005,"4 014,4","4 742,1"
01.07.2024,-9843,"-1 724,7",1 691,1136,0,30,"1 547,3","3 549,2","2 303,7","1 245,5",0,1335,"4 001,8","4 742,1"
28.06.2024,-9486,"-2 354,7","1 593,2",1137,0,185,"1 461,1","4 100,3","2 949,2","1 151,1",0,1524,3 336,"4 742,1"
27.06.2024,-9908,-2 116,"1 618,4",1137,0,185,"1 486,3",4 005,"2 964,6","1 040,4",0,2706,"3 616,9","4 742,1"
26.06.2024,-9256,"-2 272,8",1 690,1137,0,185,"1 557,9","4 226,5","3 300,6",9258,0,2637,"3 394,9","4 742,1"
25.06.2024,-9159,-1 777,1 810,1137,0,185,"1 677,9","3 799,5","2 471,1","1 328,3",0,2125,3 881,"4 742,1"
24.06.2024,-9303,"-1 590,3",2 055,1137,0,184,"1 922,9","3 817,2","2 471,1",1 346,0,1719,"4 082,1","4 742,1"
21.06.2024,-9667,-1 906,"1 778,3",1137,0,185,"1 646,2",3 871,"2 471,2","1 399,8",0,1867,"3 802,8","4 742,1"
20.06.2024,-8486,"-1 310,7","2 228,5",1137,0,186,"2 096,2","3 750,9","2 473,7","1 277,1",0,2117,"4 280,1","4 742,1"
19.06.2024,"-1 006,1","-1 066,6",2 186,2262,0,187,"1 941,2","3 394,4","2 222,4",1 172,0,1418,"4 681,7","4 742,1"
18.06.2024,-9335,"-1 249,3","2 028,5",2262,0,187,"1 783,6",3 418,"2 223,8","1 194,2",0,1403,"4 426,3","4 742,1"
17.06.2024,-9457,-6972,"2 438,5",2262,0,187,"2 193,6","3 362,2","2 254,8","1 107,4",0,2265,"4 990,6","4 742,1"
14.06.2024,"-1 049,5","-1 053,7","2 286,7",2263,0,187,"2 041,8",3 476,"2 375,8","1 100,2",0,1356,4 738,"4 742,1"
13.06.2024,"-1 075,6",-1324,"2 036,7",2263,0,187,"1 791,8","2 475,6","1 321,5","1 154,1",0,3065,"5 685,3","4 742,1"
11.06.2024,"-1 102,1",501,"1 986,8",2263,0,187,"1 741,8","2 248,4","1 321,5",9269,0,3117,"5 894,3","4 742,1"
10.06.2024,"-1 104,5",710,"2 589,5",2263,0,204,"2 342,8","2 191,6","1 321,5",8702,0,3122,"6 556,6","4 742,1"
07.06.2024,"-1 184,6","3 894,7","5 692,3",2263,0,"1 821,2","3 644,8","2 106,9","1 321,5",7854,0,3092,"9 821,4","4 742,1"
06.06.2024,"-1 073,4","3 781,4","5 601,2",2263,0,"1 721,3","3 653,6","2 129,2","1 321,5",8077,0,3094,"9 596,9","4 742,1"
05.06.2024,"-1 187,4","-1 821,3","1 980,3",2263,0,204,"1 733,6","4 111,2","3 126,5",9847,0,3095,"4 043,1",4 677
04.06.2024,"-1 165,3",-9768,"2 023,4",2263,0,205,"1 776,6","3 309,9","1 897,3","1 412,6",0,3096,"4 865,5",4 677
03.06.2024,"-1 086,5",-3468,"2 434,1",2263,0,479,"2 159,9","3 086,9","1 897,4","1 189,5",0,3059,"5 416,7",4 677
31.05.2024,"-1 267,3",-1 098,"1 618,6",2263,0,23,"1 389,9","3 021,5","1 900,9","1 120,6",0,3049,"4 846,3",4 677
30.05.2024,-1 131,"-1 264,6","1 488,4",2263,0,21,"1 259,9",3 040,"1 900,9","1 139,1",0,287,"4 543,4",4 677
29.05.2024,"-1 259,7",-6909,"1 513,4",2264,0,21,"1 284,9","2 554,9","1 619,3",9356,0,3506,"5 245,9",4 677
28.05.2024,"-1 236,4",-9827,"1 328,5",2264,0,21,"1 099,9","2 611,3","1 629,3",982,0,3002,"4 930,8",4 677
27.05.2024,"-1 159,5",-556,"1 746,5",2264,0,21,"1 517,9","2 607,6","1 629,6",9781,0,3051,"5 280,5",4 677
24.05.2024,"-1 108,4",-8463,"1 446,3",2265,0,21,"1 217,7","2 600,8","1 629,8",9711,0,3082,"4 939,1",4 677
23.05.2024,-1 119,-8099,"1 453,9",2265,0,21,"1 225,2",2 572,1 630,942,0,3082,"4 986,2",4 677
22.05.2024,"-1 092,2",-785,"1 483,9",2265,0,21,"1 255,2","2 577,4",1 740,8374,0,3086,"4 984,3",4 677
21.05.2024,"-1 050,6",-8638,"1 358,6",2265,0,21,"1 129,9","2 501,3",1 740,7613,0,2789,"4 863,8",4 677
20.05.2024,"-1 063,9","-1 041,8","1 128,6",2265,0,21,8999,"2 479,5",1 740,7395,0,3091,"4 699,1",4 677
17.05.2024,"-1 009,2","-1 152,5","1 065,1",2265,0,21,8364,"2 521,3",1 740,7813,0,3038,"4 533,8",4 677
16.05.2024,-9571,"-1 199,3","1 060,1",2265,0,21,8314,"2 511,6",1 740,7716,0,2522,"4 434,9",4 677
15.05.2024,-9688,"-1 331,7","1 378,4",3399,0,21,"1 036,4",2 999,"2 228,3",7707,0,2889,"4 314,2",4 677
14.05.2024,-9325,"-1 321,5","1 358,5",3399,0,21,"1 016,4","2 980,5","2 228,3",7522,0,3005,4 288,4 677
13.05.2024,-9614,-1 445,"1 243,5",3399,0,21,9014,"2 978,5","2 228,5",750,0,290,"4 193,5",4 677
10.05.2024,-9631,"-1 422,2","1 243,5",3399,0,21,9014,"2 955,7","2 228,5",7272,0,290,"4 217,9",4 677
08.05.2024,"-1 097,2",-9952,"2 288,8",3399,0,21,"1 946,7","3 609,6","2 726,8",8829,0,3256,"4 683,9","4 581,9"
07.05.2024,-9333,-257,"2 818,5",340,0,21,"2 476,4",3 215,"2 071,2","1 143,8",0,3708,"5 489,5","4 581,9"
06.05.2024,"-1 071,7",-2006,2 393,340,0,155,"2 037,5","2 961,7","2 071,2",8905,0,368,5 453,"4 581,9"
03.05.2024,-5107,5521,3 025,340,0,155,"2 669,5","2 891,1","2 071,4",8197,0,4181,"5 644,7","4 581,9"
02.05.2024,-1 094,"-1 103,3","2 155,3",340,0,558,"1 759,5","3 676,8","2 669,6","1 007,2",0,4182,"4 572,6","4 581,9"
30.04.2024,"-1 084,5","-1 132,7","2 110,3",340,0,558,"1 714,5","3 661,2","2 669,6",9916,0,4182,"4 533,7","4 581,9"
27.04.2024,-7313,"-1 588,6","1 665,6",340,0,156,1 310,"3 491,9","2 669,8",8221,0,2377,"3 724,6","4 581,9"
26.04.2024,"-1 064,7","-1 658,6","1 666,5",340,0,164,1 310,"3 610,7","2 671,8",9389,0,2857,"3 987,9","4 581,9"
25.04.2024,"-1 074,2","-1 584,9","1 836,5",340,0,164,1 480,"3 691,9","2 672,1","1 019,8",0,2706,"4 071,3","4 581,9"
24.04.2024,"-1 045,4","-1 517,2","1 746,4",340,0,164,1 390,"3 584,1","2 806,4",7777,0,3205,"4 110,1","4 581,9"
23.04.2024,"-1 022,4",-9454,"2 296,4",340,0,164,1 940,"3 592,4","2 806,9",7855,0,3506,4 659,"4 581,9"
22.04.2024,"-1 107,4","-1 099,7","2 146,4",340,0,164,1 790,"3 595,4","2 806,9",7885,0,3492,"4 589,6","4 581,9"
19.04.2024,-9871,"-1 196,1","2 062,9",340,0,164,"1 706,5","3 608,4",2 810,7984,0,3493,"4 372,9","4 581,9"
18.04.2024,"-1 127,6","-1 442,3","1 847,9",340,0,164,"1 491,5",3 636,2 810,826,0,3459,"4 267,3","4 581,9"
17.04.2024,"-1 015,6","-1 098,1","1 945,5",4511,0,164,1 478,"3 388,1",2 570,8181,0,3445,"4 499,5","4 581,9"
16.04.2024,"-1 161,7",-7052,"2 235,5",4511,0,164,1 768,"3 357,6",2 570,7877,0,417,"5 038,5","4 581,9"
15.04.2024,"-1 166,9","-1 039,2","1 885,5",4511,0,163,1 418,"3 341,7",2 570,7717,0,417,"4 709,7","4 581,9"
12.04.2024,"-1 008,2","-1 037,6","1 905,5",4512,0,163,1 438,"3 360,8",2 570,7908,0,4178,"4 552,5","4 581,9"
11.04.2024,"-1 278,4","-1 237,6","1 742,2",4512,0,164,"1 274,7","3 397,7",2 570,8277,0,4178,"4 622,7","4 581,9"
10.04.2024,"-1 086,7","-3 508,7",2 569,4512,0,163,"2 101,5","6 495,7","5 418,8","1 076,8",0,4179,"2 149,7","4 571,8"
09.04.2024,"-1 316,2","-3 064,1","2 507,3",4512,0,164,"2 039,7","6 024,9","4 968,8","1 056,1",0,4536,"2 823,8","4 571,8"
08.04.2024,"-1 090,7","-2 163,7","2 357,8",4512,0,168,"1 889,7",4 975,"3 508,8","1 466,2",0,4536,"3 498,9","4 571,8"
05.04.2024,"-1 227,1","-2 064,8","2 033,8",4512,0,168,"1 565,7","4 553,1","3 508,9","1 044,2",0,4546,"3 734,1","4 571,8"
04.04.2024,"-1 383,7","-2 005,5","1 964,3",4512,0,173,"1 495,7",4 425,3 510,915,0,4552,3 950,"4 571,8"
03.04.2024,"-1 056,1","-1 186,9","1 764,3",4513,0,173,"1 295,7","3 356,3","2 123,4",1 233,0,4051,4 441,"4 571,8"
02.04.2024,"-1 117,2",-8204,"2 067,3",4513,0,173,"1 598,7","3 335,9","2 123,4","1 212,5",0,4482,"4 868,6","4 571,8"
01.04.2024,-6173,-2069,"2 574,1",4513,0,568,2 066,"3 204,7","2 123,4","1 081,3",0,4237,"4 982,2","4 571,8"
29.03.2024,454,-3908,"2 347,3",4513,0,173,"1 878,7",3 193,"2 124,8","1 068,2",0,4549,"4 135,5","4 571,8"
28.03.2024,"-1 341,4",-1 032,"1 898,6",4513,0,173,1 430,"3 320,9","2 124,8","1 196,1",0,3903,"4 881,1","4 571,8"
27.03.2024,"-1 366,6","-1 479,2","2 168,6",4513,0,173,1 700,"4 039,4","3 104,2",9352,0,3916,"4 459,2","4 571,8"
26.03.2024,"-1 001,2",-354,"2 073,6",4513,0,173,1 605,"2 838,6",1 599,"1 239,6",0,4111,5 219,"4 571,8"
25.03.2024,-1 100,-491,"1 918,3",4513,0,17,1 450,"2 820,4","1 599,3",1 221,0,4111,"5 180,8","4 571,8"
22.03.2024,"-1 294,5",-6987,"1 568,8",4513,0,175,1 100,"2 678,9","1 599,4","1 079,5",0,4114,"5 167,6","4 571,8"
21.03.2024,"-1 289,8",-5008,"1 758,9",4514,0,175,1 290,"2 679,8","1 599,4","1 080,5",0,4201,"5 360,7","4 571,8"
20.03.2024,"-1 396,9",-7005,"1 778,5",561,0,175,1 200,"2 924,7","1 992,7",932,0,4456,"5 268,2","4 571,8"
19.03.2024,"-1 325,1",-2264,"2 268,6",5611,0,175,1 690,"2 921,9","1 992,7",9292,0,4269,"5 670,4","4 571,8"
18.03.2024,"-1 340,7",-3822,"2 129,8",5612,0,175,"1 551,1","2 924,1","1 992,7",9313,0,412,"5 530,3","4 571,8"
15.03.2024,-1 471,-5454,"1 929,8",5612,0,175,"1 351,1","2 877,8","1 992,7",8851,0,4025,"5 497,3","4 571,8"
14.03.2024,"-1 356,8",-711,"1 730,2",5613,0,175,"1 151,5","2 843,8","1 992,8",851,0,4026,"5 217,7","4 571,8"
13.03.2024,"-1 436,9","-1 800,1","2 219,5",5613,0,175,"1 640,7","4 422,8","3 660,9",7619,0,4033,"4 349,1","4 712,3"
12.03.2024,"-1 412,5",-6191,"2 774,1",5613,0,175,"2 195,3","3 749,4","2 814,7",9347,0,3563,"5 505,7","4 712,3"
11.03.2024,"-1 439,9","-1 483,6","1 863,8",5613,0,175,1 285,"3 692,6","2 814,7",8778,0,3452,"4 668,6","4 712,3"
07.03.2024,"-1 295,2","-1 372,3","2 033,8",5614,0,174,1 455,"3 721,5","2 814,7",9068,0,3153,"4 635,1","4 712,3"
06.03.2024,"-1 144,2",1426,"2 206,3",5616,0,174,"1 627,3","2 381,4",900,"1 481,4",0,3176,"5 999,1","4 712,3"
05.03.2024,-9419,6577,"2 801,3",5616,0,174,"2 222,3","2 481,5",900,"1 581,5",0,3378,"6 311,9","4 712,3"
04.03.2024,-504,"1 602,1","2 681,4",5616,0,174,"2 102,4","2 281,4",900,"1 381,4",0,"1 202,1","6 818,4","4 712,3"
01.03.2024,-6884,"-1 042,4",8466,5616,0,177,2674,"2 233,4",900,"1 333,4",0,3443,"4 358,3","4 712,3"
29.02.2024,505,"-1 176,5",6367,5617,0,177,574,"2 196,8",900,"1 296,8",0,3836,"3 485,3","4 712,3"
28.02.2024,-8066,"-1 672,4",5817,5617,0,177,23,"2 513,6","1 371,5","1 142,1",0,2595,"3 846,5","4 712,3"
27.02.2024,"-1 305,4",-1 662,5817,5617,0,177,23,"2 556,2","1 371,5","1 184,7",0,3125,"4 355,7","4 712,3"
26.02.2024,"-1 393,3","-1 874,1",5819,5617,0,179,23,2 758,"1 371,5","1 386,5",0,3019,"4 231,4","4 712,3"
22.02.2024,"-1 476,7",-1 749,582,5617,0,18,23,"2 596,4","1 371,5","1 224,9",0,2654,4 440,"4 712,3"
21.02.2024,-1 261,"-1 797,8",5821,5617,0,18,23,"2 690,1",1 570,"1 120,1",0,3102,"4 175,4","4 712,3"
20.02.2024,"-1 485,1","-1 729,4",582,5617,0,18,23,"2 626,6",1 570,"1 056,6",0,3151,4 468,"4 712,3"
19.02.2024,"-1 429,1","-1 734,8",5821,5618,0,18,23,"2 632,7",1 570,"1 062,7",0,3158,"4 406,6","4 712,3"
16.02.2024,"-1 530,2","-1 784,5",5821,5618,0,18,23,"2 683,3",1 570,"1 113,3",0,3167,4 458,"4 712,3"
15.02.2024,"-1 667,1",-1 678,5846,5618,0,179,48,"2 580,8",1 570,"1 010,8",0,3182,"4 701,3","4 712,3"
14.02.2024,"-1 554,9","-2 654,2",7744,6714,0,179,851,3 767,2 840,927,0,3384,3 548,"4 647,3"
13.02.2024,"-1 652,4",-8437,"1 483,1",6714,0,179,7938,"2 665,3",1 430,"1 235,3",0,3385,"5 455,9","4 647,3"
12.02.2024,"-1 648,3",-9754,"1 198,1",6714,0,179,5088,"2 512,5",1 430,"1 082,5",0,339,"5 320,2","4 647,3"
09.02.2024,"-1 619,9",-9345,"1 218,2",6715,0,179,5288,"2 512,1",1 430,"1 082,1",0,3594,"5 332,7","4 647,3"
08.02.2024,"-1 647,5","-1 212,2",9759,6715,0,179,2865,"2 542,7",1 430,"1 112,7",0,3545,"5 082,5","4 647,3"
07.02.2024,"-1 786,1","-1 472,8",1 196,6716,0,179,5065,"3 026,5","1 839,5",1 187,0,3577,"4 960,6","4 647,3"
06.02.2024,"-1 707,6","-1 238,7","1 446,1",6716,0,18,7565,"2 992,9","1 839,5","1 153,4",0,3081,"5 116,1","4 647,3"
05.02.2024,"-1 573,9","-1 973,4",6827,6717,0,45,65,"2 990,3","1 839,5","1 150,8",0,3343,"4 247,8","4 647,3"
02.02.2024,"-1 651,2","-1 885,8",7526,6717,0,45,765,2 981,"1 839,5","1 141,5",0,3426,"4 412,7","4 647,3"
01.02.2024,"-1 738,2","-1 564,3",9427,6717,0,45,2665,"2 783,7","1 839,5",9442,0,2767,"4 821,2","4 647,3"
31.01.2024,"-1 617,2","-1 388,4",8881,6721,0,45,2115,"2 652,9",1 760,8929,0,3764,"4 876,1","4 647,3"
30.01.2024,"-1 291,5","-1 338,1",9332,6721,0,46,2565,"2 679,2",1 760,9192,0,4079,"4 600,7","4 647,3"
29.01.2024,-1 700,"-1 665,8",7032,6721,0,46,265,"2 724,4",1 760,9644,0,3554,"4 681,5","4 647,3"
26.01.2024,"-1 792,3","-1 709,7",7232,6721,0,46,465,"2 774,4",1 760,"1 014,4",0,3416,"4 729,9","4 647,3"
25.01.2024,"-1 906,3","-1 688,3",6835,6721,0,5,65,"2 739,6",1 760,9796,0,3678,"4 865,3","4 647,3"
24.01.2024,"-1 783,5","-1 982,9",6835,6721,0,5,65,"3 024,1","2 001,9","1 022,2",0,3577,"4 447,9","4 647,3"
23.01.2024,"-1 832,5","-1 931,2",6845,6721,0,59,65,"2 940,7","2 001,9",9388,0,325,"4 548,6","4 647,3"
22.01.2024,"-1 790,9","-1 884,6",6845,6721,0,6,65,2 942,"2 001,9",9401,0,3729,"4 553,6","4 647,3"
19.01.2024,"-1 794,9","-1 903,2",6851,6721,0,66,65,"2 960,9","2 001,9",959,0,3725,"4 538,9","4 647,3"
18.01.2024,"-1 727,6","-1 899,8",6851,6721,0,65,65,"2 961,2","2 001,9",9593,0,3763,"4 475,1","4 647,3"
17.01.2024,"-1 825,8","-4 432,9",8992,8843,0,66,83,"5 671,3","4 069,2",1 602,0,3392,"1 957,5","4 564,6"
16.01.2024,"-1 604,9","-3 448,9",8994,8843,0,86,65,"4 837,2","3 939,9",8973,0,4889,"2 720,6","4 564,6"
15.01.2024,"-1 398,7","-3 374,2",9218,8843,0,86,289,"4 785,8",1 861,"2 924,8",0,4898,2 589,"4 564,6"
12.01.2024,-8284,"-2 187,9",1 031,8845,0,86,138,3 709,1 861,1 848,0,490,3 205,"4 564,6"
11.01.2024,-1 424,"-2 060,1","1 070,9",8845,0,105,176,"3 621,1",1 861,"1 760,1",0,4901,"3 928,5","4 564,6"
10.01.2024,"-1 712,1","-2 282,6","1 170,4",8846,0,125,2733,"3 955,4","2 712,7","1 242,7",0,5024,3 994,"4 564,6"
09.01.2024,-5227,-4454,"2 969,3",8846,0,112,"2 073,5","3 756,9","2 341,3","1 415,5",0,3423,"4 641,9","4 564,6"
08.01.2024,-479,-4388,"2 969,3",8846,0,112,"2 073,5","3 750,3","2 341,3",1 409,0,3423,"4 604,8","4 564,6"
05.01.2024,-3051,-407,"2 969,3",8846,0,112,"2 073,5","3 718,5","2 341,3","1 377,2",0,3423,"4 462,7","4 564,6"
04.01.2024,-3057,-3834,"2 969,3",8846,0,112,"2 073,5",3 695,"2 341,3","1 353,6",0,3423,"4 486,9","4 564,6"
03.01.2024,-341,-682,"2 969,3",8846,0,112,"2 073,5","3 379,7","2 341,3","1 038,4",0,3423,"4 530,5","4 564,6"
01.01.2024,-341,-682,"2 969,3",8846,0,112,"2 073,5","3 379,7","2 341,3","1 038,4",0,3423,"4 530,5","4 564,6"
29.12.2023,"1 320,7",-5895,"2 308,2",8846,0,94,"1 414,2","3 322,1","1 472,7","1 849,4",0,4244,"2 654,4","4 564,6"
28.12.2023,"-1 014,1","-1 329,1","1 639,8",8846,0,92,746,"3 420,7","1 472,7",1 948,0,4518,"4 249,5","4 564,6"
27.12.2023,"-1 360,2","-1 336,9","1 558,4",8846,0,86,6652,3 316,"1 675,2","1 640,8",0,4207,"4 587,9","4 564,6"
26.12.2023,"-1 092,6",-992,"1 577,3",8846,0,86,6841,2 940,"1 675,2","1 264,9",0,3707,"4 665,1","4 564,6"
25.12.2023,"-1 246,5",-7882,"1 829,9",8846,0,117,9336,"2 989,9","1 675,2","1 314,7",0,3717,"5 022,8","4 564,6"
22.12.2023,"-1 097,9",-3891,1 916,8846,0,10,"1 021,4","2 675,2","1 675,2",1 000,0,3701,"5 273,4","4 564,6"
21.12.2023,-8442,-3526,"1 947,1",8846,0,115,1 051,"2 692,1","1 675,2","1 016,9",0,3924,"5 056,1","4 564,6"
20.12.2023,-3796,89,1 920,8846,0,143,"1 021,1","2 358,4","1 212,4","1 145,9",0,4474,"4 953,1","4 564,6"
19.12.2023,-4765,1321,"1 901,6",8846,0,158,"1 001,2","2 216,9","1 212,4","1 004,4",0,4473,"5 173,2","4 564,6"
18.12.2023,-4094,"2 744,6","4 159,1",8822,0,757,"3 201,2",1 892,"1 212,4",6795,0,4775,"7 718,6","4 564,6"
15.12.2023,-37,"2 594,2","4 168,1",8822,0,1157,"3 170,2","1 991,9","1 212,4",7795,0,4181,"7 195,8","4 564,6"
14.12.2023,568,"2 660,5","4 207,7",8822,0,1557,"3 169,8","1 963,9","1 212,4",7515,0,4167,"7 168,2","4 564,6"
13.12.2023,1792,"-1 000,1","2 001,5",9918,0,86,1 001,"3 418,4","2 328,4",1 090,0,4169,"3 416,3","4 595,6"
12.12.2023,4445,-2676,"2 001,7",9919,0,87,"1 001,1","2 686,3","1 814,9",8715,0,417,"3 883,5","4 595,6"
11.12.2023,1954,1342,"1 941,9",9919,0,0,9499,"2 224,9",990,"1 234,9",0,4172,"4 534,4","4 595,6"
08.12.2023,3991,3776,"2 070,9",9919,0,86,"1 070,4","2 133,2",990,"1 143,2",0,4398,"4 574,1","4 595,6"
07.12.2023,579,6092,"2 150,7",9919,0,86,"1 150,2","1 981,7",990,9917,0,4402,"4 625,9","4 595,6"
06.12.2023,5926,"1 038,2",2 302,992,0,88,"1 301,2",1 704,300,1 404,0,4402,"5 041,3","4 595,6"
05.12.2023,"1 394,3","1 459,3",2 584,9922,0,01,"1 591,7","1 565,3",300,"1 265,3",0,4406,"4 660,6","4 595,6"
04.12.2023,"1 018,8","1 537,3",2 674,9923,0,0,"1 681,7","1 622,4",300,"1 322,4",0,4857,"5 114,1","4 595,6"
01.12.2023,"1 186,4","1 611,3","2 875,7",9923,0,03,"1 883,1","1 756,6",300,"1 456,6",0,4922,"5 020,5","4 595,6"
30.11.2023,"1 094,2","1 180,2","2 333,9",9923,0,0,"1 341,6","1 594,2",300,"1 294,2",0,4405,"4 681,7","4 595,6"
29.11.2023,"1 267,2","2 010,4","3 364,4",9923,0,0,"2 372,1","1 793,7",7497,"1 043,9",0,4397,"5 338,9","4 595,6"
28.11.2023,8935,"1 862,9","3 296,2",9923,0,0,"2 303,9","1 872,6",7497,"1 122,8",0,4393,5 565,"4 595,6"
27.11.2023,9052,"1 901,4","3 291,2",9923,0,0,"2 298,9","1 828,6",7497,"1 078,8",0,4387,"5 591,8","4 595,6"
24.11.2023,8083,"1 175,3","2 681,9",9923,0,0,"1 689,6",1 947,7497,"1 197,3",0,4404,"4 962,6","4 595,6"
23.11.2023,9218,"1 187,8",2 674,9924,0,0,"1 681,6","1 956,8",7497,"1 207,1",0,4707,"4 861,6","4 595,6"
22.11.2023,8075,6303,"2 683,4",9924,0,0,1 691,"2 515,1",1 500,"1 015,2",0,4621,"4 418,5","4 595,6"
21.11.2023,8662,6083,"2 585,5",9924,0,0,"1 593,1","2 584,3",1 500,"1 084,3",0,6071,"4 337,7","4 595,6"
20.11.2023,7738,1682,2 040,9924,0,0,"1 047,6","2 324,1",1 500,8241,0,4523,"3 990,1","4 595,6"
17.11.2023,8045,508,2 015,9924,0,0,"1 022,6","2 467,1",1 500,9672,0,5029,"3 841,9","4 595,6"
16.11.2023,7747,-813,"1 965,5",9924,0,0,9731,"2 560,2",1 500,"1 060,2",0,5134,"3 739,6","4 595,6"
15.11.2023,7535,"-1 883,5","2 073,4","1 099,7",0,0,9737,"4 550,4","3 168,4",1 382,0,5936,"1 925,5","4 562,5"
14.11.2023,925,"-1 888,8","2 024,1","1 099,9",0,0,9243,"4 501,5","3 495,1","1 006,3",0,5886,"1 748,7","4 562,5"
13.11.2023,9658,"-1 324,6","2 322,1","1 099,9",0,0,"1 222,2","4 130,3","3 141,2",9891,0,4836,2 272,"4 562,5"
10.11.2023,8124,"-1 605,9","2 262,4","1 099,9",0,0,"1 162,5",4 362,"3 117,9","1 244,1",0,4937,"2 144,2","4 562,5"
09.11.2023,7543,-1 204,"2 311,5","1 099,9",0,0,"1 211,6","4 029,3","2 117,9","1 911,4",0,5137,"2 604,1","4 562,5"
08.11.2023,"1 009,3",-9329,"2 462,3","1 099,9",0,0,"1 362,4","3 875,1",1 950,"1 925,1",0,4799,"2 620,2","4 562,5"
07.11.2023,9795,-524,"2 656,2","1 099,9",0,4,"1 552,4","3 605,2",1 950,"1 655,2",0,4249,3 059,"4 562,5"
06.11.2023,9706,-3746,"2 656,2","1 099,9",0,4,"1 552,4","3 455,8",1 950,"1 505,8",0,4249,"3 217,3","4 562,5"
03.11.2023,"1 158,2",-7539,"2 440,1","1 099,9",0,0,"1 340,2",3 669,1 950,1 719,0,475,"2 650,4","4 562,5"
02.11.2023,"1 181,8",-3548,"2 319,1","1 099,9",0,0,"1 219,2","3 098,9",1 950,"1 148,9",0,4251,"3 025,9","4 562,5"
01.11.2023,"1 025,8",-5271,"2 263,7","1 099,9",0,03,"1 163,5","3 336,1","1 562,4","1 773,7",0,5452,"3 009,6","4 562,5"
31.10.2023,"2 262,3",1864,"2 466,4",1 100,0,25,"1 363,8",2 910,"1 562,4","1 347,6",0,630,"2 486,6","4 562,5"
30.10.2023,"1 204,1","1 391,6","3 319,5","1 093,4",0,08,"2 225,3","2 333,3","1 562,4",7709,0,4054,4 750,"4 562,5"
27.10.2023,8362,5972,"3 048,1","1 093,4",0,0,"1 954,7","2 915,2","1 562,4","1 352,8",0,4644,"4 323,5","4 562,5"
26.10.2023,6944,9438,"3 129,8","1 093,4",0,08,"2 035,7","2 634,7","1 562,4","1 072,3",0,4487,"4 811,9","4 562,5"
25.10.2023,8972,"1 575,5","3 904,8","1 093,4",0,08,"2 810,7",2 792,"1 716,4","1 075,6",0,4626,"5 240,8","4 562,5"
24.10.2023,7883,"1 428,4","3 871,6","1 093,4",0,07,"2 777,5","2 926,5","1 716,4","1 210,1",0,4833,"5 202,6","4 562,5"
23.10.2023,7294,1 381,"3 635,9","1 093,4",0,0,"2 542,5","2 662,5","1 716,4",9462,0,4077,"5 214,1","4 562,5"
20.10.2023,7942,"1 271,4","3 795,9","1 093,4",0,0,"2 702,5","2 937,1","1 716,4","1 220,7",0,4126,"5 039,7","4 562,5"
19.10.2023,721,"2 194,7","4 348,2","1 093,6",0,11,"3 253,5","2 490,3","1 716,4",7739,0,3368,"6 036,2","4 562,5"
18.10.2023,7433,1 478,"4 316,3","1 093,6",0,03,"3 222,5","3 175,6",2 120,"1 055,6",0,3373,"5 297,2","4 562,5"
17.10.2023,7221,"1 942,7","4 376,1","1 093,6",0,596,3 223,"2 815,7",2 120,6957,0,3823,"5 783,1","4 562,5"
16.10.2023,658,"5 882,5",8 284,"1 093,6",0,1164,"7 074,1","2 738,6",2 120,6186,0,3371,9 787,"4 562,5"
13.10.2023,6152,"6 048,1","8 464,2","1 093,6",0,2295,"7 141,1","2 754,9",2 120,6349,0,3388,"9 995,4","4 562,5"
12.10.2023,5277,"5 645,1","8 071,6","1 093,6",0,0,6 978,"2 765,7",2 120,6457,0,3392,"9 679,9","4 562,5"
11.10.2023,329,"-1 922,1",2 067,"1 201,9",0,0,865,"4 328,4","3 337,8",9906,0,3393,"2 252,8","4 503,9"
10.10.2023,3565,"-1 650,7",2 022,1 202,0,0,820,4 012,3 127,885,0,3394,"2 496,7","4 503,9"
09.10.2023,2905,"-1 174,6","1 679,7","1 202,1",0,0,4776,"3 194,5","2 306,5",888,0,3402,"3 038,7","4 503,9"
06.10.2023,3799,"-1 423,6","1 580,2","1 202,1",0,0,3781,"3 348,5","2 306,5","1 042,1",0,3447,"2 700,4","4 503,9"
05.10.2023,445,"-1 255,8","1 499,2","1 202,1",0,0,2971,"3 096,8","2 306,5",7903,0,3417,"2 803,1","4 503,9"
04.10.2023,314,"-1 401,7","1 696,6","1 202,5",0,0,4941,"3 443,6","1 975,6",1 468,0,3453,"2 788,2","4 503,9"
03.10.2023,7023,"-1 076,2","1 849,3","1 202,6",0,0,6467,"3 270,7","1 975,6","1 295,1",0,3452,"2 725,3","4 503,9"
02.10.2023,8008,-4381,"2 107,4","1 202,7",0,03,9045,"2 889,7","1 975,6",9141,0,3442,3 265,"4 503,9"
29.09.2023,"1 190,3",-5288,"2 127,9","1 202,9",0,0,9249,3 001,"1 975,6","1 025,4",0,3443,"2 784,8","4 503,9"
28.09.2023,2968,"-1 270,4","1 345,2",1 203,0,0,1422,"2 940,2","1 975,6",9647,0,3246,"2 936,6","4 503,9"
27.09.2023,3075,"-1 322,3","1 259,9","1 203,1",0,0,567,"2 928,8","1 985,7",9431,0,3466,2 874,"4 503,9"
26.09.2023,4003,"-1 190,9","1 385,7","1 203,2",0,0,1824,"2 920,5","1 985,7",9349,0,344,"2 912,7","4 503,9"
25.09.2023,3172,"-1 287,9",1 316,"1 203,2",0,0,1128,"2 949,5","1 985,7",9639,0,3456,"2 898,7","4 503,9"
22.09.2023,3492,"-1 072,4","1 416,1","1 203,3",0,0,2128,2 834,"1 985,7",8483,0,3455,"3 082,2","4 503,9"
21.09.2023,3546,-9661,"1 447,4","1 203,3",0,04,2438,"2 758,7","1 985,7",773,0,3452,"3 183,2","4 503,9"
20.09.2023,3331,-6333,"1 697,6","1 203,3",0,05,4938,"2 675,7",1 120,"1 555,7",0,3449,"3 537,5","4 503,9"
19.09.2023,406,-1217,"1 692,6","1 203,3",0,05,4888,"2 159,2",1 120,"1 039,2",0,3449,"3 976,1","4 503,9"
18.09.2023,2595,"7 589,7",9 115,"1 198,7",0,297,"7 619,3","1 870,6",1 120,7506,0,3453,11 834,"4 503,9"
15.09.2023,2149,"7 838,5","9 234,9","1 198,7",0,2324,"7 803,8","1 742,5",1 120,6225,0,346,"12 127,5","4 503,9"
14.09.2023,1275,"7 490,9","8 903,5","1 198,7",0,2409,"7 463,8","1 759,7",1 120,6397,0,3471,"11 867,2","4 503,9"
13.09.2023,5,"-1 001,2","2 041,4","1 306,6",0,0,7348,"3 382,5","2 499,7",8828,0,3399,"3 379,1","4 385,3"
12.09.2023,-473,282,"2 352,8","1 306,6",0,0,"1 046,1","2 662,6","1 396,5","1 266,1",0,3381,"4 460,8","4 385,3"
11.09.2023,-709,4288,"2 437,3","1 306,6",0,04,"1 130,2",2 347,"1 396,5",9505,0,3386,4 885,"4 385,3"
08.09.2023,-92,865,"2 114,1","1 307,1",0,09,8062,"2 367,1","1 396,5",9706,0,3395,"4 563,8","4 385,3"
07.09.2023,-847,4649,"2 459,6","1 307,3",0,19,"1 150,4","2 335,1","1 396,5",9386,0,3404,"4 934,9","4 385,3"
06.09.2023,-1379,-326,"2 268,8","1 307,5",0,18,9595,"2 641,8","1 429,9","1 211,9",0,3404,"4 490,6","4 385,3"
05.09.2023,-123,1298,"2 399,1","1 307,6",0,05,1 091,2 612,"1 429,9","1 182,1",0,3428,"4 638,1","4 385,3"
04.09.2023,-977,-332,"2 341,8","1 307,6",0,0,"1 034,2","2 717,9","1 429,9",1 288,0,3428,"4 449,8","4 385,3"
01.09.2023,-452,1328,"2 396,5","1 307,7",0,0,"1 088,8","2 606,7","1 429,9","1 176,8",0,343,"4 563,3","4 385,3"
31.08.2023,199,616,"2 221,7","1 307,7",0,0,914,2 503,"1 429,9","1 073,1",0,3429,4 427,"4 385,3"
30.08.2023,16,-76,"2 147,1","1 307,7",0,0,8394,"2 556,9",1 320,"1 236,9",0,3338,"4 307,7","4 385,3"
29.08.2023,3141,6986,"2 722,7","1 307,7",0,06,"1 414,4","2 368,2",1 320,"1 048,2",0,3441,"4 769,8","4 385,3"
28.08.2023,-1323,-1639,"1 854,3","1 307,8",0,06,5459,"2 362,4",1 320,"1 042,4",0,3442,"4 353,7","4 385,3"
25.08.2023,-813,-1712,"1 972,4","1 307,9",0,06,6639,"2 487,6",1 320,"1 167,6",0,344,"4 295,4","4 385,3"
24.08.2023,-1716,-4412,"1 722,4",1 308,0,08,4136,2 508,1 320,1 188,0,3444,"4 115,7","4 385,3"
23.08.2023,-203,-4471,"1 762,2",1 308,0,06,4536,"2 552,8",1 470,"1 082,8",0,3435,"4 141,2","4 385,3"
22.08.2023,-1395,-19,2 075,1 308,0,18,7653,"2 437,7",1 470,9677,0,3437,"4 505,8","4 385,3"
21.08.2023,-813,-3684,"1 745,4",1 308,0,31,4343,"2 457,4",1 470,9874,0,3437,"4 098,2","4 385,3"
18.08.2023,-1278,-7223,1 356,1 308,0,27,453,"2 422,3",1 470,9523,0,344,"3 790,8","4 385,3"
17.08.2023,-936,-7102,"1 413,5",1 308,0,31,1024,"2 467,8",1 470,9978,0,3442,"3 768,7","4 385,3"
16.08.2023,-541,-7483,"1 446,2","1 307,8",0,31,1353,"2 536,7",1 290,"1 246,7",0,3422,"3 691,1","4 385,3"
15.08.2023,-1333,"6 824,7","8 831,6","1 288,8",0,4779,"7 064,9","2 351,9",1 290,"1 061,9",0,3449,"11 343,3","4 385,3"
14.08.2023,-1033,-7319,"1 413,8","1 288,8",0,15,1234,"2 493,8",1 290,"1 203,8",0,3481,"3 756,7","4 385,3"
11.08.2023,-1057,-800,"1 368,5","1 288,9",0,05,791,"2 516,7",1 290,"1 226,7",0,3482,3 691,"4 385,3"
10.08.2023,-686,-6195,"1 424,9",1 289,0,46,1313,"2 393,4",1 290,"1 103,4",0,3491,"3 834,4","4 385,3"
09.08.2023,-1022,"-2 087,7","1 521,2","1 289,1",0,35,2285,"3 957,5","3 167,5",7901,0,3487,"2 270,3","4 255,8"
08.08.2023,-1567,-1 473,"1 354,6","1 289,1",0,5,605,"3 173,5","1 959,7","1 213,8",0,3459,"2 939,5","4 255,8"
07.08.2023,-2305,"-1 147,8","1 353,9","1 289,1",0,46,602,"2 850,1","1 959,7",8904,0,3484,"3 338,5","4 255,8"
04.08.2023,-3089,"-1 168,8","1 453,2","1 289,2",0,41,160,"2 970,6","1 959,7","1 010,9",0,3486,"3 395,9","4 255,8"
03.08.2023,-1699,"-1 120,5","1 441,4","1 289,2",0,36,1487,"2 911,2","1 959,7",9515,0,3493,"3 305,2","4 255,8"
02.08.2023,-3478,"-1 069,8","1 452,1","1 289,8",0,3,1593,"2 865,7","1 748,7","1 117,1",0,3439,"3 533,8","4 255,8"
01.08.2023,12,-2771,"2 024,3","1 289,8",0,3,7315,"2 644,3","1 748,7",8956,0,3429,"3 966,7","4 255,8"
31.07.2023,7726,-1138,"2 232,3","1 289,9",0,29,9395,"2 688,2","1 748,7",9395,0,3421,"3 369,4","4 255,8"
28.07.2023,-137,-9016,"1 443,3","1 289,9",0,29,1505,"2 689,5","1 748,7",9409,0,3446,"3 367,9","4 255,8"
27.07.2023,-1959,-9609,"1 367,2","1 289,9",0,21,752,"2 671,8","1 748,7",9231,0,3437,"3 490,8","4 255,8"
26.07.2023,-999,-5282,"1 431,4","1 289,9",0,13,1401,"2 302,4",1 390,9124,0,3429,"3 827,5","4 255,8"
25.07.2023,-1105,-5239,"1 436,8","1 289,9",0,18,1451,"2 302,3",1 390,9123,0,3416,"3 842,4","4 255,8"
24.07.2023,-288,"4 600,5","6 363,6","1 283,7",0,2334,"4 846,5","2 104,5",1 390,7145,0,3414,"9 144,3","4 255,8"
21.07.2023,-2671,9248,"2 632,5","1 283,7",0,07,"1 348,1",2 047,1 390,657,0,3393,"5 447,7","4 255,8"
20.07.2023,-2506,6087,"2 377,6","1 283,8",0,07,"1 093,1","2 104,7",1 390,7147,0,3357,"5 115,1","4 255,8"
19.07.2023,-314,-437,"1 473,4","1 377,9",0,0,955,"2 245,8","1 409,9",8359,0,3354,"4 132,8","4 255,8"
18.07.2023,-2747,-4508,"1 507,6",1 378,0,23,1274,"2 292,7","1 409,9",8827,0,3342,"4 079,7","4 255,8"
17.07.2023,-3039,-4547,1 535,1 378,0,21,1549,2 319,"1 409,9",909,0,3293,4 105,"4 255,8"
14.07.2023,-2623,-3502,"1 682,7",1 378,0,25,3023,"2 361,4","1 409,9",9515,0,3285,"4 167,9","4 255,8"
13.07.2023,-3871,-2229,"1 762,7",1 378,0,25,3822,"2 313,2","1 409,9",9032,0,3276,4 420,"4 255,8"
12.07.2023,"-1 101,5","-1 917,8","1 716,3",1 378,0,08,3375,"3 960,7","2 900,4","1 060,2",0,3266,"2 805,1","3 621,4"
11.07.2023,-1 060,"-1 286,4","1 556,2","1 378,1",0,1,177,"3 169,7",2 216,9537,0,3271,3 395,"3 621,4"
10.07.2023,-6127,"-1 124,7",1 693,"1 378,1",0,12,3136,"3 145,1",2 216,9291,0,3275,"3 109,4","3 621,4"
07.07.2023,-9157,-8543,"1 853,2","1 378,1",0,15,4736,"3 039,2",2 216,8232,0,3317,"3 682,8","3 621,4"
06.07.2023,"-1 200,9",-7347,"1 921,3","1 378,2",0,0,5432,2 988,2 216,772,0,332,"4 087,6","3 621,4"
05.07.2023,-1 206,-6939,"1 862,3","1 378,2",0,1,4832,"2 888,8","1 746,6","1 142,2",0,3326,"4 133,5","3 621,4"
04.07.2023,-1 102,-5494,"1 838,7","1 378,2",0,15,459,"2 720,5","1 746,6",9739,0,3324,4 174,"3 621,4"
03.07.2023,"-1 026,6",-5464,"1 926,5","1 378,3",0,15,5467,"2 754,4","1 746,6","1 007,8",0,2816,"4 101,6","3 621,4"
30.06.2023,"-1 050,1",-4529,"1 905,8","1 378,3",0,0,5275,"2 687,3","1 746,6",9407,0,3286,"4 218,6","3 621,4"
29.06.2023,-8185,-4097,"1 814,6","1 378,3",0,03,436,"2 560,6","1 746,6",814,0,3362,"4 030,1","3 621,4"
28.06.2023,-8592,"-1 049,7",1 500,"1 378,3",0,14,1203,2 887,"1 828,3","1 058,7",0,3374,"3 430,9","3 621,4"
27.06.2023,-8565,"-1 059,4","1 550,7","1 378,3",0,16,1708,"2 947,2","1 828,3","1 118,9",0,3371,"3 418,5","3 621,4"
26.06.2023,"-1 118,5","-1 050,5","1 500,2","1 378,3",0,12,1208,"2 887,8","1 828,3","1 059,5",0,3371,"3 689,4","3 621,4"
23.06.2023,"-1 089,4","-1 022,5","1 533,7","1 378,4",0,0,1553,"2 890,2","1 828,3","1 061,9",0,3341,"3 688,3","3 621,4"
22.06.2023,"-1 115,6",-9807,"1 558,8","1 378,4",0,0,1804,2 873,"1 828,3","1 044,6",0,3335,"3 756,3","3 621,4"
21.06.2023,"-1 030,3",-996,"1 618,2","1 472,6",0,0,1456,"2 947,7",1 990,9577,0,3334,"3 655,7","3 621,4"
20.06.2023,"-1 007,9",-9649,"1 592,3","1 472,7",0,07,1189,"2 890,1",1 990,9001,0,333,"3 664,4","3 621,4"
19.06.2023,"-1 027,9",-9566,"1 592,2","1 472,7",0,07,1189,"2 881,9",1 990,8919,0,333,"3 692,6","3 621,4"
16.06.2023,-7189,-9499,"1 591,3","1 472,7",0,0,1187,"2 875,2",1 990,8852,0,334,"3 390,4","3 621,4"
15.06.2023,"-1 140,8",-9774,"1 591,1","1 472,7",0,0,1184,"2 898,8",1 990,9088,0,3303,"3 784,7","3 621,4"
14.06.2023,-9435,"-1 415,4","1 982,4","1 472,7",0,0,5097,"3 729,6","2 849,3",8804,0,3318,"3 139,6","3 611,6"
13.06.2023,"-1 093,9",-1 272,"1 630,1","1 472,7",0,17,1558,"3 237,9","2 249,3",9886,0,3358,"3 433,5","3 611,6"
09.06.2023,"-1 133,5","-1 167,5",1 683,"1 472,7",0,0,2103,"3 187,1","2 249,3",9378,0,3366,"3 577,6","3 611,6"
08.06.2023,"-1 121,7","-1 198,9","1 676,9","1 472,7",0,0,2042,"3 213,3","2 249,3",9641,0,3375,"3 534,3","3 611,6"
07.06.2023,-1 132,"-1 343,4","1 692,2","1 472,7",0,0,2195,"3 373,6","2 401,2",9723,0,338,"3 400,2","3 611,6"
06.06.2023,"-1 319,1","-1 397,4","1 698,3","1 472,7",0,0,2256,"3 434,2","2 401,2","1 032,9",0,3385,"3 533,3","3 611,6"
05.06.2023,-7866,"-1 221,4","1 721,8","1 472,7",0,0,2492,"3 282,5","2 401,2",8813,0,3393,"3 176,7","3 611,6"
02.06.2023,-1 184,"-1 218,1","1 651,8","1 472,8",0,0,1791,"3 209,7","2 401,2",8085,0,3398,"3 577,4","3 611,6"
01.06.2023,-6616,-9277,"1 978,5","1 472,8",0,0,5057,"3 246,2","2 401,2",8449,0,340,"3 345,5","3 611,6"
31.05.2023,-3131,-3809,"2 044,2","1 472,8",0,0,5715,"2 763,5",1 650,"1 113,5",0,3384,"3 543,7","3 611,6"
30.05.2023,-185,-368,"1 987,1","1 472,8",0,0,5144,"2 693,1",1 650,"1 043,1",0,338,"3 428,6","3 611,6"
29.05.2023,"-1 390,2",-7878,"1 623,3","1 472,8",0,0,1506,"2 751,3",1 650,"1 101,3",0,3401,"4 213,9","3 611,6"
26.05.2023,"-1 376,3",-7693,"1 533,8","1 472,8",0,0,611,2 644,1 650,994,0,3408,"4 218,5","3 611,6"
25.05.2023,"-1 334,2",-7599,"1 518,5","1 472,8",0,0,457,"2 615,6",1 650,9656,0,3372,"4 185,8","3 611,6"
24.05.2023,"-1 337,6",-911,"1 539,3","1 472,8",0,0,665,"2 785,9",2 020,7659,0,3356,"4 038,1","3 611,6"
23.05.2023,"-1 288,6",-9963,"1 544,3","1 472,8",0,0,715,"2 871,3",2 020,8513,0,3308,"3 903,9","3 611,6"
22.05.2023,"-1 432,2","-1 077,1","1 545,9","1 472,8",0,0,731,"2 955,9",2 020,9359,0,333,"3 966,7","3 611,6"
19.05.2023,"-1 402,8","-1 031,7",1 489,"1 472,8",0,0,162,"2 858,1",2 020,8381,0,3374,"3 982,6","3 611,6"
18.05.2023,"-1 455,6",-896,1 527,"1 472,8",0,0,543,"2 759,5",2 020,7395,0,3365,"4 171,2","3 611,6"
17.05.2023,"-1 505,4","-2 113,4","1 828,3","1 718,6",0,0,1097,"4 275,9","3 305,4",9705,0,3342,"2 939,9","3 547,8"
16.05.2023,"-1 297,4","-1 990,9","1 765,2","1 718,6",0,0,466,"4 091,4","3 310,3",7812,0,3353,"2 854,3","3 547,8"
15.05.2023,"-1 179,1","-1 084,9","1 813,6","1 718,6",0,0,95,"3 234,3","2 330,2",9042,0,3358,3 642,"3 547,8"
12.05.2023,"-1 051,9","-1 045,4","1 798,6","1 718,6",0,0,80,"3 178,9","2 330,2",8488,0,3349,"3 554,4","3 547,8"
11.05.2023,"-1 124,3",-9782,"1 878,1","1 718,6",0,0,1595,"3 179,5","2 330,2",8493,0,3231,"3 693,9","3 547,8"
10.05.2023,-7109,-8441,"1 799,4","1 718,6",0,1,798,"2 927,8","1 977,5",9503,0,2842,"3 414,6","3 547,8"
08.05.2023,-699,-8197,"1 799,4","1 718,6",0,1,798,"2 903,3","1 977,5",9258,0,2842,"3 427,2","3 547,8"
05.05.2023,-9251,-6345,"1 820,3","1 718,6",0,0,1017,"2 769,7","1 977,5",7922,0,3149,"3 838,5","3 547,8"
04.05.2023,"-1 550,2",-6256,"1 806,4","1 718,6",0,0,878,"2 769,2","1 977,5",7917,0,3372,"4 472,5","3 547,8"
03.05.2023,-5402,-8087,"1 832,5","1 718,6",0,57,1082,"2 977,6",1 990,9876,0,3364,"3 279,4","3 547,8"
02.05.2023,5004,-6415,"2 028,8","1 718,6",0,41,3061,"3 006,6",1 990,"1 016,6",0,3363,"2 405,9","3 547,8"
28.04.2023,"-1 397,6",-8311,"1 816,1","1 718,6",0,0,974,"2 988,9",1 990,9989,0,3418,"4 114,3","3 547,8"
27.04.2023,"-1 496,6",-9289,1 814,"1 718,6",0,73,88,"3 082,3",1 990,"1 092,3",0,3394,"4 115,5","3 547,8"
26.04.2023,"-1 703,7","-1 076,8","1 812,7","1 718,6",0,73,867,"3 225,4","2 254,1",9713,0,336,"4 174,8","3 547,8"
25.04.2023,"-1 665,2",-8722,"1 811,7","1 718,6",0,73,858,"3 029,6","2 254,1",7754,0,3456,"4 340,8","3 547,8"
24.04.2023,"-1 488,6",-833,"1 846,6","1 718,6",0,73,1207,"3 024,5","2 254,1",7704,0,3449,"4 203,4","3 547,8"
21.04.2023,"-1 551,5",-857,"1 836,7","1 718,6",0,76,1104,2 996,"2 254,1",7419,0,3024,"4 242,3","3 547,8"
20.04.2023,"-1 577,5",-8421,1 817,"1 718,6",0,76,907,3 003,"2 254,1",7488,0,3439,"4 283,2","3 547,8"
19.04.2023,"-1 536,5","-1 169,1","1 849,8","1 764,9",0,49,80,"3 343,8","2 605,4",7385,0,3249,"3 915,2","3 547,8"
18.04.2023,"-1 421,4","-1 184,3","1 851,4","1 764,9",0,78,787,"3 381,3","2 605,4",776,0,3456,3 785,"3 547,8"
17.04.2023,"-1 519,9","-1 229,7","1 852,5","1 764,9",0,78,798,"3 388,7","2 605,4",7833,0,3064,3 838,"3 547,8"
14.04.2023,"-1 661,7","-1 227,7","1 903,8","1 764,9",0,78,131,"3 440,1","2 605,4",8348,0,3087,"3 981,9","3 547,8"
13.04.2023,"-1 515,8","-1 120,2","1 899,5",1 765,0,78,1267,"3 365,7","2 605,4",7603,0,346,"3 943,5","3 547,8"
12.04.2023,"-1 363,6","-2 359,3","1 912,5","1 765,1",0,37,1437,"4 621,5","3 698,4",9231,0,3497,"1 457,5","2 453,2"
11.04.2023,"-1 594,9","-1 662,8","1 936,4","1 765,1",0,78,1635,"3 948,5","2 772,9","1 175,7",0,3493,"2 385,3","2 453,2"
10.04.2023,-5936,"-1 339,2","1 926,8","1 765,3",0,78,1537,"3 616,8","2 772,9",844,0,3509,"1 707,6","2 453,2"
07.04.2023,-6211,"-1 345,1","1 944,4","1 765,3",0,77,1714,"3 640,6","2 772,9",8677,0,351,"1 729,2","2 453,2"
06.04.2023,-7859,"-1 396,4","1 955,4","1 765,3",0,77,1823,"3 674,3","2 772,9",9014,0,3225,"1 842,7","2 453,2"
05.04.2023,-1 797,"-1 242,5",1 952,"1 765,6",0,76,1788,"3 517,2",2 450,"1 067,2",0,3227,"3 007,7","2 453,2"
04.04.2023,"-2 145,4","-1 206,1","1 936,8","1 765,6",0,76,1635,"3 488,9",2 450,"1 038,9",0,346,"3 392,6","2 453,2"
03.04.2023,"-1 978,7","-1 117,9","2 071,9","1 765,6",0,76,2987,"3 544,3",2 450,"1 094,3",0,3545,3 314,"2 453,2"
31.03.2023,"-2 364,8","-1 149,3","1 992,6","1 765,6",0,68,2202,"3 489,2",2 450,"1 039,2",0,3473,"3 668,8","2 453,2"
30.03.2023,"-1 776,7","-1 098,9","1 986,6","1 765,6",0,22,2187,"3 435,8",2 450,9858,0,3503,3 131,"2 453,2"
29.03.2023,539,"-1 291,9","2 367,8","1 765,9",0,01,6019,"4 012,8","3 049,6",9633,0,3531,"1 107,5","2 453,2"
28.03.2023,"-1 538,9",-1 806,"1 956,8","1 765,9",0,0,1909,"4 115,7","3 049,6","1 066,1",0,3529,"2 186,1","2 453,2"
27.03.2023,"-1 973,8","-1 913,2","1 951,5","1 765,9",0,0,1856,"4 219,9","3 049,6","1 170,4",0,3553,"2 513,8","2 453,2"
24.03.2023,"-2 036,1","-1 814,3","2 000,5","1 765,9",0,0,2346,"4 170,5","3 049,6","1 120,9",0,3558,"2 675,1","2 453,2"
23.03.2023,"-2 063,5","-1 873,4","2 010,2","1 765,9",0,0,2444,"4 240,4","3 049,6","1 190,8",0,3567,"2 643,3","2 453,2"
22.03.2023,"-2 155,4",-2 054,"1 916,8","1 668,5",0,0,2483,"4 327,2","3 243,4","1 083,9",0,3564,"2 554,6","2 453,2"
21.03.2023,"-2 193,9",-2 121,1 912,"1 668,6",0,0,2434,"4 390,1","3 243,4","1 146,8",0,3572,"2 526,2","2 453,2"
20.03.2023,"-2 388,3","-1 974,3","1 935,8","1 668,7",0,0,2671,"4 269,4","3 243,4",1 026,0,3593,"2 867,2","2 453,2"
17.03.2023,"-2 314,5",-1 933,"1 927,7","1 668,7",0,0,259,4 221,"3 243,4",9777,0,3604,"2 834,8","2 453,2"
16.03.2023,"-2 204,5","-1 923,6","1 937,3","1 668,7",0,0,2686,"4 221,4","3 243,4",978,0,3605,"2 734,1","2 453,2"
15.03.2023,"-2 391,9","-3 919,5","1 882,4","1 668,7",0,0,2137,"6 163,2","4 464,4","1 698,8",0,3613,8746,"2 402,1"
14.03.2023,"-2 398,8","-2 079,3","1 954,3","1 668,7",0,0,2856,"4 399,6","3 050,4","1 349,2",0,366,"2 721,6","2 402,1"
13.03.2023,"-2 389,8",-1 787,"1 967,4","1 668,7",0,0,2987,"4 120,6","3 050,4","1 070,3",0,3662,"3 004,9","2 402,1"
10.03.2023,"-2 297,5","-1 285,2","2 436,1","1 668,7",0,0,7674,"4 089,3","3 050,4","1 038,9",0,368,"3 414,5","2 402,1"
09.03.2023,"-2 393,4","-2 187,2","2 022,8","1 668,7",0,0,3541,"4 578,1","3 331,2",1 247,0,3682,"2 608,3","2 402,1"
07.03.2023,"-2 244,3","-2 112,7",1 932,"1 668,7",0,0,2633,"4 413,3","3 331,2","1 082,2",0,3686,"2 533,8","2 402,1"
06.03.2023,"-2 816,8",-1 998,"1 956,6","1 668,7",0,0,2879,"4 323,2","3 331,2",9921,0,3687,"3 220,9","2 402,1"
03.03.2023,"-2 843,8",-2 367,"1 986,6","1 668,7",0,0,3179,"4 717,6","3 331,2","1 386,4",0,364,2 879,"2 402,1"
02.03.2023,"-2 340,6","-2 142,2","2 203,2","1 668,7",0,0,5345,"4 710,4","3 331,2","1 379,3",0,3651,"2 600,6","2 402,1"
01.03.2023,"-1 901,1","-2 064,8","2 626,1","1 668,7",0,0,9574,5 056,3 730,1 326,0,3651,"2 238,4","2 402,1"
28.02.2023,"-2 388,7","-2 376,7","2 614,9","1 668,7",0,0,9462,"5 358,8",3 730,"1 628,8",0,3673,"2 414,2","2 402,1"
27.02.2023,"-2 710,1","-2 792,1","2 114,5","1 668,7",0,0,4458,"5 275,9",3 730,"1 545,9",0,3693,"2 320,1","2 402,1"
24.02.2023,"-2 701,3","-2 773,5","2 114,5","1 668,7",0,0,4458,"5 257,3",3 730,"1 527,3",0,3693,"2 329,9","2 402,1"
22.02.2023,"-2 738,5","-3 053,6","2 391,9","1 668,7",0,0,7232,5 807,"4 549,5","1 257,5",0,3615,2 087,"2 402,1"
21.02.2023,"-2 860,6","-3 253,6","2 217,2","1 668,7",0,0,5485,"5 832,3","4 549,5","1 282,7",0,3615,"2 009,2","2 402,1"
20.02.2023,"-3 106,4","-3 417,5","2 003,3","1 668,7",0,0,3346,"5 781,4","4 549,5","1 231,9",0,3606,"2 091,1","2 402,1"
17.02.2023,"-3 147,5","-3 518,6","2 021,1","1 668,7",0,0,3524,"5 900,9","4 549,5","1 351,4",0,3612,"2 031,1","2 402,1"
16.02.2023,"-3 249,8","-3 326,3","2 154,1","1 668,8",0,0,4853,"5 841,6","4 549,5","1 292,1",0,3612,"2 325,6","2 402,1"
15.02.2023,"-3 255,9","-4 772,8","2 488,5","2 064,8",0,0,4237,"7 622,4","6 291,6","1 330,8",0,3611,9147,"2 431,6"
14.02.2023,"-3 106,7","-4 409,9","2 256,5","2 064,9",0,0,1916,"7 027,5","5 252,6","1 774,9",0,3612,"1 128,4","2 431,6"
13.02.2023,"-3 402,1","-4 083,8","2 356,6","2 064,9",0,0,2917,"6 800,7","5 252,6","1 548,1",0,3602,"1 749,9","2 431,6"
10.02.2023,"-3 256,5","-4 018,5","2 263,5",2 065,0,0,1985,"6 641,5","5 252,6","1 388,9",0,3594,"1 669,6","2 431,6"
09.02.2023,"-3 277,3","-4 073,3","2 268,1",2 065,0,04,2026,"6 700,9","5 252,6","1 448,3",0,3595,"1 635,6","2 431,6"
08.02.2023,"-3 548,6","-3 352,6","2 247,5",2 065,0,04,1821,5 960,"4 371,5","1 588,5",0,3599,"2 627,6","2 431,6"
07.02.2023,-3 615,"-3 383,1","2 266,3",2 065,0,04,2009,"6 011,3","4 371,5","1 639,7",0,3618,"2 663,5","2 431,6"
06.02.2023,-3 646,"-3 175,2","2 318,1",2 065,0,04,2527,"5 855,8","4 371,5","1 484,2",0,3625,"2 902,4","2 431,6"
03.02.2023,"-3 580,5","-3 199,5","2 237,6",2 065,0,0,1726,"5 797,6","4 371,5","1 426,1",0,3605,"2 812,6","2 431,6"
02.02.2023,"-3 420,6","-3 250,1","2 238,6",2 065,0,0,1736,"5 840,7","4 371,5","1 469,2",0,352,"2 602,1","2 431,6"
01.02.2023,"-2 857,7","-3 214,8","2 240,1","2 065,4",0,0,1747,"5 801,4",4 469,"1 332,4",0,3465,"2 074,5","2 431,6"
31.01.2023,"-3 293,6","-3 220,3","2 240,2","2 065,4",0,0,1748,"5 796,6",4 469,"1 327,7",0,3361,"2 504,9","2 431,6"
30.01.2023,"-3 236,9","-3 296,2","2 241,4","2 065,4",0,0,1759,"5 858,5",4 469,"1 389,6",0,321,"2 372,3","2 431,6"
27.01.2023,-3 424,"-3 405,7","2 241,3","2 065,4",0,0,1759,5 968,4 469,"1 499,1",0,321,"2 449,9","2 431,6"
26.01.2023,"-3 594,3","-3 436,5","2 241,7","2 065,4",0,0,1763,"5 998,4",4 469,"1 529,4",0,3201,"2 589,4","2 431,6"
25.01.2023,"-3 680,8","-2 841,5","2 242,9","2 065,4",0,0,1775,5 405,"3 884,1","1 520,9",0,3205,"3 270,9","2 431,6"
24.01.2023,"-3 710,5","-2 756,2","2 244,1","2 065,4",0,0,1787,5 321,"3 884,1","1 436,9",0,3206,"3 385,9","2 431,6"
23.01.2023,"-3 679,5","-2 710,3","2 247,1","2 065,4",0,0,1817,"5 278,1","3 884,1",1 394,0,3207,"3 400,8","2 431,6"
20.01.2023,"-3 661,6","-2 701,7","2 248,4","2 065,4",0,0,183,"5 271,3","3 884,1","1 387,2",0,3212,"3 391,5","2 431,6"
19.01.2023,"-3 634,2","-2 701,1","2 275,4","2 065,5",0,0,2099,"5 298,8","3 884,1","1 414,7",0,3223,"3 364,7","2 431,6"
18.01.2023,-3 668,"-3 703,8","2 328,8","2 065,5",0,0,2633,"6 354,9","5 062,6","1 292,4",0,3223,"2 286,3","2 322,1"
17.01.2023,"-3 052,2","-2 741,6",2 329,"2 065,5",0,0,2635,5 393,"3 760,6","1 632,4",0,3224,"2 632,7","2 322,1"
16.01.2023,"-1 882,3","-2 667,1","2 342,6","2 065,5",0,14,2756,"5 332,1","3 760,6","1 571,5",0,3224,"1 537,3","2 322,1"
13.01.2023,"-3 160,3","-2 781,5","2 324,7","2 065,5",0,28,2565,"5 429,6","3 760,6",1 669,0,3234,"2 700,9","2 322,1"
12.01.2023,"-3 513,1","-2 675,2","2 313,4","2 065,5",0,28,2451,"5 312,3","3 760,6","1 551,7",0,3237,3 160,"2 322,1"
11.01.2023,"-3 820,1",-3 708,"1 736,9","1 491,5",0,28,2426,"5 768,7","4 864,9",9039,0,3238,"2 434,2","2 322,1"
10.01.2023,"-3 557,2","-2 890,5","1 744,4","1 491,5",0,3,2499,4 968,3 412,1 556,0,3332,"2 988,8","2 322,1"
09.01.2023,-3 550,"-3 164,9","1 812,5","1 491,5",0,79,313,"5 308,7","3 621,2","1 687,6",0,3314,"2 707,2","2 322,1"
06.01.2023,"-3 545,8","-3 131,1","1 808,4","1 491,5",0,79,309,"5 270,9","3 621,2","1 649,7",0,3314,"2 736,8","2 322,1"
05.01.2023,"-3 547,1","-3 126,4","1 808,4","1 491,5",0,79,309,"5 266,2","3 621,2",1 645,0,3314,"2 742,8","2 322,1"
04.01.2023,-3 548,"-3 054,4","1 808,4","1 491,5",0,79,309,"5 194,2","3 621,2","1 573,1",0,3314,"2 815,6","2 322,1"
03.01.2023,"-3 471,1","-2 809,6","1 808,4","1 491,5",0,79,309,"4 949,4","3 621,2","1 328,2",0,3314,"2 983,6","2 322,1"
01.01.2023,"-3 471,1","-2 809,6","1 808,4","1 491,5",0,79,309,"4 949,4","3 621,2","1 328,2",0,3314,"2 983,6","2 322,1"
30.12.2022,-1 709,"-1 668,8","1 895,8","1 491,5",0,31,4011,"3 897,9","2 515,2","1 382,7",0,3333,"2 362,3","2 322,1"
29.12.2022,"-1 535,9","-1 751,2","2 178,4","1 491,6",0,12,6857,"4 262,5","2 515,2","1 747,4",0,333,"2 106,8","2 322,1"
28.12.2022,"-1 322,3","-1 718,9","1 924,4","1 491,6",0,08,4319,"3 986,2","2 519,1","1 467,2",0,3429,"1 925,5","2 322,1"
27.12.2022,"-1 380,9","-1 535,5","1 757,7","1 491,6",0,04,2657,"3 636,8","2 519,1","1 117,8",0,3436,"2 167,5","2 322,1"
26.12.2022,"-2 246,7","-1 642,5",1 632,"1 491,6",0,04,140,"3 609,5","2 519,1","1 090,4",0,335,"2 926,3","2 322,1"
23.12.2022,"-1 482,8","-1 600,6","1 692,7","1 491,6",0,04,2007,"3 628,1","2 519,1",1 109,0,3348,"2 204,3","2 322,1"
22.12.2022,-1 420,"-1 542,1","1 690,9","1 491,7",0,07,1986,"3 560,8","2 519,1","1 041,8",0,3277,2 200,"2 322,1"
21.12.2022,"-1 323,8","-1 490,4","1 726,7","1 491,8",0,07,2342,"3 545,1",2 500,"1 045,1",0,3281,"2 155,5","2 322,1"
20.12.2022,-1 163,"-1 387,8",1 728,"1 492,1",0,22,2338,"3 441,1",2 500,9411,0,3253,"2 097,3","2 322,1"
19.12.2022,"-1 370,5","-1 449,2","1 654,9","1 492,1",0,22,1606,"3 430,1",2 500,9301,0,326,"2 243,4","2 322,1"
16.12.2022,"-1 277,2","-1 518,7","1 663,5","1 492,1",0,22,1692,"3 515,1",2 500,"1 015,1",0,3329,"2 080,6","2 322,1"
15.12.2022,"-1 596,4",-1 528,"1 637,3","1 492,1",0,22,1431,"3 498,6",2 500,9986,0,3333,"2 390,5","2 322,1"
14.12.2022,"-1 398,5","-1 996,6","2 074,8","1 492,1",0,21,5806,4 405,"3 063,3","1 341,6",0,3335,"1 707,1","2 305,2"
13.12.2022,"-1 311,8","-1 801,2","2 117,6","1 492,1",0,16,624,"4 253,5","3 063,3","1 190,2",0,3346,"1 815,8","2 305,2"
12.12.2022,"-1 582,5","-1 868,4","2 052,4","1 492,1",0,19,5584,"4 255,8","3 063,3","1 192,5",0,3351,"2 019,3","2 305,2"
09.12.2022,-1 277,"-2 117,6","1 692,6","1 492,1",0,21,1984,"4 145,5","3 063,3","1 082,2",0,3354,"1 464,6","2 305,2"
08.12.2022,"-1 881,4","-2 166,8","1 705,5","1 492,1",0,21,2113,"4 207,8","3 063,3","1 144,4",0,3355,"2 019,9","2 305,2"
07.12.2022,"-1 813,5","-1 481,9","2 031,7","1 776,8",0,22,2527,"3 849,2","2 539,3","1 309,9",0,3356,"2 636,8","2 305,2"
06.12.2022,"-1 320,5","-1 397,3","2 048,7",1 777,0,21,2696,"3 783,6","2 539,3","1 244,4",0,3376,"2 228,4","2 305,2"
05.12.2022,"-1 235,5","-1 409,6","2 047,8",1 777,0,08,270,3 796,"2 539,3","1 256,8",0,3386,"2 131,1","2 305,2"
02.12.2022,-8846,-1 383,"2 076,1",1 777,0,0,2991,3 798,"2 539,3","1 258,8",0,3389,"1 806,8","2 305,2"
01.12.2022,-9912,"-1 239,6","2 045,3","1 777,1",0,06,2677,"3 629,6","2 539,3","1 090,4",0,3447,"2 056,8","2 305,2"
30.11.2022,"-1 026,1",-9077,"2 044,4","1 777,1",0,0,2674,"3 298,2","1 663,3","1 634,8",0,3461,"2 423,6","2 305,2"
29.11.2022,-5807,-7186,"2 045,7","1 777,1",0,0,2686,"3 109,8","1 663,3","1 446,5",0,3455,"2 167,3","2 305,2"
28.11.2022,-5803,-7309,"2 023,9","1 777,2",0,01,2466,"3 092,2","1 663,3","1 428,9",0,3374,"2 154,6","2 305,2"
25.11.2022,"-1 907,6","-1 065,7","1 895,6","1 777,3",0,0,1183,"3 284,4","1 663,3","1 621,1",0,3232,"3 147,1","2 305,2"
24.11.2022,"-1 811,3",-8733,"1 895,1","1 777,3",0,07,117,"3 092,4","1 663,3","1 429,1",0,324,"3 243,2","2 305,2"
23.11.2022,"-1 756,3",-7038,"1 896,3","1 778,2",0,07,1174,"2 915,7","1 853,9","1 061,9",0,3156,"3 357,7","2 305,2"
22.11.2022,"-1 776,7",-7595,"1 936,4","1 778,2",0,07,1574,"3 021,3","1 853,9","1 167,4",0,3254,"3 322,5","2 305,2"
21.11.2022,"-1 646,2",-621,1 937,"1 778,2",0,07,158,"2 881,7","1 853,9","1 027,8",0,3237,"3 330,4","2 305,2"
18.11.2022,-6567,-5421,"1 936,2","1 778,2",0,07,1572,"2 804,1","1 853,9",9502,0,3258,"2 419,8","2 305,2"
17.11.2022,-9579,-6129,"1 937,3","1 778,2",0,07,1583,2 874,"1 853,9","1 020,2",0,3239,"2 650,2","2 305,2"
16.11.2022,-7366,"-1 350,7","1 958,2","1 778,4",0,06,1792,"3 632,9","2 448,8","1 184,1",0,324,"1 709,3","2 323,3"
15.11.2022,"-1 078,8","-1 111,4","1 938,5","1 778,4",0,05,1596,"3 375,2","1 763,3","1 611,9",0,3253,"2 290,8","2 323,3"
14.11.2022,"-1 325,3",-6533,"1 940,7","1 778,4",0,05,1617,"2 918,5","1 763,3","1 155,2",0,3246,"2 995,3","2 323,3"
11.11.2022,"-1 078,3",-629,"1 972,5","1 778,4",0,13,1928,"2 927,4","1 763,3","1 164,1",0,3258,"2 772,6","2 323,3"
10.11.2022,"-1 345,6",-6271,"1 972,7","1 778,5",0,13,1929,"2 923,5","1 763,3","1 160,2",0,3237,"3 041,8","2 323,3"
09.11.2022,-1 393,"-1 643,7",5639,3714,0,13,1912,"2 531,4",1 010,"1 521,4",0,3239,"2 072,6","2 323,3"
08.11.2022,"-1 369,1","-1 273,7","1 064,7",3714,0,13,6921,"2 663,7",1 010,"1 653,7",0,3253,"2 418,7","2 323,3"
07.11.2022,"-1 252,3","-1 014,5","1 219,6",3716,0,13,8467,"2 559,5",1 010,"1 549,5",0,3254,"2 561,2","2 323,3"
03.11.2022,"-1 251,7",-9008,"1 179,8",3719,0,13,8066,"2 404,9",1 010,"1 394,9",0,3242,"2 674,2","2 323,3"
02.11.2022,-9701,-6416,"1 469,3",372,0,13,"1 096,1","2 435,3",1 070,"1 365,3",0,3244,"2 651,8","2 323,3"
01.11.2022,-9613,-5642,"1 569,9",3721,0,15,"1 196,3","2 458,1",1 070,"1 388,1",0,324,"2 720,4","2 323,3"
31.10.2022,"-1 175,7",-8669,1 218,3721,0,13,8446,"2 413,1",1 070,"1 343,1",0,3282,"2 632,2","2 323,3"
28.10.2022,"-1 401,5","-1 496,6",6395,3721,0,15,2659,"2 474,2",1 070,"1 404,2",0,3381,"2 228,2","2 323,3"
27.10.2022,"-1 272,7","-1 549,6",850,3721,0,15,4764,"2 734,8",1 070,"1 664,8",0,3352,"2 046,4","2 323,3"
26.10.2022,-6228,"-1 127,8","1 349,7",3721,0,15,976,"2 811,3",7299,"2 081,4",0,3338,"1 818,3","2 323,3"
25.10.2022,"-1 265,9","-1 456,5","1 347,7",3721,0,2,9736,3 138,7299,"2 408,1",0,3337,"2 132,7","2 323,3"
24.10.2022,"-1 267,5",-9351,"1 383,5",3721,0,25,"1 008,9","2 652,7",7299,"1 922,8",0,3341,"2 655,7","2 323,3"
21.10.2022,"-1 126,2","-1 029,9","1 347,9",3721,0,31,9727,"2 711,8",7299,1 982,0,3341,"2 419,7","2 323,3"
20.10.2022,"-1 251,5",-1 278,"1 097,8",3721,0,37,722,"2 709,9",7299,1 980,0,3341,"2 296,9","2 323,3"
19.10.2022,"-1 207,3","-1 368,8","1 192,6",3721,0,37,8168,"2 895,9",1 360,"1 535,9",0,3344,"2 161,8","2 323,3"
18.10.2022,"-1 198,3","-1 312,4","1 212,6",3722,0,37,8367,"2 858,7",1 360,"1 498,7",0,3338,"2 209,3","2 323,3"
17.10.2022,"-1 210,6","-1 464,5","1 012,4",3722,0,49,6353,"2 810,6",1 360,"1 450,6",0,3337,"2 069,4","2 323,3"
14.10.2022,"-1 335,1","-1 595,1",8745,3722,0,58,4966,"2 805,4",1 360,"1 445,4",0,3358,"2 063,3","2 323,3"
13.10.2022,"-1 349,8","-1 654,2",7917,3722,0,64,4132,"2 781,9",1 360,"1 421,9",0,336,2 019,"2 323,3"
12.10.2022,"-1 333,2","-1 566,8","1 272,1",1639,0,71,"1 101,2",3 175,1 390,1 785,0,3361,2 087,"2 320,5"
11.10.2022,"-1 409,5","-1 256,9","1 257,3",1646,0,68,"1 085,9","2 854,5",1 390,"1 464,5",0,3403,"2 473,1","2 320,5"
10.10.2022,"-1 544,1","-1 023,8","1 491,3",1646,0,68,"1 319,9","2 855,9",1 390,"1 465,9",0,3408,"2 840,8","2 320,5"
07.10.2022,"-1 501,8",-9112,"1 686,7",1646,0,67,"1 515,4","2 939,2",1 390,"1 549,2",0,3413,"2 911,1","2 320,5"
06.10.2022,"-1 546,1",-9936,"1 576,5",1646,0,69,1 405,"2 911,6",1 390,"1 521,6",0,3415,2 873,"2 320,5"
05.10.2022,"-1 809,1","-1 285,1","1 382,4",1653,0,64,"1 210,6","3 008,8","1 663,9","1 344,9",0,3413,"2 844,5","2 320,5"
04.10.2022,"-1 579,4",-1 073,"1 464,9",1653,0,53,"1 294,3","2 879,3","1 663,9","1 215,4",0,3414,2 827,"2 320,5"
03.10.2022,"-1 647,3","-1 132,2","1 478,5",1661,0,95,"1 302,9","2 954,9","1 663,9",1 291,0,3442,"2 835,6","2 320,5"
30.09.2022,"-1 906,9","-1 657,6",9953,1668,0,39,8245,"2 998,5","1 663,9","1 334,6",0,3457,"2 569,8","2 320,5"
29.09.2022,"-1 899,1","-1 942,6",8206,167,0,23,6513,"3 110,5","1 663,9","1 446,6",0,3473,2 277,"2 320,5"
28.09.2022,"-2 056,3","-2 071,5",5591,1672,0,16,3904,"2 980,8",1 800,"1 180,8",0,3503,"2 305,3","2 320,5"
27.09.2022,"-1 400,5","-1 743,5",9086,1689,0,11,7387,"3 002,3",1 800,"1 202,3",0,3502,"1 977,5","2 320,5"
26.09.2022,"-2 067,7","-1 620,3","1 008,6",1697,0,07,8382,"2 979,5",1 800,"1 179,5",0,3505,"2 767,9","2 320,5"
23.09.2022,-2 158,"-2 023,6",7596,1697,0,06,5893,3 139,1 800,1 339,0,3557,"2 454,9","2 320,5"
22.09.2022,"-2 401,2",-2 315,511,1716,0,06,3389,"3 181,9",1 800,"1 381,9",0,3558,"2 406,7","2 320,5"
21.09.2022,-2 405,-2 299,7621,1726,0,08,5887,3 417,"2 178,1",1 239,0,3559,"2 426,5","2 320,5"
20.09.2022,"-2 264,8",-2 566,5146,1736,0,08,3402,"3 436,6","2 178,1","1 258,5",0,356,"2 019,3","2 320,5"
19.09.2022,"-2 177,8","-2 801,9",2644,1743,0,05,895,"3 423,2","2 178,1","1 245,2",0,357,"1 696,5","2 320,5"
16.09.2022,"-2 305,8","-2 787,9",3154,1743,0,17,1394,"3 460,5","2 178,1","1 282,4",0,3571,"1 838,4","2 320,5"
15.09.2022,"-2 441,2",-2 830,3224,1747,0,3,1447,"3 509,7","2 178,1","1 331,7",0,3573,"1 931,7","2 320,5"
14.09.2022,-3 150,-3 655,2487,70,0,03,1784,"4 261,5","3 085,2","1 176,2",0,3578,"1 057,1","1 562,1"
13.09.2022,-3 061,"-3 210,7",2243,70,0,02,154,"3 793,2","2 320,6","1 472,6",0,3582,"1 412,4","1 562,1"
12.09.2022,"-3 072,3","-2 990,9",2276,701,0,04,1571,"3 577,1","2 320,6","1 256,5",0,3586,"1 643,5","1 562,1"
09.09.2022,"-3 153,7","-2 971,9",2293,701,0,04,1587,"3 562,4","2 320,6","1 241,8",0,3612,"1 743,9","1 562,1"
08.09.2022,"-3 274,6","-2 980,9",2319,701,0,03,1615,"3 570,3","2 320,6","1 249,7",0,3575,"1 855,8","1 562,1"
07.09.2022,"-3 262,4","-2 914,9",232,701,0,05,1613,"3 505,3","2 294,9","1 210,4",0,3584,"1 909,6","1 562,1"
06.09.2022,"-3 201,4","-2 985,8",231,701,0,04,1605,"3 577,8","2 294,9","1 282,9",0,361,"1 777,7","1 562,1"
05.09.2022,"-3 251,4","-2 794,3",2315,701,0,01,1613,"3 387,3","2 294,9","1 092,4",0,3615,"2 019,2","1 562,1"
02.09.2022,"-3 167,4","-2 804,5",232,701,0,01,1618,3 398,"2 294,9","1 103,1",0,3615,1 925,"1 562,1"
01.09.2022,"-3 236,8","-2 756,8",2912,701,0,11,2199,"3 413,6","2 294,9","1 118,7",0,3656,"2 042,1","1 562,1"
31.08.2022,"-3 357,5","-2 681,1",2928,701,0,02,2224,"3 341,3",2 271,"1 070,3",0,3674,"2 238,5","1 562,1"
30.08.2022,"-2 874,6","-2 712,6",2367,702,0,22,1644,"3 316,9",2 271,"1 045,9",0,3676,"1 724,1","1 562,1"
29.08.2022,"-2 845,3","-2 654,4",3028,702,0,01,2326,"3 325,2",2 271,"1 054,2",0,368,1 753,"1 562,1"
26.08.2022,"-2 642,1","-2 579,9",3038,702,0,03,2334,"3 254,7",2 271,9837,0,3711,"1 624,3","1 562,1"
25.08.2022,"-2 882,1","-2 803,4",2726,702,0,03,2021,"3 447,4",2 271,"1 176,4",0,3714,"1 640,8","1 562,1"
24.08.2022,"-2 877,9","-2 875,2",2451,705,0,03,1744,"3 491,8","2 283,2","1 208,6",0,3714,"1 564,8","1 562,1"
23.08.2022,"-2 798,7","-2 834,8",2454,708,0,01,1745,"3 460,6","2 283,2","1 177,4",0,3805,1 526,"1 562,1"
22.08.2022,"-2 896,8",-2 811,2485,71,0,0,1775,"3 441,5","2 283,2","1 158,4",0,3821,"1 647,9","1 562,1"
19.08.2022,"-2 804,7","-2 786,4",253,71,0,07,1814,"3 433,1","2 283,2","1 149,9",0,3937,"1 580,4","1 562,1"
18.08.2022,"-2 758,4","-2 796,9",2522,71,0,04,1808,"3 442,9","2 283,2","1 159,7",0,3938,"1 523,6","1 562,1"
17.08.2022,"-2 858,1","-2 707,9",2069,672,0,4,1356,"3 308,5",1 957,"1 351,5",0,3938,"1 712,3","1 562,1"
16.08.2022,-2 676,"-2 681,6",2393,672,0,42,1679,3 315,1 957,1 358,0,3941,"1 556,5","1 562,1"
15.08.2022,-2 616,"-2 620,1",1583,674,0,41,869,"3 175,7",1 957,"1 218,7",0,3973,1 558,"1 562,1"
12.08.2022,"-2 644,1","-2 631,3",1546,676,0,45,825,"3 183,8",1 957,"1 226,8",0,3979,"1 574,9","1 562,1"
11.08.2022,"-2 563,2","-2 675,5",1484,678,0,41,765,"3 222,1",1 957,"1 265,1",0,3983,"1 449,8","1 562,1"
10.08.2022,"-2 581,8","-2 629,5",4687,678,0,38,3972,3 497,"2 349,1","1 147,9",0,3988,1 521,"1 568,7"
09.08.2022,"-2 655,5","-2 617,2",2433,678,0,38,1717,"3 259,3","1 803,3",1 456,0,3988,"1 607,1","1 568,7"
08.08.2022,"-2 755,2","-2 359,1",3655,678,0,38,2939,"3 123,6","1 803,3","1 320,4",0,3991,"1 964,9","1 568,7"
05.08.2022,"-2 664,9","-2 183,6",5449,678,0,42,4729,"3 128,1","1 803,3","1 324,8",0,3995,2 050,"1 568,7"
04.08.2022,"-2 814,5","-2 212,3",6431,679,0,58,5695,"3 255,2","1 803,3","1 451,9",0,3997,"2 170,9","1 568,7"
03.08.2022,"-2 702,9",-1 814,7459,684,0,59,6716,"2 959,8",1 637,"1 322,8",0,3999,"2 457,6","1 568,7"
02.08.2022,"-2 558,7","-1 670,6",8464,684,0,58,7722,"2 916,4",1 637,"1 279,4",0,3994,"2 456,9","1 568,7"
01.08.2022,"-2 697,9","-2 243,8",1796,684,0,73,1039,"2 824,1",1 637,"1 187,1",0,4007,"2 022,8","1 568,7"
29.07.2022,"-2 602,4","-1 995,3",502,684,0,69,4268,"2 899,2",1 637,"1 262,2",0,4019,"2 175,8","1 568,7"
28.07.2022,"-2 832,3","-2 355,3",2247,684,0,59,1504,"2 982,1",1 637,"1 345,1",0,4022,"2 045,8","1 568,7"
27.07.2022,"-2 656,4","-2 672,5",2339,686,0,59,1595,3 312,1 870,1 442,0,4056,"1 552,6","1 568,7"
26.07.2022,"-2 075,5","-2 290,2",5174,688,0,59,4428,"3 217,3",1 870,"1 347,3",0,4096,1 354,"1 568,7"
25.07.2022,-2 672,"-2 888,8",1415,693,0,59,664,"3 546,5",1 870,"1 676,5",0,5162,1 352,"1 568,7"
22.07.2022,"-2 690,2","-2 756,2",138,693,0,72,615,"3 410,7",1 870,"1 540,7",0,5165,"1 502,7","1 568,7"
21.07.2022,"-2 647,1","-2 850,4",1374,693,0,66,616,"3 504,3",1 870,"1 634,3",0,5165,"1 365,4","1 568,7"
20.07.2022,"-2 613,5","-2 950,6",347,1689,0,65,1716,"3 816,2","2 297,7","1 518,6",0,5186,"1 231,6","1 568,7"
19.07.2022,"-2 526,5","-2 812,6",3416,1689,0,46,1681,"3 670,3","2 297,7","1 372,7",0,5161,"1 282,6","1 568,7"
18.07.2022,-2 601,"-2 785,4",342,1689,0,4,1691,"3 643,7","2 297,7","1 346,1",0,5163,"1 384,3","1 568,7"
15.07.2022,"-2 641,6","-2 660,6",3774,1689,0,44,2041,"3 555,3","2 297,7","1 257,6",0,5173,"1 549,7","1 568,7"
14.07.2022,"-2 761,5",-2 680,4155,1692,0,46,2417,"3 609,8","2 297,7","1 312,1",0,5143,"1 650,2","1 568,7"
13.07.2022,"-2 744,7","-2 508,3",8788,1695,0,4,7053,"3 902,1","2 736,7","1 165,4",0,5151,"1 867,7","1 631,2"
12.07.2022,"-2 556,8","-2 183,9",1 064,1695,0,4,8905,"3 762,1","2 329,2","1 432,9",0,5142,"2 004,1","1 631,2"
11.07.2022,"-2 576,6",-2 254,8944,1695,0,4,7209,"3 663,2","2 329,2",1 334,0,5148,"1 953,7","1 631,2"
08.07.2022,"-2 739,6","-2 771,2",3307,1695,0,43,1569,"3 616,5","2 329,2","1 287,3",0,5146,"1 599,6","1 631,2"
07.07.2022,"-2 724,6","-2 863,9",3887,1695,0,43,2149,"3 767,2","2 329,2",1 438,0,5146,1 492,"1 631,2"
06.07.2022,"-2 591,8","-2 608,2",3895,1699,0,64,2132,"3 511,6","1 838,4","1 673,2",0,5139,"1 614,8","1 631,2"
05.07.2022,"-2 280,3","-2 602,3",3916,1703,0,84,2129,"3 510,6","1 838,4","1 672,2",0,5168,"1 309,3","1 631,2"
04.07.2022,"-2 492,6",-2 501,4002,1707,0,91,2205,"3 417,8","1 838,4","1 579,3",0,5165,"1 622,8","1 631,2"
01.07.2022,"-2 560,9","-2 383,6",280,1707,0,99,994,"3 179,5","1 838,4","1 341,1",0,5159,"1 808,5","1 631,2"
30.06.2022,"-2 417,7","-2 538,9",2727,1707,0,123,896,"3 327,1","1 838,4","1 488,6",0,5155,1 510,"1 631,2"
29.06.2022,"-2 179,6","-2 156,3",362,1707,0,127,1786,3 034,1 610,1 424,0,5157,"1 654,6","1 631,2"
28.06.2022,"-2 036,7","-2 260,3",3497,1707,0,124,1666,"3 126,8",1 610,"1 516,8",0,5168,"1 407,6","1 631,2"
27.06.2022,"-2 561,2","-2 402,6",429,1707,0,107,2476,"3 348,9",1 610,"1 738,9",0,5173,"1 789,8","1 631,2"
24.06.2022,"-2 764,5","-2 453,9",4325,1707,0,132,2486,3 403,1 610,1 793,0,5166,"1 941,8","1 631,2"
23.06.2022,"-2 691,7","-2 443,6",4347,1707,0,96,2544,"3 394,7",1 610,"1 784,7",0,5164,"1 879,3","1 631,2"
22.06.2022,"-2 634,1","-2 411,9",4413,1713,0,154,2546,"3 368,9","1 428,1","1 940,8",0,5156,"1 853,4","1 631,2"
21.06.2022,-2 490,"-2 353,8",4437,1713,0,169,2555,"3 312,7","1 428,1","1 884,6",0,5152,"1 767,4","1 631,2"
20.06.2022,"-2 706,8","-2 376,8",3796,1713,0,165,1918,"3 271,9","1 428,1","1 843,8",0,5155,"1 961,3","1 631,2"
17.06.2022,"-2 825,4","-2 491,1",3956,1713,0,177,2066,3 402,"1 428,1","1 973,9",0,5153,"1 965,5","1 631,2"
16.06.2022,"-2 663,3","-2 280,9",4574,1714,0,195,2665,"3 253,4","1 428,1","1 825,3",0,5151,"2 013,6","1 631,2"
15.06.2022,"-2 787,4",-1046,"3 212,8",1718,0,2333,"2 807,7","3 832,2",1 940,"1 892,2",0,5148,"4 008,3","1 325,5"
14.06.2022,"-2 687,8","-2 595,4",5442,1724,0,21,3507,"3 652,2",1 940,"1 712,2",0,5127,"1 417,9","1 325,5"
10.06.2022,"-2 420,7","-2 675,5",4188,1724,0,211,2253,"3 605,4",1 940,"1 665,4",0,511,"1 070,7","1 325,5"
09.06.2022,"-2 127,6","-2 584,7",5116,1725,0,172,3219,3 608,1 940,1 668,0,5117,8684,"1 325,5"
08.06.2022,"-2 275,8","-2 302,1",3585,1725,0,14,172,"3 171,2",1 200,"1 971,2",0,5105,"1 299,2","1 325,5"
07.06.2022,-2 297,"-2 244,6",3585,1725,0,145,1714,"3 113,4",1 200,"1 913,4",0,5102,"1 377,9","1 325,5"
06.06.2022,"-1 972,6","-2 023,7",312,1726,0,14,1254,"2 844,5",1 200,"1 644,5",0,5088,"1 274,5","1 325,5"
03.06.2022,"-2 117,3","-2 177,8",333,1726,0,155,1449,"3 017,5",1 200,"1 817,5",0,5067,1 265,"1 325,5"
02.06.2022,"-2 020,6","-2 121,6",2742,1726,0,166,85,"2 901,4",1 200,"1 701,4",0,5056,"1 224,5","1 325,5"
01.06.2022,"-2 438,8","-1 967,8",2768,1726,0,184,858,"2 748,8",8499,"1 898,9",0,5042,"1 796,5","1 325,5"
31.05.2022,-1 778,"-1 958,2",2648,1727,0,172,748,"2 732,2",8499,"1 882,3",0,5092,"1 145,3","1 325,5"
30.05.2022,"-1 921,8","-1 892,5",262,1728,0,174,718,2 660,8499,"1 810,1",0,5056,"1 354,9","1 325,5"
27.05.2022,"-1 417,8",-2 079,2499,1741,0,145,613,"2 831,8",8499,"1 981,9",0,5029,6643,"1 325,5"
26.05.2022,"-1 312,7","-1 718,8",3749,1741,0,136,1871,"2 595,2",8499,"1 745,3",0,5015,9194,"1 325,5"
25.05.2022,"-2 449,6","-1 923,9",2474,175,0,97,626,"2 671,3",740,"1 931,3",0,500,"1 851,2","1 325,5"
24.05.2022,"-2 274,8","-1 957,8",2502,175,0,116,636,"2 703,1",740,"1 963,1",0,4952,"1 642,5","1 325,5"
23.05.2022,"-2 095,8","-1 815,2",2521,175,0,112,659,"2 561,4",740,"1 821,4",0,4941,"1 606,1","1 325,5"
20.05.2022,"-2 189,2","-1 759,5",3526,175,0,109,1666,"2 602,6",740,"1 862,6",0,4905,"1 755,2","1 325,5"
19.05.2022,"-2 220,3","-1 974,5",2529,175,0,102,677,"2 713,3",740,"1 973,3",0,486,"1 571,3","1 325,5"
18.05.2022,-2 088,"-1 641,6",6593,2729,0,41,3823,"2 786,2",800,"1 986,2",0,4854,"1 867,3","1 420,9"
17.05.2022,-2 015,"-1 338,9",7495,2729,0,105,4661,"2 572,2",0,"2 572,2",0,4838,2 097,"1 420,9"
16.05.2022,"-2 007,5","-1 012,7",9983,2732,0,69,7182,"2 490,6",0,"2 490,6",0,4796,"2 415,7","1 420,9"
13.05.2022,"-2 020,9","-1 198,7",9507,2735,0,9,6682,"2 627,7",0,"2 627,7",0,4783,"2 243,1","1 420,9"
12.05.2022,"-1 833,5","-1 320,2",8518,2735,0,93,5689,"2 647,7",0,"2 647,7",0,4756,"1 934,2","1 420,9"
11.05.2022,"-1 703,1",-8543,"1 207,8",6245,0,142,5692,"2 536,2",0,"2 536,2",0,4741,"2 269,7","1 420,9"
06.05.2022,"-1 470,2","-1 140,8",9086,6248,0,155,2683,"2 518,9",0,"2 518,9",0,4695,"1 750,3","1 420,9"
05.05.2022,"-1 071,2",3078,2 377,6253,0,153,"1 736,3","2 528,8",0,"2 528,8",0,4596,"2 799,9","1 420,9"
04.05.2022,"-1 171,2",-1 538,8357,7667,0,27,662,"2 827,5",0,"2 827,5",0,4538,"1 054,1","1 420,9"
29.04.2022,-6238,"-1 278,8",8582,7667,0,27,887,"2 590,2",0,"2 590,2",0,4532,7659,"1 420,9"
28.04.2022,"-1 078,3","-1 537,7",836,7667,0,28,664,"2 820,8",0,"2 820,8",0,4472,9616,"1 420,9"
27.04.2022,-2167,-5936,"1 499,1","1 265,6",0,24,2311,"2 534,6",0,"2 534,6",0,4419,1 044,"1 420,9"
26.04.2022,-2352,-6904,"1 356,9","1 266,5",0,25,879,"2 460,6",0,"2 460,6",0,4133,9657,"1 420,9"
25.04.2022,"-1 142,2","-1 091,6","1 333,2","1 266,9",0,35,628,"2 838,2",0,"2 838,2",0,4134,"1 471,6","1 420,9"
22.04.2022,"-1 120,7","-1 234,1","1 334,8","1 267,2",0,41,635,"2 977,3",0,"2 977,3",0,4084,"1 307,6","1 420,9"
21.04.2022,"-1 048,3","-1 366,1","1 336,1","1 267,4",0,55,631,3 116,0,3 116,0,4138,"1 103,1","1 420,9"
20.04.2022,-9926,"-1 454,1","1 227,1",8427,0,182,3662,3 091,0,3 091,0,4097,9594,"1 420,9"
19.04.2022,-9549,"-1 369,4","1 222,9",8427,0,171,3631,"2 988,1",0,"2 988,1",0,3957,"1 006,4","1 420,9"
18.04.2022,-848,"-1 254,9","1 147,1",8435,0,185,2851,"2 791,8",0,"2 791,8",0,3898,"1 014,1","1 420,9"
15.04.2022,"-1 009,2","-1 416,2","1 074,6",8435,0,183,2127,"2 873,6",0,"2 873,6",0,3828,"1 013,9","1 420,9"
14.04.2022,-9084,"-1 415,7","1 036,9",8435,0,308,1626,"2 832,5",0,"2 832,5",0,3799,9136,"1 420,9"
13.04.2022,-9671,-6582,"2 944,9",1 586,0,23,"1 335,9","3 972,8","2 341,5","1 631,3",0,3697,1 592,"1 283,1"
12.04.2022,"-1 375,9",-4443,"2 768,7",1 586,0,227,1 160,"3 577,2",0,"3 577,2",0,3642,"2 214,6","1 283,1"
11.04.2022,-1 454,"-2 059,9","1 770,4","1 587,4",0,155,1674,"4 190,3",0,"4 190,3",0,360,6772,"1 283,1"
08.04.2022,"-1 421,2",-1 513,"1 811,8","1 588,4",0,17,2216,"3 679,3",0,"3 679,3",0,3546,"1 191,2","1 283,1"
07.04.2022,-9355,"-1 160,1","1 855,4","1 588,8",0,439,2226,"3 366,2",0,"3 366,2",0,3507,"1 058,5","1 283,1"
06.04.2022,-7997,-7404,"2 238,2","1 778,4",0,1112,3486,"3 326,7",0,"3 326,7",0,3481,"1 342,4","1 283,1"
05.04.2022,-3877,-6171,"2 228,8","1 879,6",0,1212,228,"3 190,4",0,"3 190,4",0,3445,"1 053,6","1 283,1"
04.04.2022,-82,-6036,2 228,"1 881,9",0,1159,2302,"3 175,2",0,"3 175,2",0,3436,7614,"1 283,1"
01.04.2022,-838,-2804,"2 484,2","2 298,4",0,916,942,"3 107,8",0,"3 107,8",0,3432,"1 086,4","1 283,1"
31.03.2022,3722,767,"2 751,4","2 572,9",0,1131,654,"3 002,6",0,"3 002,6",0,3279,9876,"1 283,1"
30.03.2022,8753,"1 351,5","4 173,7",4 056,0,554,624,"3 142,6",1 000,"2 142,6",0,3203,"1 759,2","1 283,1"
29.03.2022,"1 346,1","1 719,9","4 586,3","4 347,7",0,862,1524,"3 184,9",1 000,"2 184,9",0,3185,"1 656,9","1 283,1"
28.03.2022,"1 549,4","1 491,7","4 377,3","4 147,3",0,1987,312,"3 197,5",1 000,"2 197,5",0,312,"1 225,4","1 283,1"
25.03.2022,6307,6193,"4 060,8","3 949,6",0,924,189,"3 749,7",1 000,"2 749,7",0,3081,"1 271,6","1 283,1"
24.03.2022,7044,8762,"4 515,3",4 413,0,836,186,3 945,9843,"2 960,7",0,3059,"1 454,8","1 283,1"
23.03.2022,"1 160,7","1 305,5","4 763,7","4 575,4",0,1637,246,"3 764,2",1 000,"2 764,2",0,306,"1 427,8","1 283,1"
22.03.2022,"1 341,2","1 707,6","5 125,6","4 893,5",0,1875,445,"3 709,8",1 000,"2 709,8",0,2918,"1 649,5","1 283,1"
21.03.2022,"1 595,9","2 148,7","5 410,3","5 153,4",0,2123,446,"3 550,7",1 000,"2 550,7",0,2891,"1 835,9","1 283,1"
18.03.2022,1 591,"2 386,7","5 327,2","5 125,7",0,1619,395,"3 229,7",1 000,"2 229,7",0,2892,"2 078,8","1 283,1"
17.03.2022,"1 764,3","2 681,9","5 561,3","5 233,8",0,228,3047,"3 168,7",1 000,"2 168,7",0,2893,"2 200,6","1 283,1"
16.03.2022,"2 620,4","3 304,7","6 283,8","5 548,3",0,1007,6348,"3 174,8","1 510,9","1 663,8",0,1957,"1 967,3","1 283,1"
15.03.2022,"2 937,2","3 619,1","6 685,9","5 213,2",0,1716,"1 301,1",3 263,"1 424,1","1 838,9",0,1962,1 965,"1 283,1"
14.03.2022,"3 425,2","4 021,7","6 920,1","5 210,5",0,1927,1 517,"3 094,1","1 207,6","1 886,5",0,1957,"1 879,5","1 283,1"
11.03.2022,"3 648,4","4 135,3",7 147,"5 310,8",0,1388,"1 697,5","3 207,9","1 020,9","2 187,1",0,1962,1 770,"1 283,1"
10.03.2022,"3 715,2","4 850,8","7 642,8","4 837,5",0,1233,2 682,"2 988,3",7929,"2 195,4",0,1962,"2 418,7","1 283,1"
09.03.2022,"5 525,6",4 465,"8 172,7","5 028,5",0,1306,"3 013,5","3 905,8","1 082,2","2 823,6",0,1981,2 244,"3 304,6"
05.03.2022,"5 658,4","4 295,5","7 816,1","5 028,5",0,1306,"2 656,9","3 718,8","1 000,2","2 718,6",0,1982,"1 941,7","3 304,6"
04.03.2022,"5 768,1",4 674,"8 226,4","4 862,2",0,1303,"3 233,9","3 750,6",626,"3 124,6",0,1982,"2 210,5","3 304,6"
03.03.2022,"5 835,6","7 033,3",9 817,4 348,0,4968,"4 972,3","2 981,9",0,"2 981,9",0,1983,"4 502,3","3 304,6"
02.03.2022,"6 239,4","6 929,8","9 629,4","2 586,8",0,"2 072,8","4 969,8",2 898,7977,"2 100,3",0,1983,3 995,"3 304,6"
01.03.2022,"5 846,1","5 388,7","8 189,1","3 157,3",0,5643,"4 467,4","2 870,6",7977,"2 072,9",0,701,"2 847,1","3 304,6"
28.02.2022,"4 216,6","2 858,5","5 853,7","2 101,3",0,1789,"3 573,5","2 387,6",798,"1 589,6",0,-6076,"1 946,5","3 304,6"
25.02.2022,1289,109,"3 206,6","1 067,1",0,2616,"1 877,9","2 811,7",798,"2 013,7",0,-384,"3 186,6","3 304,6"
24.02.2022,-206,-1131,1 319,1965,0,724,"1 050,1","1 606,9","1 473,5",1333,0,1748,"3 397,5","3 304,6"
22.02.2022,-5319,-2735,"1 130,8",1991,0,487,8831,"1 604,6","1 473,5",1311,0,2003,3 563,"3 304,6"
21.02.2022,-5666,-3756,"1 039,9",1991,0,491,7917,"1 615,6","1 473,5",1421,0,2001,"3 495,6","3 304,6"
18.02.2022,-6023,-3259,"1 072,9",1998,0,48,8252,"1 598,9","1 473,5",1254,0,2001,3 581,"3 304,6"
17.02.2022,-3998,-2769,"1 125,6",1998,0,487,8772,"1 602,6","1 473,5",1291,0,2001,"3 427,5","3 304,6"
16.02.2022,-5084,-1369,9728,1291,0,486,7952,"1 309,7","1 124,1",1856,0,200,"3 676,1","3 304,6"
15.02.2022,-5264,1629,"1 289,6",1319,0,477,"1 110,1","1 326,6","1 124,7",2019,0,1998,"3 993,9","3 304,6"
14.02.2022,-7425,2528,"1 346,5",1326,0,889,"1 125,1","1 293,5","1 124,7",1688,0,1998,"4 299,9","3 304,6"
11.02.2022,-8211,205,"1 235,1",1326,0,534,"1 049,1",1 230,"1 124,7",1053,0,1999,"4 330,6","3 304,6"
10.02.2022,"-1 009,7",5258,1 562,1326,0,543,"1 375,1",1 236,"1 124,7",1113,0,1998,"4 840,1","3 304,6"
09.02.2022,"-1 041,4",-1 975,"1 386,5",1326,0,538,"1 200,1","3 561,2","3 296,3",2649,0,1998,2 311,"3 244,6"
08.02.2022,-9499,-1 504,"1 167,3",1326,0,546,9801,"2 859,1",2 446,4131,0,1879,"2 690,5","3 244,6"
07.02.2022,-7881,"-1 369,3","1 081,9",1326,0,543,8951,"2 651,8",2 446,2058,0,2005,"2 663,4","3 244,6"
04.02.2022,-4297,"-1 132,8","1 308,5",1331,0,553,"1 120,1","2 641,3",2 446,1953,0,200,"2 541,5","3 244,6"
03.02.2022,-6265,"-1 278,8","1 152,6",1331,0,544,9651,"2 631,6",2 446,1856,0,2002,"2 592,3","3 244,6"
02.02.2022,-5952,-1871,"1 149,4",1336,0,557,9601,"1 535,5",1 020,5155,0,199,"3 652,7","3 244,6"
01.02.2022,-6263,-1085,"1 121,6",1336,0,571,9309,"1 429,6",1 020,4096,0,1995,"3 762,4","3 244,6"
31.01.2022,-6399,1425,"1 211,5",1336,0,571,"1 020,9","1 269,4",1 020,2494,0,2004,4 027,"3 244,6"
28.01.2022,-332,486,"1 071,3",1336,0,577,8801,"1 223,5",1 020,2035,0,2007,"3 625,2","3 244,6"
27.01.2022,-37,4353,"1 440,6",1336,0,569,"1 250,2",1 206,1 020,186,0,2007,"3 716,9","3 244,6"
26.01.2022,-256,-4341,"1 244,3",1337,0,498,"1 060,8","1 879,9","1 755,7",1242,0,2014,"2 836,1","3 244,6"
25.01.2022,-9347,-6095,"1 074,2",1363,0,528,8851,"1 885,2","1 755,7",1294,0,2015,"3 569,8","3 244,6"
24.01.2022,"-1 162,1",-711,9678,1363,0,464,7851,"1 879,7","1 755,7",124,0,2009,"3 695,7","3 244,6"
21.01.2022,"-1 258,7",-7297,9587,1364,0,522,7701,"1 890,2","1 755,7",1345,0,2018,"3 773,6","3 244,6"
20.01.2022,"-1 346,3",-6976,"1 010,1",1364,0,536,8201,"1 909,4","1 755,7",1537,0,2017,"3 893,3","3 244,6"
19.01.2022,"-1 165,4","-1 089,8","1 159,7",1368,0,529,9701,"2 451,3",2 279,1723,0,2018,"3 320,2","3 244,6"
18.01.2022,"-1 129,9","-1 113,9","1 121,7",1379,0,487,9351,"2 437,2",2 279,1582,0,2016,"3 260,6","3 244,6"
17.01.2022,"-1 208,4","-1 309,4",9332,1411,0,0,7921,"2 444,5",2 279,1655,0,2018,"3 143,5","3 244,6"
14.01.2022,"-1 265,6",-1 104,"1 127,6",1426,0,0,9851,2 434,2 279,1551,0,2024,"3 406,2","3 244,6"
13.01.2022,-1 276,"-1 012,2","1 184,5",1444,0,0,"1 040,1","2 399,7",2 279,1207,0,203,"3 508,4","3 244,6"
12.01.2022,"-1 111,7","-2 814,1","1 331,5",1163,0,02,"1 215,1","4 348,9","4 064,8",284,0,2032,1 505,"3 207,4"
11.01.2022,"-1 236,3","-2 036,8","1 381,4",1163,0,0,"1 265,1","3 621,6","3 224,3",3973,0,2035,"2 406,9","3 207,4"
10.01.2022,"-1 267,1","-1 784,1",999,1163,0,26,8801,"2 986,8","1 625,9","1 360,9",0,2037,"2 690,3","3 207,4"
01.01.2022,"-1 134,3","-1 691,1",909,1163,0,26,7901,"2 803,8","1 625,9","1 177,9",0,2037,"2 650,6","3 207,4"
30.12.2021,-3881,-7566,"1 121,5",1163,0,0,"1 005,1","2 067,7","1 625,9",4419,0,1897,"2 838,9","3 207,4"
29.12.2021,-3705,-7227,"1 167,9",1163,0,0,"1 051,6","2 075,9","1 611,8",4641,0,1853,"2 855,2","3 207,4"
28.12.2021,4287,-2657,"1 362,5",1163,0,0,"1 246,1","1 810,7","1 611,8",1989,0,1826,2 513,"3 207,4"
27.12.2021,-2403,-9218,"1 459,3",1163,0,62,"1 336,8","2 563,4","2 441,3",1221,0,1823,"2 525,9","3 207,4"
24.12.2021,-8942,-7877,"1 058,8",1163,0,64,9361,"2 028,3","1 611,8",4165,0,1818,"3 313,9","3 207,4"
23.12.2021,-8663,-4395,"1 229,3",1163,0,69,"1 106,2","1 849,6","1 611,8",2378,0,1807,"3 634,1","3 207,4"
22.12.2021,-9226,-42,"1 076,8",1163,0,93,9511,"1 299,1","1 007,2",292,0,1804,4 088,"3 207,4"
21.12.2021,"-1 136,8",1123,"1 106,7",1163,0,93,9811,"1 174,7","1 007,2",1675,0,1802,"4 456,5","3 207,4"
20.12.2021,"-1 228,3",652,"1 021,8",1163,0,93,8962,"1 136,7","1 007,2",1295,0,1801,"4 500,8","3 207,4"
17.12.2021,"-1 141,9",1286,"1 067,9",1163,0,104,9411,"1 118,8","1 007,2",1116,0,1796,"4 477,9","3 207,4"
16.12.2021,"-1 320,8",-117,9328,1163,0,93,8071,"1 123,3","1 007,2",1162,0,1789,"4 516,5","3 207,4"
15.12.2021,"-1 370,8",-777,1 062,1163,0,95,9361,"1 318,5","1 007,4",3111,0,1788,"4 500,4","3 207,4"
14.12.2021,-9274,29,952,1163,0,96,8261,"1 102,1","1 007,4",947,0,1791,"4 163,7","3 207,4"
13.12.2021,"-1 180,8",-1421,7821,1163,0,96,6561,"1 103,2","1 007,4",958,0,179,"4 246,1","3 207,4"
10.12.2021,"-1 294,3",-1295,792,1163,0,96,6661,"1 100,6","1 007,4",932,0,179,"4 372,1","3 207,4"
09.12.2021,"-1 404,2",-2391,6919,1163,0,95,5661,"1 110,1","1 007,4",1026,0,1791,"4 372,5","3 207,4"
08.12.2021,"-1 539,1","-2 309,2",7361,1267,0,156,5938,"3 224,2","2 855,1",205,1641,1789,"2 378,8","3 148,9"
07.12.2021,"-1 411,8","-2 159,3",8228,1267,0,96,6865,"3 161,3",2 849,1482,1641,1792,"2 401,4","3 148,9"
06.12.2021,-8599,"-1 490,5","1 012,5",1267,0,96,8762,"2 681,9",2 420,978,1641,1789,"2 518,2","3 148,9"
03.12.2021,-4414,-8083,"1 187,9",1267,0,97,"1 051,4","2 175,4",1 860,1514,164,1792,"2 781,9","3 148,9"
02.12.2021,-514,-9127,1 123,1267,0,49,9913,"2 214,5",1 860,1906,1639,1789,"2 750,2","3 148,9"
01.12.2021,-6824,-3395,"1 029,2",1267,0,461,8563,"1 547,4",1 240,1435,1639,1788,"3 491,8","3 148,9"
30.11.2021,-4178,-4086,9533,1267,0,02,8263,"1 542,1",1 240,1382,1639,1802,3 158,"3 148,9"
29.11.2021,-6098,-5731,7983,1267,0,152,6563,"1 551,4",1 240,1476,1638,180,"3 185,6","3 148,9"
26.11.2021,315,-3843,9484,1267,0,149,8068,1 513,1 240,1093,1637,1803,"2 733,1","3 148,9"
25.11.2021,"-1 200,7",-5743,7682,1267,0,146,6268,1 523,1 240,1193,1637,1805,"3 775,2","3 148,9"
24.11.2021,"-1 308,4",-5604,7483,1269,0,145,6068,"1 489,5","1 228,1",977,1637,1808,"3 896,9","3 148,9"
23.11.2021,"-1 255,5",-6321,6788,127,0,0,5518,"1 491,8","1 228,1",1001,1636,1809,"3 772,3","3 148,9"
22.11.2021,"-1 360,3",-6624,6588,127,0,0,5318,"1 499,9","1 228,1",1082,1636,1786,"3 846,7","3 148,9"
19.11.2021,"-1 287,2",-7275,5939,127,0,01,4668,"1 499,6","1 228,1",108,1635,1783,"3 708,6","3 148,9"
18.11.2021,-1 452,-7931,5239,127,0,0,3968,"1 495,3","1 228,1",1037,1635,1784,"3 807,8","3 148,9"
17.11.2021,"-1 413,3",-8911,5932,1273,0,14,4519,"1 662,6","1 400,3",99,1634,1783,"3 671,1","3 148,9"
16.11.2021,"-1 310,6","-1 104,1",3857,1274,0,2,2563,"1 668,5","1 400,3",1048,1634,1787,"3 355,3","3 148,9"
15.11.2021,"-1 453,8","-1 089,3",4037,1274,0,0,2763,"1 671,6","1 400,3",1079,1634,1786,"3 513,4","3 148,9"
12.11.2021,"-1 560,8","-1 013,3",4788,1274,0,0,3513,"1 670,1","1 400,3",1066,1633,1781,"3 696,4","3 148,9"
11.11.2021,"-1 389,5",-9297,5788,1274,0,0,4513,"1 686,6","1 400,3",1231,1632,1781,"3 608,7","3 148,9"
10.11.2021,"-1 563,9","-2 413,5",7224,1271,0,5,5903,"3 314,1","2 636,1",2097,4683,1781,"2 281,9","3 131,5"
09.11.2021,"-1 057,3",-1 845,"1 088,4",1271,0,0,9613,3 112,2 390,2538,4682,1785,"2 343,8","3 131,5"
08.11.2021,-8384,"-1 850,7",1 004,1271,0,0,8769,"3 032,3",2 390,1741,4682,1776,"2 119,3","3 131,5"
03.11.2021,-700,-8741,4537,1271,0,03,3263,"1 504,9",820,2172,4677,177,"2 957,4","3 131,5"
02.11.2021,-6277,-6075,664,1271,0,04,5366,"1 448,8",820,1612,4676,1772,"3 151,7","3 131,5"
01.11.2021,-5912,-4387,8439,1272,0,04,7163,"1 461,5",820,174,4675,1789,"3 284,1","3 131,5"
29.10.2021,-1119,-3641,8678,1272,0,03,7403,"1 410,9",820,1237,4672,1791,"2 879,4","3 131,5"
28.10.2021,-3187,-3923,8326,1272,0,02,7053,"1 403,4",820,1163,4671,1785,"3 057,9","3 131,5"
27.10.2021,-2494,-1369,7687,1272,0,02,6413,"1 086,3",5083,1111,467,1808,3 244,"3 131,5"
26.10.2021,-2361,-721,8187,1272,0,01,6913,"1 071,8",5083,966,4669,181,"3 295,6","3 131,5"
25.10.2021,-1 336,-1556,7526,1272,0,0,6253,"1 089,5",5083,1144,4668,1812,"4 311,9","3 131,5"
22.10.2021,"-1 491,7",-2049,6836,1273,0,0,5563,"1 071,4",5083,965,4666,1829,"4 418,3","3 131,5"
21.10.2021,"-1 542,4",-461,4226,1273,0,0,2953,"1 066,6",5083,918,4665,183,4 213,"3 131,5"
20.10.2021,"-1 549,6",-8643,3726,1273,0,0,2453,1 423,8629,937,4664,1861,"3 816,9","3 131,5"
19.10.2021,"-1 411,9",-8095,4256,1273,0,0,2983,"1 424,5",8629,952,4663,1894,3 734,"3 131,5"
18.10.2021,"-1 542,2",-8806,3526,1273,0,0,2253,"1 422,6",8629,935,4662,1894,"3 793,1","3 131,5"
15.10.2021,"-1 511,8","-1 034,9",2026,1273,0,0,753,"1 426,5",8629,976,466,189,"3 608,4","3 131,5"
14.10.2021,"-1 502,9",-1 007,2476,1273,0,0,1203,"1 443,6",8629,1148,4659,1891,"3 627,5","3 131,5"
13.10.2021,"-1 172,7","-2 511,7",6544,1081,0,11,5353,"3 355,2","2 374,9",3755,6048,189,"1 765,1","3 104,1"
12.10.2021,"-1 021,6","-2 125,8",5934,1081,0,0,4853,"2 908,8",2 142,1621,6047,1896,"1 999,9","3 104,1"
11.10.2021,"-1 120,7","-1 476,9",3534,1081,0,0,2453,2 020,1 250,1654,6046,1897,"2 747,9","3 104,1"
08.10.2021,"-1 247,4","-1 399,7",3934,1081,0,0,2853,"1 982,7",1 250,1285,6042,1895,"2 951,8","3 104,1"
07.10.2021,"-1 247,6","-1 489,5",294,1081,0,05,1853,"1 973,2",1 250,1191,6041,1897,"2 862,3","3 104,1"
06.10.2021,"-1 188,8",-987,3227,1082,0,16,213,"1 499,3",780,1154,6039,1896,"3 305,9","3 104,1"
05.10.2021,"-1 411,7","-1 020,5",2987,1082,0,0,1904,"1 506,8",780,123,6038,1877,"3 495,3","3 104,1"
04.10.2021,"-1 404,3",-1 313,1137,1082,0,01,53,"1 616,1",780,2324,6037,1894,"3 195,4","3 104,1"
01.10.2021,"-1 402,1","-1 282,5",1541,1082,0,106,352,"1 626,5",780,2431,6034,1899,"3 223,7","3 104,1"
30.09.2021,"-1 122,1","-1 173,4",1141,1082,0,06,52,"1 478,4",780,952,6032,1909,"3 052,8","3 104,1"
29.09.2021,-6997,-8463,1891,1082,0,06,802,"1 226,3",459,1668,6005,1909,"2 957,5","3 104,1"
28.09.2021,-6844,-9188,1148,1083,0,1,55,"1 225,9",459,1665,6004,1923,"2 869,7","3 104,1"
27.09.2021,"-1 430,3",-900,1141,1083,0,07,51,"1 224,6",459,1653,6003,2106,"3 634,4","3 104,1"
24.09.2021,"-1 514,9",-8476,1141,1083,0,07,51,"1 179,3",459,1203,600,2175,"3 771,4","3 104,1"
23.09.2021,"-1 479,2",-8523,1142,1083,0,08,51,"1 183,9",459,125,5999,2174,3 731,"3 104,1"
22.09.2021,"-1 437,9","-1 021,6",1142,1083,0,08,51,"1 354,6",660,1011,5935,2188,"3 520,4","3 104,1"
21.09.2021,"-1 328,5","-1 024,9",1143,1083,0,08,51,"1 359,3",660,1059,5934,2202,"3 407,7","3 104,1"
20.09.2021,-1 335,-9772,1542,1083,0,08,451,"1 352,5",660,992,5933,2211,"3 461,9","3 104,1"
17.09.2021,"-1 232,9","-1 017,2",1142,1083,0,08,51,"1 352,8",660,998,593,2214,"3 319,8","3 104,1"
16.09.2021,"-1 160,8","-1 020,1",1142,1083,0,08,51,"1 356,7",660,1038,5929,2224,"3 244,9","3 104,1"
15.09.2021,"-1 262,6",-888,2441,1485,0,05,951,"1 357,4",6691,973,591,2253,"3 478,7","3 104,1"
14.09.2021,"-1 268,3",-8388,2794,1485,0,08,1301,"1 358,2",6691,982,5909,2399,"3 533,6","3 104,1"
13.09.2021,"-1 286,6",-7379,3744,1485,0,08,2251,"1 357,8",6691,979,5908,2455,"3 652,8","3 104,1"
10.09.2021,"-1 271,5",-9031,2047,1485,0,08,555,"1 353,6",6691,941,5904,2457,"3 472,5","3 104,1"
09.09.2021,"-1 314,9",-9559,1544,1485,0,08,51,"1 355,9",6691,965,5903,2455,"3 463,1","3 104,1"
08.09.2021,-1 435,"-2 258,7",1543,1485,0,06,53,2 659,"1 679,2",3946,5852,2461,2 235,"3 058,6"
07.09.2021,"-1 299,3","-1 939,4",3041,1485,0,05,1551,"2 489,8",1 774,1307,5851,2462,"2 418,5","3 058,6"
06.09.2021,"-1 055,3","-1 918,7",2942,1485,0,06,1451,"2 459,2",1 774,1002,585,2464,"2 195,3","3 058,6"
03.09.2021,"-1 026,7","-1 144,1",2491,1485,0,05,1001,"1 639,7",8592,1959,5847,2465,"2 941,2","3 058,6"
02.09.2021,"-1 239,7","-1 042,3",2891,1485,0,06,1401,"1 578,7",8592,1349,5846,2472,3 256,"3 058,6"
01.09.2021,"-1 236,8",-8441,294,1485,0,04,1451,"1 385,4",700,1095,5759,2473,"3 451,4","3 058,6"
31.08.2021,-7189,-673,4541,1485,0,04,3052,"1 373,8",700,98,5758,2468,"3 104,6","3 058,6"
30.08.2021,-9928,-8006,329,1485,0,04,1801,"1 376,8",700,1011,5757,2472,"3 250,8","3 058,6"
27.08.2021,-7013,-7083,4089,1485,0,04,2601,"1 365,3",700,899,5754,248,"3 051,6","3 058,6"
26.08.2021,-7337,-6677,4539,1485,0,03,3051,"1 371,9",700,966,5753,2502,"3 124,6","3 058,6"
25.08.2021,"-1 315,2",-8321,4863,1485,0,03,3376,"1 568,8",8995,961,5731,2503,"3 541,7","3 058,6"
24.08.2021,"-1 629,6",-9992,3139,1485,0,03,1651,"1 563,3",8995,908,573,2502,"3 689,1","3 058,6"
23.08.2021,"-1 667,4",-9539,364,1485,0,04,2152,1 568,8995,956,5729,2501,"3 772,2","3 058,6"
20.08.2021,"-1 490,9",-9579,354,1485,0,03,2051,"1 562,2",8995,901,5726,2504,"3 591,7","3 058,6"
19.08.2021,-1 651,"-1 012,9",314,1485,0,04,1651,1 578,8995,1059,5725,2511,"3 696,8","3 058,6"
18.08.2021,"-1 708,2","-1 296,5",1889,1484,0,04,401,"1 740,3",1 083,91,5662,2548,"3 470,4","3 058,6"
17.08.2021,"-1 541,9","-1 338,9",154,1484,0,04,51,"1 748,8",1 083,997,5661,2559,"3 261,6","3 058,6"
16.08.2021,"-1 643,6","-1 333,7",1541,1484,0,03,54,"1 744,6",1 083,956,566,2568,"3 368,5","3 058,6"
13.08.2021,"-1 600,4",-1 331,1541,1484,0,03,54,"1 743,1",1 083,943,5657,258,"3 328,1","3 058,6"
12.08.2021,"-1 772,8","-1 340,7",1542,1485,0,04,54,"1 753,1",1 083,1045,5656,2582,"3 490,7","3 058,6"
11.08.2021,"-1 929,8","-3 345,1",1754,1485,0,215,54,"3 793,3","2 950,5",2376,6052,2728,"1 623,2","3 038,5"
10.08.2021,"-1 800,3",-2 999,2145,1485,0,03,657,"3 486,7",2 761,1208,605,2732,"1 839,7","3 038,5"
09.08.2021,"-1 629,1","-2 883,4",2195,1485,0,03,707,"3 377,3",2 610,1624,6049,2745,"1 784,2","3 038,5"
06.08.2021,"-1 520,9","-2 467,4",2044,1485,0,03,557,"2 946,2",2 110,2316,6046,2744,"2 091,9","3 038,5"
05.08.2021,"-1 457,7","-2 468,5",3645,1485,0,03,2157,"3 107,3",2 110,3928,6045,2743,"2 027,7","3 038,5"
04.08.2021,"-1 227,9","-2 048,3",4194,1485,0,03,2707,"2 738,4",1 790,352,5964,2707,"2 218,1","3 038,5"
03.08.2021,"-1 092,5","-1 781,5",5042,1485,0,0,3557,"2 556,1",1 790,1698,5963,2704,"2 349,5","3 038,5"
02.08.2021,"-1 325,1","-1 727,1",5419,1485,0,01,3933,"2 539,6",1 790,1534,5962,2705,"2 636,4","3 038,5"
30.07.2021,"-1 015,7","-1 697,4",5477,1485,0,28,3964,"2 505,8",1 790,1199,5959,2607,"2 356,8","3 038,5"
29.07.2021,-3833,"-1 612,2",6124,1485,0,788,3851,"2 496,2",1 790,1104,5958,2717,"1 809,6","3 038,5"
28.07.2021,-5391,-5711,2743,1485,0,01,1257,"1 117,4",419,109,5895,272,"3 006,5","3 038,5"
27.07.2021,-5667,-6828,1544,1485,0,0,59,"1 109,2",419,1008,5894,272,"2 922,4","3 038,5"
26.07.2021,"-1 797,8",-4412,3841,1484,0,0,2357,"1 098,9",419,906,5893,2736,"4 395,1","3 038,5"
23.07.2021,-1 657,-2518,569,1484,0,0,4207,"1 102,2",419,942,589,2813,"4 443,6","3 038,5"
22.07.2021,"-1 771,3",-2561,5592,1484,0,02,4107,1 105,419,971,5889,2897,"4 553,7","3 038,5"
21.07.2021,"-1 751,6",-831,154,1483,0,0,57,"1 274,8",5906,97,5873,2899,"3 959,1","3 038,5"
20.07.2021,"-1 728,6",-8359,154,1483,0,0,57,"1 280,7",5906,1029,5872,2908,"3 931,1","3 038,5"
19.07.2021,"-1 725,3",-8347,154,1483,0,0,57,"1 279,7",5906,102,5871,291,"3 929,2","3 038,5"
16.07.2021,"-1 760,9",-8405,154,1483,0,0,57,"1 284,8",5906,1073,5869,2902,"3 958,8","3 038,5"
15.07.2021,"-1 891,4",-8352,1537,1483,0,0,54,"1 279,3",5906,1019,5868,2904,"4 094,7","3 038,5"
14.07.2021,"-1 977,5","-1 297,7",1537,1483,0,0,54,"1 750,6","1 037,2",858,6276,2992,"3 718,2","3 038,5"
13.07.2021,"-1 886,3","-1 304,8",1537,1483,0,0,54,1 750,"1 037,2",853,6275,2915,"3 619,9","3 038,5"
12.07.2021,"-1 813,6","-1 291,9",1544,1483,0,07,55,"1 746,2","1 037,2",816,6274,2999,"3 560,2","3 038,5"
09.07.2021,"-1 935,3","-1 295,6",1544,1483,0,07,54,"1 749,9","1 037,2",856,6271,2999,"3 678,1","3 038,5"
08.07.2021,"-2 030,4","-1 267,8",1561,1483,0,07,71,"1 756,6","1 037,2",924,627,3327,3 801,"3 038,5"
07.07.2021,"-1 556,3","-2 556,6",1547,1483,0,06,58,"3 044,4","2 162,8",2547,6269,3331,"2 031,7",3 032
06.07.2021,"-1 364,7",-2 068,1692,1483,0,05,204,"2 570,3","1 819,6",1239,6268,3332,"2 328,7",3 032
05.07.2021,"-1 405,6","-2 399,5",1544,1483,0,02,59,"2 887,1",2 172,883,6268,3332,"2 038,1",3 032
02.07.2021,"-1 284,7","-1 437,8",1771,1483,0,04,284,"1 947,3","1 190,7",1301,6265,3325,"2 878,9",3 032
01.07.2021,"-1 469,9","-1 454,3",1541,1483,0,04,54,"1 940,6","1 190,7",1235,6264,3322,"3 047,5",3 032
30.06.2021,"-1 595,8","-1 366,8",1541,1483,0,04,54,"1 850,6","1 123,6",1037,6232,3296,"3 260,9",3 032
29.06.2021,"-1 344,2","-1 399,6",1557,1483,0,04,69,"1 885,2","1 127,3",1348,6231,3299,"2 976,6",3 032
28.06.2021,-9017,"-1 399,3",1898,1483,0,361,54,"1 919,4","1 127,3",1691,623,3302,"2 534,3",3 032
25.06.2021,"-1 412,5","-1 342,7",1784,1483,0,247,54,"1 859,2","1 127,3",1092,6227,3381,"3 101,7",3 032
24.06.2021,"-1 579,9","-1 356,9",1694,1483,0,157,54,"1 863,4","1 127,3",1136,6226,3371,"3 254,9",3 032
23.06.2021,"-1 707,1","-1 187,6",1679,1537,0,88,54,"1 695,2",9857,926,617,3398,"3 551,5",3 032
22.06.2021,"-1 626,5","-1 190,2",172,1537,0,129,54,1 701,9857,985,6169,3389,"3 468,3",3 032
21.06.2021,-1 706,"-1 200,4",160,1537,0,08,54,"1 699,1",9857,966,6168,3387,"3 537,5",3 032
18.06.2021,-1 602,"-1 198,5",1599,1537,0,08,54,"1 696,8",9857,946,6166,3384,"3 435,4",3 032
17.06.2021,"-1 676,9","-1 212,1",1599,1537,0,07,54,"1 711,5",9857,1093,6165,3396,"3 496,8",3 032
16.06.2021,"-1 703,4","-1 057,3",1599,1537,0,08,54,1 557,8304,1127,6139,3399,"3 678,1",3 032
15.06.2021,"-1 722,7","-1 038,4",1597,1536,0,07,54,"1 537,8",8304,936,6138,3397,"3 716,3",3 032
11.06.2021,"-1 877,4","-1 033,2",1597,1536,0,07,54,"1 532,6",8304,888,6134,3397,"3 876,2",3 032
10.06.2021,"-2 142,4",-9979,1595,1537,0,08,51,"1 530,1",8304,864,6134,3727,"4 176,5",3 032
09.06.2021,"-2 244,8","-4 074,3",3274,1537,0,02,1735,"4 773,9",3 946,1404,6875,3722,"1 176,3","3 005,8"
08.06.2021,"-2 090,3","-2 680,2",1593,1537,0,04,52,"3 211,7","2 308,4",2159,6874,3722,"2 415,8","3 005,8"
07.06.2021,-2 036,"-2 581,1",1595,1537,0,07,51,"3 107,7","2 308,4",112,6873,3672,"2 460,7","3 005,8"
04.06.2021,"-2 096,7","-2 602,3",1594,1537,0,07,51,"3 130,1","2 308,4",1347,687,3684,"2 500,2","3 005,8"
03.06.2021,"-2 002,6",-2 520,1925,1537,0,08,381,"3 080,4","2 308,4",851,6869,3678,"2 488,4","3 005,8"
02.06.2021,-1 990,"-1 350,2",1594,1537,0,07,51,"1 877,7","1 103,9",968,677,3681,"3 645,6","3 005,8"
01.06.2021,"-1 968,9","-1 364,1",1594,1537,0,07,51,"1 895,7","1 103,9",1149,6769,3721,"3 610,6","3 005,8"
31.05.2021,"-1 879,1","-1 357,3",1594,1537,0,07,51,"1 894,1","1 103,9",1134,6768,3774,"3 527,6","3 005,8"
28.05.2021,"-1 033,8",-1 330,1593,1537,0,06,51,"1 867,9","1 103,9",875,6765,3786,"2 709,6","3 005,8"
27.05.2021,"-1 232,8","-1 376,6",3143,1537,0,05,1601,"2 068,3","1 103,9",2879,6765,3774,2 862,"3 005,8"
26.05.2021,-8427,"-1 034,9",3193,1538,0,04,1651,"1 732,4",960,1032,6692,3782,"2 813,6","3 005,8"
25.05.2021,"-1 627,7","-1 082,1",2743,1538,0,04,1201,"1 735,2",960,1061,6691,3788,"3 551,4","3 005,8"
24.05.2021,"-1 784,3",-893,4392,1538,0,03,2851,"1 718,5",960,895,669,3863,"3 897,1","3 005,8"
21.05.2021,"-1 574,9",-8862,4391,1538,0,02,2851,"1 727,4",960,987,6687,4021,"3 694,5","3 005,8"
20.05.2021,"-1 436,6",-7135,6091,1538,0,02,4551,"1 726,3",960,977,6686,4038,"3 728,9","3 005,8"
19.05.2021,"-1 614,3",-1 118,4892,154,0,02,3351,"2 018,9","1 292,4",88,6386,4117,3 502,"3 005,8"
18.05.2021,"-1 451,3","-1 145,4",4641,154,0,01,3101,"2 021,4","1 292,5",904,6385,4119,"3 311,7","3 005,8"
17.05.2021,"-1 149,6","-1 440,3",1743,154,0,03,201,"2 026,7","1 292,5",957,6385,412,"2 715,1","3 005,8"
14.05.2021,"-1 473,1",-1 327,1592,154,0,01,51,"2 023,3","1 292,5",926,6382,5371,"3 151,8","3 005,8"
13.05.2021,"-1 652,9","-1 337,5",1593,154,0,03,51,"2 035,6","1 292,5",105,6381,5388,"3 321,2","3 005,8"
12.05.2021,"-1 697,5","-3 238,1",1591,154,0,0,51,"3 937,7",2 803,4752,6594,5404,"1 393,5","2 934,1"
11.05.2021,"-1 501,9",-2 523,161,154,0,0,71,"3 225,3",2 107,459,6593,5412,1 913,"2 934,1"
07.05.2021,"-1 414,4","-2 276,6",1742,154,0,0,201,"2 997,9",2 107,2319,659,5471,"2 071,9","2 934,1"
06.05.2021,"-1 270,5","-2 205,7",1622,154,0,02,81,"2 915,2",2 107,1493,6589,5473,"1 998,9","2 934,1"
05.05.2021,"-1 214,6",-2 025,1595,154,0,04,51,"2 734,5",1 870,2057,6588,550,"2 123,7","2 934,1"
04.05.2021,-1 307,"-1 974,1",1597,154,0,06,51,"2 683,8",1 870,1551,6587,550,2 267,"2 934,1"
30.04.2021,"-1 313,6","-1 928,3",1597,154,0,06,51,"2 641,9",1 870,1135,6584,5539,"2 319,5","2 934,1"
29.04.2021,-8484,"-1 926,9",1596,154,0,05,51,"2 640,9",1 870,1126,6583,5544,"1 855,6","2 934,1"
28.04.2021,-7773,-8263,1592,154,0,01,51,"1 562,7",8586,987,6054,5772,"2 885,1","2 934,1"
27.04.2021,-6802,-7979,1593,154,0,02,51,"1 561,9",8587,979,6053,6047,"2 816,4","2 934,1"
26.04.2021,"-2 051,4",-7864,1702,1539,0,03,161,"1 562,1",8587,982,6052,6054,"4 199,1","2 934,1"
23.04.2021,"-1 910,8",-7969,159,1539,0,0,51,"1 561,9",8587,982,605,6061,4 048,"2 934,1"
22.04.2021,"-1 721,2",-7999,1593,1539,0,03,51,1 565,8587,1014,6049,6058,"3 855,4","2 934,1"
21.04.2021,"-1 853,6",-9283,1082,1025,0,05,51,1 642,"1 016,3",969,5288,6055,"3 859,4","2 934,1"
20.04.2021,"-1 769,6",-9308,1082,1026,0,05,51,"1 645,4","1 017,3",993,5288,6064,"3 772,9","2 934,1"
19.04.2021,"-2 045,6",-9129,1282,1026,0,05,251,"1 646,2","1 017,3",1002,5287,6051,"4 066,8","2 934,1"
16.04.2021,"-1 898,4",-9282,1081,1026,0,04,51,"1 641,5","1 017,3",957,5285,6052,"3 904,3","2 934,1"
15.04.2021,"-1 826,2",-9313,1082,1027,0,04,51,"1 644,2","1 017,3",985,5284,6047,"3 829,1","2 934,1"
14.04.2021,-2 071,"-1 546,7",1081,1027,0,03,51,"2 259,2","1 510,2",1029,6461,6044,"3 458,4","2 934,1"
13.04.2021,"-1 916,5","-1 540,3",108,1027,0,03,51,"2 252,6","1 510,2",964,646,6042,"3 310,3","2 934,1"
12.04.2021,-1 917,"-1 542,6",1083,1027,0,06,51,"2 255,2","1 510,2",991,6459,6043,"3 308,5","2 934,1"
09.04.2021,"-1 760,1","-1 540,9",1084,1027,0,03,54,"2 253,3","1 510,2",974,6457,604,"3 153,3","2 934,1"
08.04.2021,"-1 824,6","-1 543,3",1082,1028,0,04,51,"2 255,7","1 510,2",999,6456,6042,"3 215,5","2 934,1"
07.04.2021,"-1 858,6","-3 211,8",3668,1028,0,03,2637,"4 182,9",3 235,3024,6455,6043,"1 553,1","2 906,3"
06.04.2021,-1 966,"-2 084,2",1081,1028,0,03,51,"2 798,2","1 962,8",1899,6455,6058,"2 788,1","2 906,3"
05.04.2021,"-1 736,1","-1 681,8",1201,1028,0,02,171,"2 407,8",1 650,1124,6454,6059,"2 960,6","2 906,3"
02.04.2021,"-1 579,4","-1 528,5",2691,1028,0,03,1661,"2 404,3",1 650,1091,6452,6066,"2 957,2","2 906,3"
01.04.2021,"-1 502,6",-1 461,3493,1028,0,04,2461,"2 417,2",1 650,1221,6451,6069,"2 947,9","2 906,3"
31.03.2021,"-1 378,2","-1 396,4",3583,1028,0,04,2551,"2 361,5","1 635,3",1065,6197,6068,"2 888,1","2 906,3"
30.03.2021,-8174,"-1 297,3",4549,1028,0,03,3518,"2 358,9","1 635,6",1037,6196,6067,"2 426,4","2 906,3"
29.03.2021,"-1 168,3","-1 508,9",2502,1028,0,03,1471,"2 365,6","1 635,6",1106,6195,6066,"2 565,7","2 906,3"
26.03.2021,"-1 190,2","-1 460,7",2943,1028,0,04,1911,"2 361,8","1 635,6",107,6193,6069,"2 635,8","2 906,3"
25.03.2021,"-2 111,4","-1 638,1",1184,1028,0,04,151,"2 363,4","1 635,6",1086,6192,6069,"3 379,6","2 906,3"
24.03.2021,"-2 158,7","-1 456,6",1181,976,0,04,201,2 181,"1 424,4",1381,6185,6063,"3 608,4","2 906,3"
23.03.2021,"-2 143,1","-1 374,8",2031,976,0,04,1051,"2 184,1","1 424,4",1413,6184,6062,"3 674,7","2 906,3"
22.03.2021,"-1 992,9","-1 471,5",1031,976,0,04,51,"2 180,9","1 424,4",1382,6183,6064,"3 427,8","2 906,3"
19.03.2021,"-1 962,9","-1 472,4",1031,976,0,04,51,"2 181,8","1 424,4",1394,6181,6064,"3 396,9","2 906,3"
18.03.2021,"-1 793,9",-1 428,1032,976,0,05,51,"2 137,6","1 424,4",952,618,6064,"3 272,2","2 906,3"
17.03.2021,"-1 997,7","-1 871,7",1032,976,0,05,51,"2 581,3","1 868,6",962,6165,6064,"3 032,3","2 906,3"
16.03.2021,"-1 851,8","-1 879,9",1032,976,0,05,51,"2 588,8","1 869,1",1032,6165,6057,"2 878,2","2 906,3"
15.03.2021,"-2 012,4","-1 886,8",1031,976,0,05,51,"2 595,6","1 869,1",1101,6164,6056,"3 031,9","2 906,3"
12.03.2021,"-1 866,9","-1 871,5",1132,976,0,05,151,"2 591,9","1 869,1",1066,6162,6072,"2 901,7","2 906,3"
11.03.2021,"-1 682,9","-1 875,3",1032,976,0,05,51,2 586,"1 869,1",1008,6161,6075,"2 713,9","2 906,3"
10.03.2021,"-1 860,8","-3 083,3",1251,976,0,05,271,"3 815,9",3 001,2683,5467,6075,"1 602,5",2 825
09.03.2021,"-1 932,6","-2 212,5",1028,977,0,0,51,"2 922,7","2 079,6",2965,5466,6075,"2 545,1",2 825
05.03.2021,-1 717,"-2 022,8",1028,977,0,0,51,"2 733,3","2 079,6",1073,5464,6078,"2 519,2",2 825
04.03.2021,"-1 454,4",-2 029,1028,977,0,0,51,"2 739,8","2 079,6",1139,5463,608,"2 250,4",2 825
03.03.2021,"-1 603,4","-1 870,3",1027,977,0,0,51,"2 581,1",1 940,958,5453,6081,"2 558,1",2 825
02.03.2021,"-1 473,5","-1 902,4",1028,977,0,0,51,"2 613,4",1 940,1281,5453,6082,"2 396,1",2 825
01.03.2021,"-1 632,1","-1 895,4",104,977,0,01,63,"2 607,5",1 940,1223,5452,608,"2 561,7",2 825
26.02.2021,"-1 236,8","-1 873,7",1028,977,0,0,51,"2 585,5",1 940,1005,545,609,"2 188,1",2 825
25.02.2021,"-2 236,6","-1 882,6",1028,977,0,0,51,"2 595,5",1 940,1105,545,6101,"3 178,9",2 825
24.02.2021,"-2 319,6","-2 340,5",1028,977,0,01,51,"3 052,6",2 390,1201,5425,6092,"2 804,1",2 825
20.02.2021,"-2 067,7",-2 324,1028,977,0,0,51,"3 036,7",2 390,1045,5422,6099,"2 568,7",2 825
19.02.2021,"-2 009,6",-2 308,1028,977,0,0,51,"3 020,8",2 390,886,5422,610,"2 526,6",2 825
18.02.2021,"-2 018,6","-2 304,9",1028,977,0,01,51,"3 021,2",2 390,891,5421,6135,"2 538,7",2 825
17.02.2021,"-2 161,2",-7455,"1 159,2","1 154,1",0,0,51,"2 518,2",1 921,1002,497,6135,"4 240,7",2 825
16.02.2021,"-1 625,7",-7503,"1 159,2","1 154,1",0,0,51,"2 523,1",1 921,1051,497,6136,"3 700,4",2 825
15.02.2021,-1 929,-7437,"1 159,2","1 154,1",0,0,51,"2 516,3",1 921,984,4969,6133,"4 010,3",2 825
12.02.2021,"-1 784,6",-7408,"1 159,2","1 154,1",0,0,51,"2 513,8",1 921,962,4967,6138,"3 868,8",2 825
11.02.2021,"-1 719,7",-7416,"1 159,3","1 154,1",0,01,51,2 514,1 921,963,4967,6131,"3 803,1",2 825
10.02.2021,"-1 476,7","-3 400,1","1 159,2","1 154,1",0,0,51,"5 172,1","4 338,7",2779,5556,6128,8947,"2 818,1"
09.02.2021,"-1 072,7","-1 735,2","1 159,2","1 154,1",0,0,51,"3 507,1","1 823,9","1 127,6",5556,6127,"2 155,7","2 818,1"
08.02.2021,-9218,-7431,"1 159,2","1 154,1",0,0,51,2 515,"1 823,9",1356,5555,6127,"2 996,8","2 818,1"
05.02.2021,-5566,-6965,"1 159,2","1 154,1",0,0,51,"2 468,6","1 823,9",894,5553,6128,"2 678,2","2 818,1"
04.02.2021,-826,-796,"1 159,2","1 154,1",0,0,51,"1 850,5","1 188,7",1066,5552,6117,"2 821,1","2 818,1"
03.02.2021,659,5544,"1 159,2","1 154,1",0,0,51,"1 216,3",554,1071,5552,6115,"3 306,6","2 818,1"
02.02.2021,3362,6646,"1 279,2","1 154,1",0,0,1251,1 226,554,1169,5551,6113,"3 146,5","2 818,1"
01.02.2021,3183,7558,"1 361,1","1 154,1",0,0,207,"1 216,8",554,1077,5551,6114,"3 255,6","2 818,1"
29.01.2021,5652,9109,"1 509,3","1 154,1",0,0,3551,"1 210,9",554,102,5549,6126,"3 163,8","2 818,1"
28.01.2021,5431,6939,"1 309,2","1 154,1",0,0,1551,"1 227,8",554,119,5548,6125,"2 968,9","2 818,1"
27.01.2021,8083,"1 037,1","1 511,2","1 154,1",0,0,357,"1 086,4",400,1644,522,6123,"3 046,9","2 818,1"
26.01.2021,"1 023,8",8379,"1 309,2","1 154,1",0,0,1551,"1 083,7",400,1617,522,6124,"2 632,2","2 818,1"
25.01.2021,1681,6844,"1 159,2","1 154,2",0,0,51,"1 087,5",400,1656,5219,6127,"3 334,4","2 818,1"
22.01.2021,2293,6776,"1 159,2","1 154,2",0,0,51,"1 094,3",400,1726,5217,6127,"3 266,4","2 818,1"
21.01.2021,3379,7288,"1 159,2","1 154,2",0,0,51,"1 044,1",400,1224,5217,6137,3 209,"2 818,1"
20.01.2021,2055,2188,"1 309,3","1 154,2",0,0,1551,"1 704,1",1 080,1123,5118,6136,"2 831,4","2 818,1"
19.01.2021,3123,2135,"1 309,3","1 154,2",0,0,1551,"1 709,7",1 080,1179,5118,6139,"2 719,3","2 818,1"
18.01.2021,2047,787,"1 159,3","1 154,2",0,0,51,1 694,1 080,1023,5117,6135,"2 692,1","2 818,1"
15.01.2021,5353,74,"1 159,3","1 154,2",0,0,51,"1 699,3",1 080,1078,5115,614,"2 356,8","2 818,1"
14.01.2021,3213,657,"1 159,3","1 154,2",0,0,51,"1 707,7",1 080,1162,5115,6141,"2 562,5","2 818,1"
13.01.2021,1853,-523,"1 001,9",8468,0,0,1551,"1 668,4",8439,2495,575,6142,"2 553,1","2 790,7"
12.01.2021,-239,3354,"1 354,3",8468,0,0,5075,"1 634,2",8439,2153,575,6153,3 150,"2 790,7"
11.01.2021,-977,-30,1 201,8468,0,3437,105,1 847,8439,4282,5749,616,"2 858,4","2 790,7"
01.01.2021,385,-2037,9758,8468,0,1185,105,"1 795,5",8439,3767,5749,616,"2 548,5","2 790,7"
31.12.2020,2739,1852,"1 306,7",8468,0,1185,3415,"1 736,2",8439,3181,5742,6147,2 702,"2 790,7"
30.12.2020,317,3395,8883,8468,0,0,415,"1 163,4",360,2401,5633,6146,"3 098,5","2 790,7"
29.12.2020,2364,3643,8862,8468,0,0,394,"1 136,3",360,2131,5632,6143,"2 918,6","2 790,7"
28.12.2020,-272,4186,9137,8468,0,0,668,"1 109,4",360,1863,5631,6144,"3 236,6","2 790,7"
25.12.2020,-53,4094,9226,8468,0,0,758,"1 128,5",360,2056,5629,6153,"3 205,4","2 790,7"
24.12.2020,-556,4124,8841,8468,0,0,373,"1 086,9",360,164,5629,6152,"3 258,8","2 790,7"
23.12.2020,432,799,8842,8469,0,0,373,"1 419,1",7599,107,5522,6148,"2 827,4","2 790,7"
22.12.2020,-1489,654,8842,8469,0,0,373,"1 426,4",7599,1144,5521,6077,"3 005,1","2 790,7"
21.12.2020,-2423,815,8852,8469,0,0,383,"1 411,4",7599,995,552,6077,"3 114,5","2 790,7"
18.12.2020,1988,84,8852,8469,0,0,383,"1 409,7",7599,98,5518,6085,2 676,"2 790,7"
17.12.2020,3674,723,8856,8469,0,0,387,"1 421,7",7599,110,5518,6084,"2 495,7","2 790,7"
16.12.2020,-2336,-3091,8846,8469,0,0,377,"1 802,1",1 140,1123,5498,6084,"2 715,2","2 790,7"
15.12.2020,-2645,-3141,8846,8469,0,0,377,"1 806,4",1 140,1167,5497,6078,"2 741,1","2 790,7"
14.12.2020,-3989,-3065,8846,8469,0,0,377,"1 799,1",1 140,1095,5496,608,"2 883,1","2 790,7"
11.12.2020,-5715,-3028,8846,8469,0,0,377,"1 795,6",1 140,1061,5495,6083,"3 059,5","2 790,7"
10.12.2020,-5319,-2768,9088,8469,0,0,619,"1 793,7",1 140,1043,5494,6082,"3 045,9","2 790,7"
09.12.2020,-3853,"-2 056,3","1 441,9","1 230,2",0,13,2103,"4 106,6","2 961,6",5166,6285,6085,"1 065,8","2 736,7"
08.12.2020,-2989,-9699,"1 292,1","1 230,2",0,0,619,"2 871,1","2 055,7",1869,6285,609,"2 065,7","2 736,7"
07.12.2020,-3044,-8855,"1 292,1","1 230,2",0,0,619,"2 786,9","2 055,7",1029,6284,6093,"2 155,6","2 736,7"
04.12.2020,-4097,-8813,"1 292,1","1 230,2",0,0,619,"2 782,9","2 055,7",99,6282,6095,"2 265,1","2 736,7"
03.12.2020,-3814,-9034,"1 292,1","1 230,2",0,0,619,"2 808,4","2 055,7",1247,6281,613,"2 214,8","2 736,7"
02.12.2020,-1497,-2883,"1 287,7","1 230,2",0,0,575,"2 188,6","1 457,1",125,6065,6126,"2 598,2","2 736,7"
01.12.2020,-3791,-2965,"1 286,9","1 230,2",0,0,567,"2 199,1","1 457,1",1356,6064,6157,"2 819,3","2 736,7"
30.11.2020,-1603,-2931,"1 276,5","1 230,2",0,0,463,"2 185,2","1 457,1",1217,6063,6156,2 604,"2 736,7"
27.11.2020,-44,-3481,"1 235,3","1 230,2",0,0,51,2 204,"1 457,1",1408,6061,6206,"2 432,6","2 736,7"
26.11.2020,-69,-2864,1 264,"1 230,2",0,258,8,"2 171,1","1 457,1",1079,6061,6206,"2 457,2","2 736,7"
25.11.2020,-794,-4576,"1 235,3","1 230,2",0,0,51,"2 314,5","1 607,2",1012,606,6215,"3 073,1","2 736,7"
24.11.2020,-9277,-4665,"1 235,5","1 230,2",0,01,51,"2 323,4","1 607,2",1103,6059,6215,3 198,"2 736,7"
23.11.2020,"-1 001,6",-4622,"1 235,5","1 230,2",0,01,51,"2 318,9","1 607,2",1057,6059,6212,"3 276,1","2 736,7"
20.11.2020,"-1 051,8",-4558,"1 235,3","1 230,2",0,0,51,"2 312,7","1 607,2",998,6056,6215,"3 332,7","2 736,7"
19.11.2020,"-1 034,6",-4614,"1 235,3","1 230,2",0,0,51,2 318,"1 607,2",1052,6056,6212,"3 309,9","2 736,7"
18.11.2020,-9498,-1527,"1 235,3","1 230,2",0,0,51,"2 007,6","1 336,2",1076,5638,6196,"3 533,9","2 736,7"
17.11.2020,-9191,-1547,"1 235,3","1 230,2",0,0,51,"2 009,7","1 336,8",1092,5637,6196,"3 501,1","2 736,7"
16.11.2020,-8584,-1532,"1 235,3","1 230,2",0,0,51,"2 008,3","1 336,8",1079,5636,6197,"3 441,9","2 736,7"
13.11.2020,-6974,-1479,"1 235,7","1 230,2",0,04,51,"2 003,1","1 336,8",1029,5634,6195,"3 286,2","2 736,7"
12.11.2020,-4268,-171,"1 235,3","1 230,2",0,0,51,"2 025,7","1 336,8",1254,5634,6193,"2 992,5","2 736,7"
11.11.2020,-727,"-2 194,3",7133,6282,0,0,851,3 527,"2 348,5",4793,6992,6195,1 221,"2 688,3"
10.11.2020,-6577,"-1 455,7",6334,6282,0,0,51,"2 708,5","1 369,8",6395,6992,6194,"1 890,3","2 688,3"
09.11.2020,-5592,-9261,6333,6282,0,0,51,"2 179,4","1 369,8",1105,6991,620,"2 321,4","2 688,3"
06.11.2020,-1753,-9209,6333,6282,0,0,51,"2 174,5","1 369,8",1059,6988,6203,"1 942,7","2 688,3"
05.11.2020,-2217,-6668,6333,6282,0,0,51,"1 919,6","1 083,1",1377,6988,6194,"2 243,2","2 688,3"
03.11.2020,-5981,-6548,6333,6282,0,0,51,"1 907,9","1 083,1",1262,6986,6197,"2 631,6","2 688,3"
02.11.2020,-6475,-6799,6333,6282,0,0,51,"1 931,3","1 083,1",1497,6985,6181,"2 655,9","2 688,3"
30.10.2020,-5236,-6402,6333,6282,0,0,51,"1 890,3","1 083,1",1089,6983,6168,"2 571,7","2 688,3"
29.10.2020,-2902,-6426,6333,6282,0,0,51,"1 892,6","1 083,1",1113,6982,6167,"2 335,9","2 688,3"
28.10.2020,-5742,-6141,6335,6282,0,02,51,"1 863,9","1 046,2",1214,6963,6163,"2 648,4","2 688,3"
27.10.2020,-5425,-623,6333,6282,0,0,51,"1 870,4","1 046,2",1279,6963,6141,"2 607,8","2 688,3"
26.10.2020,"-1 056,5",-6043,6333,6282,0,0,51,"1 851,8","1 046,2",1094,6962,6142,"3 140,5","2 688,3"
23.10.2020,"-1 003,6",-6034,6333,6282,0,0,51,"1 850,4","1 046,2",1083,6959,6138,"3 088,5","2 688,3"
22.10.2020,"-1 024,2",-5983,6334,6282,0,01,51,"1 845,5","1 046,2",1034,6959,6138,"3 114,2","2 688,3"
21.10.2020,"-1 300,3",-8598,6334,6282,0,01,51,"2 106,9",1 286,1355,6854,6137,"3 128,8","2 688,3"
20.10.2020,"-1 466,8",-8736,6336,6282,0,03,51,"2 118,6",1 286,1473,6853,6114,"3 281,5","2 688,3"
19.10.2020,"-1 463,8",-8686,6338,6282,0,05,51,"2 110,6",1 286,1394,6852,6081,"3 283,5","2 688,3"
16.10.2020,"-1 368,9",-8584,6339,6282,0,05,51,"2 100,5",1 286,1295,685,6082,"3 198,8","2 688,3"
15.10.2020,"-1 415,6",-8712,6336,6282,0,03,51,"2 112,2",1 286,1413,6849,6073,"3 232,7","2 688,3"
14.10.2020,"-1 899,7","-1 515,4",307,53,0,03,251,"2 153,4",1 170,1198,8636,6073,"3 072,6","2 688,3"
13.10.2020,"-1 650,8","-1 548,9",107,53,0,03,51,"2 166,9",1 170,1334,8635,6073,"2 790,2","2 688,3"
12.10.2020,"-1 886,8","-1 545,2",107,53,0,03,51,"2 163,9",1 170,1305,8634,608,"3 029,9","2 688,3"
09.10.2020,"-1 832,9","-1 526,9",107,53,0,03,51,"2 143,9",1 170,1108,8631,6063,"2 994,3","2 688,3"
08.10.2020,-1 682,"-1 533,5",107,53,0,03,51,"2 150,4",1 170,1174,863,6062,"2 836,8","2 688,3"
07.10.2020,-1 790,"-2 816,5",106,53,0,02,51,"3 433,6","2 298,1",3164,8191,6065,"1 607,5","2 633,9"
06.10.2020,"-1 767,5",-2 669,106,53,0,02,51,"3 284,8","2 117,1",3487,819,6052,"1 732,5","2 633,9"
05.10.2020,"-1 564,4","-1 785,5",107,53,0,03,51,"2 401,7",9992,5837,8189,6055,"2 412,8","2 633,9"
02.10.2020,"-1 554,3","-1 351,4",107,53,0,03,51,"1 966,2",9992,1484,8186,6041,"2 836,8","2 633,9"
01.10.2020,"-1 757,7","-1 351,9",107,53,0,03,51,"1 966,8",9992,1491,8185,6042,"3 039,7","2 633,9"
30.09.2020,"-1 790,3","-1 441,5",107,53,0,03,51,"2 054,9","1 176,3",1134,7653,6027,"2 982,7","2 633,9"
29.09.2020,"-1 400,5",-1 446,107,53,0,03,51,"2 059,4","1 176,3",1179,7652,6027,"2 588,4","2 633,9"
28.09.2020,"-1 375,6","-1 449,1",107,53,0,03,51,"2 060,5","1 176,3",1191,7651,6006,"2 560,4","2 633,9"
25.09.2020,"-2 064,6","-1 470,9",107,53,0,03,51,"2 082,8","1 176,3",1417,7649,6012,"3 227,6","2 633,9"
24.09.2020,"-2 154,9","-1 451,4",111,53,0,03,54,"2 063,6","1 176,3",1225,7648,6011,"3 337,4","2 633,9"
23.09.2020,"-2 252,7","-1 879,8",107,53,0,03,51,"2 491,4","1 616,2",1165,7587,6009,"3 006,8","2 633,9"
22.09.2020,"-2 254,6","-1 887,6",118,53,0,03,61,"2 498,6","1 616,2",1238,7586,5993,3 001,"2 633,9"
21.09.2020,"-2 205,1","-1 878,9",107,53,0,03,51,"2 488,7","1 616,2",114,7585,5991,"2 960,1","2 633,9"
18.09.2020,"-1 991,1","-1 874,3",107,53,0,03,51,"2 484,9","1 616,2",1104,7583,5999,"2 750,7","2 633,9"
17.09.2020,-1 836,"-1 871,6",111,53,0,07,51,"2 482,6","1 616,2",1082,7582,5998,"2 598,3","2 633,9"
16.09.2020,"-1 921,6","-1 809,6",106,53,0,02,51,"2 418,8",1 600,1127,7061,5986,"2 745,9","2 633,9"
15.09.2020,"-1 973,8",-1 830,105,53,0,01,51,"2 437,2",1 600,1312,706,5967,"2 777,7","2 633,9"
14.09.2020,"-1 920,2","-1 825,7",104,53,0,0,51,"2 418,3",1 600,1123,706,5822,"2 728,4","2 633,9"
11.09.2020,"-1 912,8","-1 827,7",104,53,0,0,51,"2 415,8",1 600,1101,7057,5777,2 719,"2 633,9"
10.09.2020,"-1 836,2","-1 835,3",104,53,0,0,51,"2 421,3",1 600,1157,7056,5756,"2 634,8","2 633,9"
09.09.2020,"-1 908,4","-2 526,3",307,53,0,20,54,"3 132,9","2 056,3",2427,8339,5759,1 960,"2 577,9"
08.09.2020,"-2 006,6","-2 221,3",104,53,0,0,51,"2 806,8","1 751,7",2213,8338,5751,"2 363,2","2 577,9"
07.09.2020,"-1 863,5","-2 145,1",105,53,0,01,51,"2 730,5","1 751,7",1452,8337,575,"2 296,3","2 577,9"
04.09.2020,"-1 727,3","-2 127,5",104,53,0,0,51,"2 714,5","1 751,7",1294,8334,5766,"2 177,7","2 577,9"
03.09.2020,-1 615,"-2 124,9",106,53,0,0,53,"2 711,4","1 751,7",1265,8333,5758,"2 067,9","2 577,9"
02.09.2020,"-1 934,8",-1 610,104,53,0,0,51,"2 196,3","1 210,2",1561,8301,5759,"2 902,6","2 577,9"
01.09.2020,"-1 923,5","-1 595,8",134,53,0,3,51,"2 185,3","1 210,2",1451,830,5761,"2 905,6","2 577,9"
31.08.2020,"-1 771,2","-1 592,9",104,53,0,0,51,"2 179,7","1 210,2",1396,8299,5764,"2 756,2","2 577,9"
28.08.2020,"-1 419,9","-1 571,6",104,53,0,0,51,"2 159,6","1 210,2",1197,8297,5775,"2 426,2","2 577,9"
27.08.2020,"-1 364,4","-1 576,6",106,53,0,02,51,"2 164,7","1 210,2",1249,8296,5774,"2 365,6","2 577,9"
26.08.2020,-1 757,"-1 995,7",507,53,0,0,453,"2 621,5","1 672,7",1251,8237,5751,"2 339,2","2 577,9"
25.08.2020,"-2 105,7","-2 056,2",104,53,0,0,51,"2 641,6","1 673,1",1449,8236,575,"2 627,4","2 577,9"
24.08.2020,"-2 284,4","-2 047,9",104,53,0,0,51,2 633,"1 673,1",1364,8235,5746,"2 814,3","2 577,9"
21.08.2020,"-2 145,8","-2 029,4",104,53,0,0,51,"2 614,2","1 673,1",1178,8233,5744,"2 694,3","2 577,9"
20.08.2020,"-2 227,4","-2 045,1",104,53,0,0,51,"2 629,7","1 673,1",1335,8232,5742,"2 760,2","2 577,9"
19.08.2020,"-2 242,5","-1 860,3",104,53,0,0,51,"2 444,1",1 490,1336,8205,5734,"2 960,1","2 577,9"
18.08.2020,"-2 149,9","-1 863,1",104,53,0,0,51,"2 446,1",1 490,1357,8204,5725,"2 864,6","2 577,9"
17.08.2020,"-2 181,4","-1 841,7",104,53,0,0,51,"2 422,1",1 490,1118,8203,570,"2 917,5","2 577,9"
14.08.2020,"-2 109,9",-1 839,104,53,0,0,51,"2 424,5",1 490,1144,8201,5751,"2 848,8","2 577,9"
13.08.2020,"-2 224,5",-1 847,104,53,0,0,51,"2 431,6",1 490,1216,820,5743,"2 955,4","2 577,9"
12.08.2020,"-2 241,8","-1 965,6",104,53,0,0,51,"2 549,9","1 699,3",142,7086,5739,"2 854,1","2 577,9"
11.08.2020,"-2 161,2","-1 968,3",104,53,0,0,51,"2 535,3","1 699,3",1275,7085,5566,"2 770,8","2 577,9"
10.08.2020,"-2 065,5","-1 965,4",12,53,0,0,67,"2 533,4","1 699,3",1257,7084,556,2 678,"2 577,9"
07.08.2020,"-1 849,1","-1 966,6",104,53,0,0,51,2 532,"1 699,3",1245,7082,5549,"2 460,3","2 577,9"
06.08.2020,"-1 808,2","-1 966,1",104,53,0,0,51,"2 537,4","1 699,3",130,7081,5609,2 420,"2 577,9"
05.08.2020,"-1 879,2","-2 892,8",104,53,0,0,51,"3 464,4","2 345,1",4113,708,5612,"1 514,9","2 528,5"
04.08.2020,"-1 812,7","-2 124,4",119,53,0,0,66,"2 697,5",1 750,2395,708,5611,"2 216,8","2 528,5"
03.08.2020,"-2 130,7","-2 075,7",104,53,0,0,51,"2 646,9",1 750,189,7079,5608,"2 583,6","2 528,5"
31.07.2020,"-1 756,1","-2 050,1",108,53,0,0,54,"2 621,6",1 750,164,7076,5607,"2 234,5","2 528,5"
30.07.2020,"-1 612,7","-2 003,7",104,53,0,0,51,"2 573,7",1 750,1162,7075,5595,"2 137,5","2 528,5"
29.07.2020,"-1 270,8","-1 685,3",104,53,0,0,51,"2 244,3","1 332,7",2041,7075,5486,"2 114,1","2 528,5"
28.07.2020,"-1 341,4","-1 719,7",104,53,0,0,51,"2 278,3","1 332,7",2382,7074,5482,"2 150,3","2 528,5"
27.07.2020,"-1 976,4","-1 727,4",104,53,0,0,51,"2 286,6","1 332,7",2466,7073,5488,"2 777,5","2 528,5"
24.07.2020,"-2 030,7","-1 725,8",105,53,0,0,52,"2 285,7","1 332,7",246,707,5494,"2 833,5","2 528,5"
23.07.2020,"-1 990,5","-1 713,4",104,53,0,0,51,"2 261,8","1 332,7",2221,707,538,"2 805,6","2 528,5"
22.07.2020,"-2 082,6","-2 000,2",105,53,0,0,51,"2 539,7",1 700,1328,7069,529,"2 610,9","2 528,5"
21.07.2020,"-1 998,2","-2 003,2",104,53,0,0,51,"2 542,5",1 700,1357,7068,5288,"2 523,5","2 528,5"
20.07.2020,"-1 985,2","-1 999,7",104,53,0,0,51,"2 538,6",1 700,1319,7067,5284,2 514,"2 528,5"
17.07.2020,"-1 765,7","-1 996,8",104,53,0,0,51,"2 534,9",1 700,1285,7064,5277,"2 297,5","2 528,5"
16.07.2020,"-1 772,5",-1 996,104,53,0,0,51,"2 534,1",1 700,1277,7064,5277,"2 305,1","2 528,5"
15.07.2020,-2 008,"-1 611,2",104,53,0,0,51,"2 148,8","1 314,1",1254,7093,5271,"2 925,3","2 528,5"
14.07.2020,"-2 138,8","-1 658,4",104,53,0,0,51,"2 178,6","1 314,1",1553,7092,5097,"3 008,9","2 528,5"
13.07.2020,"-2 171,8","-1 626,4",104,53,0,0,51,"2 146,4","1 314,1",1231,7092,5096,3 074,"2 528,5"
10.07.2020,-2 117,"-1 632,6",104,53,0,0,51,"2 153,6","1 314,1",1306,7089,5106,"3 012,9","2 528,5"
09.07.2020,"-2 087,5","-1 646,2",104,53,0,0,51,"2 166,3","1 314,1",1434,7088,5097,"2 969,9","2 528,5"
08.07.2020,"-1 929,3","-3 033,4",104,53,0,0,51,"3 520,2","2 472,5",339,7087,4764,"1 465,4","2 569,5"
07.07.2020,"-2 131,9","-2 655,1",134,53,0,0,81,"3 144,8","2 262,9",1732,7086,4763,"2 046,4","2 569,5"
06.07.2020,"-2 112,6","-1 190,6",104,53,0,0,51,"1 677,4",7734,1954,7086,4764,"3 491,5","2 569,5"
03.07.2020,"-1 941,1","-1 147,8",104,53,0,0,51,"1 630,3",7734,1486,7083,4721,"3 362,9","2 569,5"
02.07.2020,"-2 130,2","-1 150,7",104,53,0,0,51,"1 632,9",7734,1513,7082,4718,3 549,"2 569,5"
30.06.2020,"-1 912,9","-1 437,5",104,53,0,0,51,"1 986,9",1 156,1229,708,539,"3 044,9","2 569,5"
29.06.2020,"-1 554,1","-1 444,9",104,53,0,0,51,"1 994,5",1 156,1305,708,5392,"2 678,8","2 569,5"
26.06.2020,-9433,"-1 428,5",104,53,0,0,51,"1 977,9",1 156,1142,7077,539,"2 084,3","2 569,5"
25.06.2020,-1 608,"-1 437,4",105,53,0,01,51,"1 978,6",1 156,115,7076,5307,"2 740,1","2 569,5"
23.06.2020,"-1 684,7","-1 807,1",52,0,0,01,51,"2 338,6",1 320,3112,7074,5264,"2 447,2","2 569,5"
22.06.2020,"-1 557,1","-2 084,4",52,0,0,01,51,"2 615,6",1 320,5882,7074,526,"2 042,3","2 569,5"
19.06.2020,"-1 510,5","-1 940,6",52,0,0,01,51,"2 472,2",1 320,4451,7071,5265,"2 139,5","2 569,5"
18.06.2020,"-1 446,4","-1 901,7",52,0,0,01,51,"2 433,2",1 320,4062,707,5264,"2 114,2","2 569,5"
17.06.2020,-1 818,"-1 800,2",52,0,0,01,51,"2 331,1","1 459,7",1646,7068,5257,"2 587,3","2 569,5"
16.06.2020,-1 652,"-1 771,9",52,0,0,01,51,"2 297,9","1 459,7",1315,7067,5208,"2 449,7","2 569,5"
15.06.2020,"-1 761,3","-1 772,5",52,0,0,01,51,"2 298,5","1 459,7",1322,7066,5208,"2 558,3","2 569,5"
11.06.2020,"-1 778,9","-1 760,8",52,0,0,01,51,"2 285,8","1 459,7",1199,7062,5199,"2 587,7","2 569,5"
10.06.2020,"-1 709,7","-2 805,6",107,0,0,56,51,"3 239,8","1 922,7",2059,"1 111,2",4236,"1 538,8","2 634,6"
09.06.2020,"-1 646,9","-1 749,9",51,0,0,0,51,"2 178,4",8366,2307,"1 111,1",4235,"2 531,7","2 634,6"
08.06.2020,"-1 507,1","-1 629,9",51,0,0,0,51,"2 060,9",8366,1134,"1 110,9",426,"2 511,9","2 634,6"
05.06.2020,"-1 633,3","-1 622,7",51,0,0,0,51,2 054,8366,107,"1 110,4",4262,"2 645,2","2 634,6"
04.06.2020,"-1 754,4","-1 623,2",51,0,0,0,51,"2 052,9",8366,1061,"1 110,2",4246,"2 765,9","2 634,6"
03.06.2020,"-1 781,8",-1 560,51,0,0,0,51,"1 989,7",770,1096,"1 110,1",4246,"2 856,4","2 634,6"
02.06.2020,"-1 743,9","-1 580,2",57,0,0,0,57,"2 009,9",770,130,"1 109,9",424,"2 798,3","2 634,6"
01.06.2020,"-1 719,2","-1 580,6",51,0,0,01,51,"2 005,7",770,126,"1 109,7",4199,"2 773,2","2 634,6"
29.05.2020,"-1 966,6","-1 574,6",51,0,0,0,51,"1 994,9",770,1157,"1 109,2",4152,"3 026,6","2 634,6"
28.05.2020,"-1 879,4","-1 586,1",51,0,0,0,51,"2 018,5",770,1394,"1 109,1",4273,2 928,"2 634,6"
27.05.2020,"-1 648,8","-1 560,1",51,0,0,0,51,"1 980,3",700,1714,"1 108,9",4151,"2 723,4","2 634,6"
26.05.2020,"-1 386,9","-1 552,3",51,0,0,0,51,1 973,700,1642,"1 108,8",4156,"2 469,2","2 634,6"
25.05.2020,"-1 590,7","-1 542,8",51,0,0,0,51,"1 963,5",700,1549,"1 108,6",4156,"2 682,5","2 634,6"
22.05.2020,"-1 670,9","-1 543,8",51,0,0,0,51,"1 957,1",700,149,"1 108,1",4082,"2 761,7","2 634,6"
21.05.2020,"-1 471,1","-1 554,1",51,0,0,0,51,"1 951,7",700,1438,"1 107,9",3925,"2 551,6","2 634,6"
20.05.2020,-1 701,"-1 395,2",51,0,0,0,51,1 791,540,1432,"1 107,8",3907,"2 940,4","2 634,6"
19.05.2020,-1 585,"-1 410,5",51,0,0,0,51,"1 798,3",540,1507,"1 107,6",3826,"2 809,1","2 634,6"
18.05.2020,"-1 660,1","-1 422,3",51,0,0,0,51,1 810,540,1626,"1 107,4",3826,"2 872,5","2 634,6"
15.05.2020,"-1 663,4",-1 407,51,0,0,0,51,"1 794,3",540,1474,"1 106,9",3823,"2 891,1","2 634,6"
14.05.2020,"-1 771,8","-1 538,3",54,0,0,0,54,1 801,540,1542,"1 106,8",2573,"2 868,1","2 634,6"
13.05.2020,"-1 526,4","-2 688,1",69,0,0,14,55,"2 951,5",1 156,2736,"1 521,9",2565,"1 443,2","2 604,9"
12.05.2020,"-1 422,4","-1 377,5",7856,7805,0,0,51,"2 419,6",6139,284,"1 521,7",2565,"2 649,9","2 604,9"
08.05.2020,"-1 180,8",-1 234,7856,7805,0,0,51,"2 276,4",6139,1417,"1 520,8",2567,"2 551,7","2 604,9"
07.05.2020,"-1 850,6","-1 246,1",7856,7805,0,0,51,2 282,6139,1476,"1 520,5",2502,"3 209,4","2 604,9"
06.05.2020,-1 892,-1 441,5055,5005,0,0,51,"2 197,1",410,2668,"1 520,3",2506,"3 055,9","2 604,9"
01.05.2020,"-1 872,7","-1 434,3",5055,5005,0,0,51,"2 190,4",410,2601,"1 520,3",2506,"3 043,4","2 604,9"
30.04.2020,"-1 537,4","-1 824,2",263,0,0,21,53,"2 097,1",410,1682,"1 518,9",2466,"2 318,2","2 604,9"
29.04.2020,-1 333,"-1 494,9",5052,5002,0,0,51,"2 245,9",650,1289,1 467,2458,"2 443,1","2 604,9"
28.04.2020,"-1 584,1","-1 496,7",5214,5002,0,0,212,2 241,650,1242,"1 466,8",2229,"2 692,4","2 604,9"
27.04.2020,-2 112,"-1 902,2",1591,154,0,0,51,"2 256,4",650,1399,"1 466,5",1951,"2 814,7","2 604,9"
24.04.2020,"-2 254,9","-2 055,9",51,0,0,0,51,"2 255,9",650,1401,"1 465,8",1949,"2 803,9","2 604,9"
23.04.2020,"-2 326,6","-2 059,4",51,0,0,0,51,"2 259,3",650,1437,"1 465,6",1948,"2 872,2","2 604,9"
22.04.2020,"-2 475,9","-2 473,7",453,0,0,0,453,"2 714,2",1 130,1243,"1 459,9",1953,"2 607,2","2 604,9"
21.04.2020,"-2 485,7","-2 521,6",53,0,0,02,51,"2 722,2",1 130,1325,"1 459,7",1953,"2 569,1","2 604,9"
20.04.2020,"-2 621,7","-2 513,2",51,0,0,0,51,"2 713,5",1 130,124,"1 459,5",1953,"2 713,5","2 604,9"
17.04.2020,"-2 451,6","-2 505,6",166,0,0,115,51,"2 717,6",1 130,1288,"1 458,8",1954,"2 550,9","2 604,9"
16.04.2020,"-2 343,4","-2 508,2",166,0,0,115,51,"2 713,8",1 130,1253,"1 458,5",189,"2 440,1","2 604,9"
15.04.2020,"-2 534,7","-2 599,8",168,0,0,117,51,"2 805,8",1 050,1867,"1 569,1",1891,"2 539,8","2 604,9"
14.04.2020,"-2 554,2","-2 605,4",168,0,0,117,51,"2 811,4",1 050,1926,"1 568,8",1893,"2 553,7","2 604,9"
13.04.2020,"-2 585,4","-2 575,2",179,0,0,117,63,"2 782,6",1 050,164,"1 568,6",1895,"2 615,2","2 604,9"
10.04.2020,"-2 532,6","-2 572,9",167,0,0,116,51,"2 779,4",1 050,1616,"1 567,8",1898,"2 564,6","2 604,9"
09.04.2020,"-2 392,9","-2 490,9",1097,0,0,116,981,"2 790,5",1 050,1729,"1 567,6",1899,"2 506,9","2 604,9"
08.04.2020,"-2 743,1","-3 658,4",4299,4248,0,0,51,"4 278,4","2 364,2",3529,"1 561,4",1901,"1 515,5","2 430,8"
07.04.2020,"-2 738,5","-3 329,4",4321,4248,0,0,73,"3 955,7","2 272,2",1224,"1 561,1",1941,"1 839,9","2 430,8"
06.04.2020,"-2 717,5","-3 417,1",9229,8586,0,268,375,"4 534,8","2 469,3",5046,"1 560,9",1949,"1 731,2","2 430,8"
03.04.2020,-2 655,"-3 224,3",899,8586,0,268,137,"4 318,2",2 354,4041,"1 560,1",1949,"1 861,5","2 430,8"
02.04.2020,-2 708,"-2 633,6",8802,8588,0,164,51,"3 708,9",1 754,395,"1 559,9",1951,"2 505,2","2 430,8"
01.04.2020,"-2 492,1",-2 307,8761,8588,0,123,51,"3 378,2","1 673,5",1605,"1 544,2",195,"2 615,9","2 430,8"
31.03.2020,"-2 434,8","-2 547,3",5614,4894,0,12,601,3 304,"1 673,5",865,1 544,1954,"2 318,4","2 430,8"
30.03.2020,"-2 543,4","-3 055,9",392,0,0,181,211,"3 290,5","1 673,5",733,"1 543,7",1954,"1 918,3","2 430,8"
27.03.2020,"-2 673,3","-2 964,2",2316,0,0,215,2101,"3 389,8","1 673,5",1733,1 543,194,"2 139,9","2 430,8"
26.03.2020,"-2 852,7","-3 104,8",797,0,0,223,575,"3 380,7","1 673,5",1645,"1 542,7",1962,"2 178,7","2 430,8"
25.03.2020,"-3 551,5","-4 031,3",1249,0,0,261,987,"4 350,4","2 743,2",1173,"1 489,9",1942,1 951,"2 430,8"
24.03.2020,"-3 708,4","-3 779,8",2113,0,0,662,1451,"4 185,3","2 499,6",196,"1 489,7",1942,"2 359,4","2 430,8"
23.03.2020,"-3 769,4","-3 729,2",1474,0,0,696,778,"4 070,8","2 444,2",1372,"1 489,4",1943,2 471,"2 430,8"
20.03.2020,"-3 577,8","-3 535,2",2608,2502,0,54,51,"3 990,3","2 339,6",162,"1 488,7",1944,"2 473,5","2 430,8"
19.03.2020,-3 624,"-3 350,2",926,0,0,871,54,"3 637,2","1 894,2",2546,"1 488,4",1944,"2 704,6","2 430,8"
18.03.2020,"-3 656,2","-2 460,4",1598,0,0,1547,51,"2 814,6","1 100,1",2487,"1 465,8",1944,"3 626,6","2 430,8"
17.03.2020,"-3 706,2","-2 499,3",932,0,0,881,51,"2 788,9","1 100,1",2232,"1 465,6",1964,"3 637,7","2 430,8"
16.03.2020,"-3 743,9","-2 440,1",961,80,0,106,56,"2 732,2","1 100,1",1668,"1 465,3",1961,"3 734,6","2 430,8"
13.03.2020,"-3 861,5","-2 440,9",901,0,0,85,51,"2 727,5","1 100,1",1628,"1 464,6",1965,"3 851,4","2 430,8"
12.03.2020,"-3 922,7","-2 478,5",753,0,0,702,51,"2 750,5","1 100,1",186,"1 464,4",1967,3 875,"2 430,8"
11.03.2020,"-4 034,2","-3 670,7",5533,5001,0,431,101,"4 420,7","1 784,4",7242,"1 912,1",1968,"2 761,9","2 398,3"
10.03.2020,"-3 874,2","-3 622,2",51,0,0,01,51,"3 824,3","1 784,4",128,"1 911,8",1969,"2 650,3","2 398,3"
06.03.2020,"-3 689,8","-3 619,7",51,0,0,0,51,"3 821,1","1 784,4",1262,"1 910,5",1963,"2 468,4","2 398,3"
05.03.2020,"-3 701,2","-3 610,8",51,0,0,0,51,"3 812,7","1 784,4",1181,"1 910,2",1968,"2 488,7","2 398,3"
04.03.2020,"-3 473,8","-3 716,4",51,0,0,0,51,"3 918,3",1 920,124,"1 874,3",1969,"2 155,8","2 398,3"
03.03.2020,"-3 411,3","-3 745,1",52,0,0,01,51,"3 947,2",1 920,1532,1 874,1969,"2 064,5","2 398,3"
02.03.2020,"-3 432,1","-3 768,5",22,0,0,02,218,"3 988,1",1 920,1944,"1 873,7",1976,2 062,"2 398,3"
28.02.2020,"-3 432,4","-3 722,8",53,0,0,02,51,"3 926,4",1 920,1336,"1 872,8",1982,"2 107,9","2 398,3"
27.02.2020,"-3 351,7","-3 721,7",51,0,0,0,51,"3 925,3",1 920,1328,"1 872,5",1986,"2 028,4","2 398,3"
26.02.2020,-3 299,"-3 942,9",51,0,0,01,51,"4 146,6",2 170,1155,"1 861,1",1986,"1 754,4","2 398,3"
25.02.2020,"-4 180,4","-3 966,5",51,0,0,0,51,4 171,2 170,1402,"1 860,8",1995,"2 612,2","2 398,3"
21.02.2020,"-4 163,7","-3 950,2",51,0,0,0,51,"4 156,4",2 170,1268,"1 859,6",201,"2 611,8","2 398,3"
20.02.2020,-4 097,"-3 956,9",51,0,0,0,51,"4 163,1",2 170,1338,"1 859,3",201,"2 538,4","2 398,3"
19.02.2020,"-4 221,3",-3 783,51,0,0,0,51,"3 989,4","2 030,8",121,"1 837,6",2013,"2 836,6","2 398,3"
18.02.2020,"-4 071,2","-3 794,4",51,0,0,0,51,"4 000,5","2 030,8",1324,"1 837,3",2011,"2 675,1","2 398,3"
17.02.2020,"-4 066,1","-3 776,6",53,0,0,0,53,3 983,"2 030,8",1152,1 837,2011,"2 687,8","2 398,3"
14.02.2020,"-4 142,8","-3 782,9",51,0,0,0,51,"3 989,4","2 030,8",1225,"1 836,1",2014,"2 758,2","2 398,3"
13.02.2020,"-4 108,9","-3 781,8",63,0,0,0,63,"3 989,5","2 030,8",1229,"1 835,8",2014,"2 725,5","2 398,3"
12.02.2020,"-4 124,4","-5 026,5",51,0,0,0,51,"5 232,6","2 653,6",4785,"2 100,5",201,"1 516,2","2 418,4"
11.02.2020,"-4 038,7","-4 506,1",51,0,0,0,51,"4 712,3","2 498,7",1134,"2 100,2",2011,1 951,"2 418,4"
10.02.2020,"-4 172,9","-4 108,5",51,0,0,0,51,"4 315,3",2 060,1555,"2 099,8",2017,"2 482,8","2 418,4"
07.02.2020,-4 083,"-4 096,5",12,0,0,0,12,"4 310,4",2 060,1516,"2 098,8",2019,"2 404,9","2 418,4"
06.02.2020,"-3 891,5","-4 107,2",51,0,0,0,51,"4 314,2",2 060,1558,"2 098,4",202,"2 202,7","2 418,4"
05.02.2020,"-3 987,8","-3 616,5",51,0,0,0,51,"3 823,6","1 619,4",1313,"2 072,9",202,"2 789,7","2 418,4"
04.02.2020,-3 872,"-3 623,1",51,0,0,0,51,"3 829,9","1 619,4",1379,"2 072,6",2017,"2 667,3","2 418,4"
03.02.2020,"-3 834,9","-3 631,6",51,0,0,0,51,"3 838,3","1 619,4",1467,"2 072,2",2016,"2 621,7","2 418,4"
31.01.2020,"-3 838,3","-3 612,8",133,0,0,0,133,"3 825,4","1 619,4",1348,"2 071,2",1993,"2 643,9","2 418,4"
30.01.2020,"-3 634,5","-3 609,5",51,0,0,0,51,"3 813,8","1 619,4",1236,"2 070,8",1992,"2 443,4","2 418,4"
29.01.2020,"-3 626,2","-3 562,8",51,0,0,0,51,"3 767,1","1 649,1",1264,"1 991,7",1992,"2 481,8","2 418,4"
28.01.2020,"-3 078,5","-3 560,1",51,0,0,0,51,"3 765,2",1 650,1238,"1 991,4",200,"1 936,8","2 418,4"
27.01.2020,"-3 680,1","-3 571,8",51,0,0,0,51,3 777,1 650,1359,"1 991,1",2001,"2 526,7","2 418,4"
24.01.2020,"-3 805,1","-3 562,4",51,0,0,0,51,"3 767,5",1 650,1274,"1 990,1",200,"2 661,1","2 418,4"
23.01.2020,"-3 704,5","-3 566,3",51,0,0,0,51,"3 771,4",1 650,1317,"1 989,7",200,"2 556,6","2 418,4"
22.01.2020,"-3 809,9","-3 319,8",51,0,0,0,51,"3 526,1",1 450,1734,"1 902,7",2012,"2 908,5","2 418,4"
21.01.2020,"-3 668,9",-3 311,151,0,0,0,151,"3 527,2",1 450,1748,"1 902,4",2012,"2 776,3","2 418,4"
20.01.2020,"-3 442,1","-3 277,6",51,0,0,0,51,"3 483,8",1 450,1317,"1 902,1",2011,"2 582,9","2 418,4"
17.01.2020,"-3 337,4",-3 278,58,0,0,0,58,"3 485,3",1 450,1342,"1 901,1",2015,"2 477,7","2 418,4"
16.01.2020,"-3 220,3","-3 278,1",51,0,0,0,51,"3 484,5",1 450,1337,"1 900,8",2014,"2 360,6","2 418,4"
15.01.2020,"-3 240,7","-4 144,1",51,0,0,0,51,"4 350,9","1 987,7",381,"1 982,2",2018,"1 524,4","2 427,8"
14.01.2020,"-3 232,4",-3 867,77,0,0,0,77,"4 077,6","1 913,2",1825,"1 981,9",2028,"1 793,2","2 427,8"
13.01.2020,"-3 361,2","-2 972,8",51,0,0,0,51,3 182,9387,2618,"1 981,5",2041,"2 816,2","2 427,8"
10.01.2020,"-3 137,2","-2 916,8",54,0,0,0,54,"3 126,1",9387,2069,"1 980,5",2039,"2 648,2","2 427,8"
09.01.2020,-3 135,"-2 824,3",176,0,0,126,51,"3 045,9",6966,393,"1 956,3",2039,"2 738,5","2 427,8"
01.01.2020,"-2 958,8","-2 761,1",176,0,0,126,51,"2 982,6",6966,3297,"1 956,3",2039,"2 625,5","2 427,8"
31.12.2019,"-2 730,3","-2 632,1",207,0,0,126,81,2 857,6966,2071,"1 953,3",2042,"2 525,9","2 427,8"
30.12.2019,"-2 998,5",-2 574,51,0,0,0,51,"2 783,7",5998,2433,"1 940,6",2046,"2 852,3","2 427,8"
27.12.2019,"-2 973,7","-2 536,9",55,0,0,04,51,"2 746,4",5998,207,"1 939,6",204,"2 864,6","2 427,8"
26.12.2019,"-2 280,9","-2 534,1",55,0,0,04,51,"2 743,9",5998,2048,"1 939,3",2043,"2 174,5","2 427,8"
25.12.2019,"-3 181,3","-3 109,8",53,0,0,02,51,"3 323,6","1 229,8",2065,"1 887,4",2086,"2 499,3","2 427,8"
24.12.2019,"-3 185,1","-3 071,6",53,0,0,02,51,"3 285,6","1 229,8",1687,"1 887,1",2087,"2 541,3","2 427,8"
23.12.2019,"-3 188,5","-3 054,2",55,0,0,02,53,"3 268,1","1 229,8",1515,"1 886,8",2084,"2 562,1","2 427,8"
20.12.2019,"-3 030,3","-3 056,3",53,0,0,02,51,3 270,"1 229,8",1544,"1 885,8",2084,"2 401,8","2 427,8"
19.12.2019,"-2 902,8","-3 059,1",53,0,0,02,51,3 273,"1 229,8",1577,"1 885,5",2085,"2 271,4","2 427,8"
18.12.2019,"-3 343,3","-3 359,8",54,0,0,01,52,"3 575,3","1 639,6",1851,"1 750,6",2101,"2 411,3","2 427,8"
17.12.2019,"-3 193,9","-3 341,8",52,0,0,01,51,"3 559,7","1 639,7",1697,"1 750,3",2127,"2 279,9","2 427,8"
16.12.2019,"-3 242,8","-3 348,1",52,0,0,01,51,"3 568,9","1 639,7",1792,1 750,2157,"2 322,5","2 427,8"
13.12.2019,"-3 338,7","-3 333,1",51,0,0,0,51,"3 554,1","1 639,7",1653,"1 749,1",216,"2 433,4","2 427,8"
12.12.2019,"-3 156,8","-3 325,2",51,0,0,0,51,"3 546,3","1 639,7",1578,"1 748,8",216,"2 259,3","2 427,8"
11.12.2019,"-3 272,3","-3 835,5",72,0,0,21,51,4 059,"2 238,9",3069,"1 513,2",2163,1 873,"2 436,2"
10.12.2019,"-3 056,6","-3 510,6",51,0,0,0,51,"3 732,3","2 008,7",2107,"1 512,9",2166,"1 982,2","2 436,2"
09.12.2019,"-3 175,4","-2 677,1",51,0,0,0,51,"2 898,9","1 218,7",1675,"1 512,7",2167,"2 934,5","2 436,2"
06.12.2019,"-3 145,9","-2 630,3",51,0,0,0,51,2 853,"1 218,7",1224,"1 511,9",2176,"2 951,8","2 436,2"
05.12.2019,"-3 057,1","-2 630,9",51,0,0,0,51,"2 853,6","1 218,7",1233,"1 511,6",2177,"2 862,4","2 436,2"
04.12.2019,"-3 082,5","-3 045,3",51,0,0,0,51,"3 271,7",1 630,1304,"1 511,3",2212,"2 473,4","2 436,2"
03.12.2019,"-3 031,4","-3 054,4",51,0,0,0,51,"3 277,2",1 630,1361,"1 511,1",2177,"2 413,2","2 436,2"
02.12.2019,"-3 051,6","-3 036,5",52,0,0,01,51,"3 263,1",1 630,1223,"1 510,8",2214,"2 451,3","2 436,2"
29.11.2019,"-2 950,2","-3 047,4",51,0,0,0,51,"3 278,7",1 630,1387,1 510,2262,2 339,"2 436,2"
28.11.2019,"-2 898,7","-3 021,5",51,0,0,0,51,"3 253,1",1 630,1134,"1 509,7",2265,"2 313,3","2 436,2"
27.11.2019,"-2 734,4","-3 149,3",51,0,0,0,51,"3 381,7","1 757,8",1145,"1 509,5",2274,"2 021,3","2 436,2"
26.11.2019,"-2 669,2","-3 149,7",51,0,0,0,51,"3 382,3",1 758,1151,"1 509,2",2276,"1 955,7","2 436,2"
25.11.2019,"-3 451,9","-3 165,4",51,0,0,0,51,"3 386,4",1 758,1195,"1 508,9",216,"2 722,7","2 436,2"
22.11.2019,"-3 500,3","-3 161,9",51,0,0,0,51,"3 382,5",1 758,1164,"1 508,1",2155,"2 774,6","2 436,2"
21.11.2019,"-3 403,9","-3 165,8",51,0,0,0,51,"3 386,5",1 758,1206,"1 507,9",2156,"2 674,3","2 436,2"
20.11.2019,"-3 470,3",-3 411,51,0,0,0,51,"3 631,6","2 214,9",1184,"1 298,3",2155,"2 495,5","2 436,2"
19.11.2019,"-3 409,5","-3 421,6",51,0,0,0,51,"3 642,3","2 214,9",1293,"1 298,1",2156,2 424,"2 436,2"
18.11.2019,"-3 351,1","-3 420,7",51,0,0,0,51,"3 641,5","2 214,9",1288,"1 297,8",2157,"2 366,6","2 436,2"
15.11.2019,"-3 480,6","-3 410,7",64,0,0,01,63,"3 633,2","2 214,9",1212,"1 297,1",2161,"2 506,1","2 436,2"
14.11.2019,-3 475,"-3 411,1",52,0,0,01,51,"3 632,3","2 214,9",1204,"1 296,9",2159,"2 500,1","2 436,2"
13.11.2019,"-3 461,1","-3 235,9",52,0,0,01,51,"3 457,1",2 210,1362,"1 110,9",216,"2 661,4","2 436,2"
12.11.2019,"-3 402,7","-3 240,8",53,0,0,02,51,"3 461,8",2 210,1411,"1 110,7",2157,"2 598,1","2 436,2"
11.11.2019,"-3 264,8","-3 206,2",203,0,0,03,201,"3 442,1",2 210,1216,"1 110,5",2155,"2 494,7","2 436,2"
08.11.2019,"-3 282,8","-3 228,5",54,0,0,03,51,"3 450,3",2 210,1304,"1 109,9",2164,"2 490,5","2 436,2"
07.11.2019,"-3 042,3","-3 229,1",55,0,0,04,51,"3 452,1",2 210,1324,"1 109,7",2176,"2 249,4","2 436,2"
06.11.2019,"-2 990,9",-3 792,169,0,0,03,166,"4 026,5","2 341,3",5757,"1 109,5",2177,"1 629,1","2 430,2"
05.11.2019,"-2 884,2","-2 352,8",51,0,0,0,51,"2 575,7","1 304,5",1619,"1 109,3",2178,"2 961,6","2 430,2"
01.11.2019,"-3 034,6","-2 308,5",51,0,0,01,51,"2 532,6","1 304,5",1197,"1 108,5",219,"3 156,3","2 430,2"
31.10.2019,"-2 842,2","-2 314,6",52,0,0,01,51,"2 537,3","1 304,5",1245,"1 108,3",2176,"2 957,8","2 430,2"
30.10.2019,"-2 813,4","-3 281,7",67,0,0,0,67,"3 506,2","2 239,9",1582,"1 108,1",2178,"1 961,9","2 430,2"
29.10.2019,"-2 489,4",-3 284,51,0,0,0,51,"3 507,3","2 239,9",1595,"1 107,9",2182,"1 635,5","2 430,2"
28.10.2019,"-2 531,7","-3 289,3",7,0,0,0,7,"3 514,5","2 239,9",1668,"1 107,7",2182,"1 672,6","2 430,2"
25.10.2019,"-3 566,4","-3 306,2",51,0,0,0,51,"3 529,2","2 239,9",1822,"1 107,1",218,"2 690,4","2 430,2"
24.10.2019,"-3 740,8","-3 287,6",51,0,0,0,51,"3 510,5","2 239,9",1637,"1 106,9",2178,"2 883,4","2 430,2"
23.10.2019,-3 844,"-3 662,6",52,0,0,01,51,"3 884,8",2 650,1281,"1 106,7",2171,"2 611,6","2 430,2"
22.10.2019,"-3 781,5","-3 652,2",51,0,0,01,51,"3 881,3",2 650,1248,"1 106,5",224,"2 559,5","2 430,2"
21.10.2019,-3 913,"-3 658,8",51,0,0,0,51,"3 887,5",2 650,1312,"1 106,3",2236,"2 684,4","2 430,2"
18.10.2019,"-3 751,3",-3 654,51,0,0,0,51,"3 883,7",2 650,128,"1 105,7",2246,"2 527,5","2 430,2"
17.10.2019,"-3 716,7","-3 649,4",51,0,0,0,51,"3 878,7",2 650,1233,"1 105,4",2243,"2 497,5","2 430,2"
16.10.2019,"-3 763,9","-3 492,2",51,0,0,0,51,"3 723,2",2 800,1127,8105,2259,"2 701,8","2 430,2"
15.10.2019,"-3 494,8","-3 509,2",51,0,0,0,51,"3 740,2",2 800,1298,8104,226,"2 415,8","2 430,2"
14.10.2019,"-3 606,4","-3 499,6",51,0,0,0,51,"3 730,8",2 800,1206,8102,2261,2 537,"2 430,2"
11.10.2019,"-3 558,7","-3 491,6",7,0,0,0,7,"3 724,5",2 800,1147,8098,2259,"2 497,3","2 430,2"
10.10.2019,"-3 485,6","-3 491,4",51,0,0,0,51,"3 722,5",2 800,1129,8096,226,"2 424,4","2 430,2"
09.10.2019,"-3 620,7","-3 828,3",51,0,0,0,51,"4 059,8","2 917,9",3324,8095,2264,"2 221,9","2 429,5"
08.10.2019,-3 490,"-3 604,2",51,0,0,0,51,"3 835,7","2 925,3",1011,8093,2264,"2 315,3","2 429,5"
07.10.2019,"-3 333,9","-3 441,6",51,0,0,0,51,"3 673,2","2 732,7",1313,8092,2265,"2 321,7","2 429,5"
04.10.2019,"-3 456,7","-3 429,9",51,0,0,0,51,"3 660,9","2 732,7",1195,8087,2259,"2 456,3","2 429,5"
03.10.2019,"-3 266,8","-3 426,7",51,0,0,0,51,3 658,"2 732,7",1168,8085,2262,"2 269,6","2 429,5"
02.10.2019,"-3 336,4","-3 360,4",62,0,0,0,62,"3 592,7",2 680,1043,8084,2261,"2 405,5","2 429,5"
01.10.2019,"-3 136,9","-2 892,2",51,0,0,0,51,"3 123,3",2 180,1351,8082,2261,"2 674,2","2 429,5"
30.09.2019,-3 278,"-2 882,5",51,0,0,0,51,"3 112,9",2 180,1248,8081,2253,2 825,"2 429,5"
27.09.2019,"-2 895,6","-2 875,8",65,0,0,0,65,"3 108,1",2 180,1205,8076,2257,"2 449,3","2 429,5"
26.09.2019,"-2 718,1","-2 877,2",92,0,0,0,92,"3 111,9",2 180,1244,8075,2256,"2 270,4","2 429,5"
25.09.2019,"-3 555,9","-3 400,8",51,0,0,0,51,"3 631,8","2 688,5",136,8073,226,"2 584,6","2 429,5"
24.09.2019,-3 695,"-3 394,4",51,0,0,0,51,"3 626,6","2 688,5",1308,8072,227,2 730,"2 429,5"
23.09.2019,"-3 647,7","-3 391,3",51,0,0,0,51,"3 623,2","2 688,5",1277,807,2268,"2 685,9","2 429,5"
20.09.2019,"-3 602,9","-3 399,2",52,0,0,0,52,3 631,"2 688,5",1358,8066,2266,"2 633,2","2 429,5"
19.09.2019,"-3 584,4","-3 401,6",53,0,0,02,51,"3 634,3","2 688,5",1394,8064,2275,"2 612,3","2 429,5"
18.09.2019,"-3 597,8","-3 313,1",403,0,0,352,51,"3 580,8",2 632,1426,8062,2274,"2 714,2","2 429,5"
17.09.2019,"-3 555,7","-3 347,5",51,0,0,0,51,"3 579,9",2 632,1418,8061,2273,"2 637,7","2 429,5"
16.09.2019,"-3 500,6","-3 317,8",152,0,0,01,151,"3 560,3",2 632,1224,8059,2273,"2 612,3","2 429,5"
13.09.2019,"-3 477,2",-3 331,82,0,0,01,81,3 567,2 632,1295,8055,2278,"2 575,7","2 429,5"
12.09.2019,"-3 424,3","-3 319,5",154,0,0,04,151,"3 562,9",2 632,1256,8053,2279,"2 534,3","2 429,5"
11.09.2019,"-3 389,7","-3 484,7",111,0,0,01,111,3 724,"2 358,3",1495,"1 216,3",2282,"2 334,5","2 429,5"
10.09.2019,"-3 439,7","-3 500,9",56,0,0,05,51,"3 734,8","2 358,3",1605,"1 216,1",2283,"2 368,3","2 429,5"
09.09.2019,"-3 320,7","-3 497,4",58,0,0,07,51,"3 731,6","2 358,3",1575,"1 215,8",2284,"2 252,8","2 429,5"
06.09.2019,"-3 284,9","-3 525,3",58,0,0,07,51,"3 759,6","2 358,3",1862,"1 215,1",2285,"2 189,1","2 429,5"
05.09.2019,"-3 162,2","-3 506,9",59,0,0,08,51,"3 741,4","2 358,3",1682,"1 214,9",2286,"2 084,8","2 429,5"
04.09.2019,"-3 614,5","-3 965,2",58,0,0,05,52,"4 199,4","2 616,8",3678,"1 214,7",2284,2 012,"2 362,6"
03.09.2019,"-3 324,3","-3 386,1",55,0,0,05,51,"3 617,4",2 215,188,"1 214,4",2258,"2 300,9","2 362,6"
02.09.2019,"-3 093,7",-3 347,64,0,0,09,55,3 579,2 215,1498,"1 214,2",2256,"2 109,3","2 362,6"
30.08.2019,"-3 348,8","-3 327,5",57,0,0,06,51,"3 561,6",2 215,1331,"1 213,5",2284,2 384,"2 362,6"
29.08.2019,"-2 806,6","-3 316,8",58,0,0,07,51,"3 551,5",2 215,1233,"1 213,2",2289,"1 852,4","2 362,6"
28.08.2019,"-2 809,8","-3 420,2",57,0,0,06,51,"3 654,9",2 320,1219,1 213,229,"1 752,2","2 362,6"
27.08.2019,-2 757,-3 408,127,0,0,07,121,"3 649,8",2 320,1171,"1 212,7",2291,"1 711,7","2 362,6"
26.08.2019,"-3 511,6","-3 439,8",6,0,0,09,51,"3 674,5",2 320,142,"1 212,5",2288,"2 434,5","2 362,6"
23.08.2019,"-3 688,2","-3 427,3",6,0,0,1,51,"3 663,5",2 320,1317,"1 211,8",2302,"2 623,5","2 362,6"
22.08.2019,-3 842,"-3 426,6",62,0,0,11,51,"3 662,8",2 320,1312,"1 211,6",2301,"2 778,1","2 362,6"
21.08.2019,"-3 709,8",-3 496,59,0,0,08,51,3 732,2 390,1307,"1 211,3",2301,"2 576,4","2 362,6"
20.08.2019,"-3 521,8","-3 502,5",59,0,0,08,51,"3 738,5",2 390,1374,"1 211,1",2301,"2 381,9","2 362,6"
19.08.2019,"-3 510,8","-3 491,2",61,0,0,1,51,"3 727,3",2 390,1265,"1 210,8",2301,"2 382,3","2 362,6"
16.08.2019,"-3 468,3","-3 491,5",59,0,0,08,51,3 727,2 390,1269,"1 210,1",2296,"2 339,5","2 362,6"
15.08.2019,"-3 596,1","-3 486,2",83,0,0,09,74,"3 724,1",2 390,1242,"1 209,9",2297,"2 472,6","2 362,6"
14.08.2019,"-3 635,4",-3 087,58,0,0,08,51,"3 322,3",1 670,1313,1 521,2295,2 911,"2 362,6"
13.08.2019,"-3 651,4","-3 087,7",55,0,0,04,51,"3 322,8",1 670,1321,"1 520,7",2296,"2 926,3","2 362,6"
12.08.2019,"-3 611,1","-3 083,2",63,0,0,09,54,"3 319,1",1 670,1287,"1 520,4",2296,"2 890,5","2 362,6"
09.08.2019,"-3 405,2","-3 088,9",57,0,0,06,51,"3 324,3",1 670,1348,"1 519,5",2297,"2 678,9","2 362,6"
08.08.2019,"-3 445,5","-3 080,3",58,0,0,07,51,"3 316,4",1 670,1272,"1 519,2",2303,"2 727,8","2 362,6"
07.08.2019,"-3 200,5","-3 876,9",55,0,0,04,51,"4 113,1","2 153,9",4403,"1 518,9",2308,"1 658,4","2 334,8"
06.08.2019,"-3 063,1","-2 920,6",55,0,0,04,51,3 158,"1 299,5",3399,"1 518,6",2319,"2 477,3","2 334,8"
05.08.2019,"-2 998,8","-2 719,5",56,0,0,05,51,"2 957,1","1 299,5",1392,"1 518,3",232,"2 614,1","2 334,8"
02.08.2019,"-2 887,6","-2 770,6",56,0,0,06,51,"3 009,1","1 299,5",1922,"1 517,4",2329,"2 451,8","2 334,8"
01.08.2019,"-2 969,8","-2 703,3",64,0,0,07,57,"2 942,7","1 299,5",126,"1 517,1",2331,"2 601,3","2 334,8"
31.07.2019,"-2 786,5","-2 579,7",56,0,0,05,51,"2 817,2",1 070,2304,"1 516,8",2319,"2 541,6","2 334,8"
30.07.2019,"-2 166,5","-2 554,6",124,0,0,73,51,2 799,1 070,2125,"1 516,5",2319,"1 946,7","2 334,8"
29.07.2019,"-2 364,4","-2 593,2",71,0,0,16,55,"2 832,2",1 070,246,"1 516,2",2319,2 106,"2 334,8"
26.07.2019,-2 259,"-2 703,9",83,0,0,33,51,"2 944,2",1 070,3589,"1 515,3",232,"1 889,9","2 334,8"
25.07.2019,"-3 091,8","-2 606,9",6,0,0,1,51,2 845,1 070,260,1 515,2321,"2 819,7","2 334,8"
24.07.2019,"-3 156,4",-2 923,58,0,0,07,51,3 161,1 350,2963,"1 514,7",2322,"2 568,2","2 334,8"
23.07.2019,"-3 119,6","-2 780,9",61,0,0,1,51,"3 019,4",1 350,155,"1 514,4",2324,"2 673,5","2 334,8"
22.07.2019,"-2 956,2","-2 794,1",64,0,0,13,51,3 033,1 350,1689,"1 514,1",2325,"2 496,9","2 334,8"
19.07.2019,"-2 735,9","-2 784,3",61,0,0,1,51,"3 022,6",1 350,1594,"1 513,2",2322,"2 286,4","2 334,8"
18.07.2019,"-2 723,8","-2 788,5",61,0,0,1,51,"3 026,9",1 350,164,"1 512,9",2323,"2 270,1","2 334,8"
17.07.2019,"-2 663,4","-2 541,5",61,0,0,11,51,2 780,900,1579,"1 722,1",2324,"2 456,7","2 334,8"
16.07.2019,"-2 520,4","-2 559,5",62,0,0,11,51,"2 797,8",900,176,"1 721,8",232,"2 295,7","2 334,8"
15.07.2019,-2 664,"-2 531,1",61,0,0,11,51,"2 770,1",900,1487,"1 721,4",2329,"2 467,7","2 334,8"
12.07.2019,"-2 795,7","-2 516,7",58,0,0,07,51,"2 755,2",900,1348,"1 720,4",2327,"2 613,8","2 334,8"
11.07.2019,"-2 892,4","-2 522,6",57,0,0,06,51,"2 763,6",900,1436,1 720,2353,"2 704,6","2 334,8"
10.07.2019,"-2 549,9","-3 220,6",204,0,0,14,64,"3 476,2","1 537,3",2191,"1 719,7",2352,"1 663,2","2 333,9"
09.07.2019,"-2 603,4","-3 103,7",81,0,0,03,77,"3 346,5","1 377,4",2496,"1 719,4",2347,"1 833,6","2 333,9"
08.07.2019,"-2 466,1","-2 780,7",55,0,0,05,51,3 021,"1 077,4",2246,1 719,2348,"2 019,3","2 333,9"
05.07.2019,"-2 733,5","-2 721,2",56,0,0,05,51,"2 962,2","1 077,4",1668,1 718,2353,"2 346,1","2 333,9"
04.07.2019,"-2 508,1","-2 710,7",54,0,0,03,51,"2 951,5","1 077,4",1565,"1 717,6",2354,"2 131,3","2 333,9"
03.07.2019,"-2 454,3","-2 326,7",62,0,0,11,51,"2 569,5",7044,1477,"1 717,3",2366,"2 461,5","2 333,9"
02.07.2019,"-2 602,3","-2 319,4",6,0,0,09,51,2 562,7044,1407,"1 716,9",2366,"2 616,8","2 333,9"
01.07.2019,"-2 375,4","-2 317,6",112,0,0,5,62,"2 573,9",7044,1528,"1 716,6",245,"2 391,6","2 333,9"
28.06.2019,"-2 415,3","-2 301,3",7,0,0,12,58,"2 553,5",7044,1336,"1 715,5",2452,"2 447,8","2 333,9"
27.06.2019,"-2 428,3","-2 297,4",54,0,0,04,51,"2 548,1",7044,1285,"1 715,2",2452,"2 464,8","2 333,9"
26.06.2019,"-2 276,6","-2 456,8",53,0,0,02,51,"2 707,7",8712,1217,"1 714,8",2455,"2 153,7","2 333,9"
25.06.2019,-2 875,"-2 461,2",53,0,0,02,51,"2 712,1",8712,1264,"1 714,5",2456,"2 747,7","2 333,9"
24.06.2019,"-3 189,2","-2 452,3",55,0,0,04,51,2 703,8712,1178,"1 714,1",2452,"3 070,8","2 333,9"
21.06.2019,"-3 129,4","-2 452,8",52,0,0,01,51,"2 702,7",8712,1185,"1 713,1",2447,"3 010,5","2 333,9"
20.06.2019,"-2 975,8","-2 453,3",58,0,0,03,55,"2 704,5",8712,1207,"1 712,7",2454,"2 856,3","2 333,9"
19.06.2019,"-2 805,7",-2 682,58,0,0,06,51,"2 933,2",1 280,1575,"1 495,7",2454,"2 457,6","2 333,9"
18.06.2019,"-2 638,1","-2 697,8",58,0,0,07,51,"2 948,9",1 280,1735,"1 495,4",2454,"2 274,2","2 333,9"
17.06.2019,"-2 677,8","-2 698,9",59,0,0,08,51,"2 949,8",1 280,1747,"1 495,1",245,"2 312,7","2 333,9"
14.06.2019,"-2 772,4","-2 682,5",54,0,0,04,51,"2 933,1",1 280,1589,"1 494,2",2452,"2 423,8","2 333,9"
13.06.2019,"-2 803,1","-2 624,6",6,0,0,09,51,"2 876,1",1 120,1362,"1 619,9",2454,"2 512,4","2 333,9"
11.06.2019,"-2 599,9","-2 619,1",63,0,0,12,51,"2 870,7",1 120,1315,"1 619,2",2454,"2 314,7","2 333,9"
10.06.2019,-2 585,"-2 623,3",62,0,0,11,51,"2 875,1",1 120,1363,"1 618,8",2456,"2 295,6","2 333,9"
07.06.2019,"-2 439,8","-2 614,5",61,0,0,1,51,"2 866,4",1 120,1286,"1 617,8",2458,"2 159,1","2 333,9"
06.06.2019,"-2 405,9","-2 617,5",73,0,0,2,53,"2 870,5",1 120,133,"1 617,5",2458,"2 122,3","2 333,9"
05.06.2019,"-2 799,4","-2 829,8",66,0,0,15,51,"3 082,6","1 119,7",3458,"1 617,1",2462,"2 293,9","2 324,4"
04.06.2019,"-2 695,8","-2 653,5",95,0,0,44,51,"2 909,2",1 120,1724,"1 616,8",2462,"2 366,7","2 324,4"
03.06.2019,"-2 497,6","-2 605,5",457,0,0,392,65,"2 897,4",1 120,1609,"1 616,5",2463,"2 216,5","2 324,4"
31.05.2019,"-2 387,7","-2 529,8",1102,0,0,1051,51,"2 885,5",1 120,1501,"1 615,4",2455,"2 182,3","2 324,4"
30.05.2019,-2 145,"-2 612,5",169,0,0,118,51,"2 875,3",1 120,1402,"1 615,1",2459,"1 856,8","2 324,4"
29.05.2019,"-1 951,8","-2 644,1",536,0,0,385,151,"2 944,7",1 200,1299,"1 614,8",247,1 632,"2 324,4"
28.05.2019,"-1 965,2","-2 729,3",6,0,0,09,51,"2 982,2",1 200,1678,"1 614,4",247,"1 560,3","2 324,4"
27.05.2019,"-2 904,6","-2 711,4",61,0,0,1,51,"2 964,4",1 200,1503,"1 614,1",247,"2 517,6","2 324,4"
24.05.2019,"-3 019,9","-2 714,9",66,0,0,15,51,"2 969,1",1 200,156,"1 613,1",2476,"2 629,3","2 324,4"
23.05.2019,"-2 976,4","-2 733,8",68,0,0,17,51,"2 987,8",1 200,1751,"1 612,7",2472,2 567,"2 324,4"
22.05.2019,"-3 009,3","-2 416,7",61,0,0,1,51,"2 670,6",998,151,"1 521,6",2478,"2 916,9","2 324,4"
21.05.2019,"-2 782,1","-2 412,4",66,0,0,15,51,"2 667,1",998,1478,"1 521,3",2481,"2 694,1","2 324,4"
20.05.2019,"-2 786,5","-2 413,6",71,0,0,2,51,"2 668,8",998,1498,1 521,2481,"2 697,2","2 324,4"
17.05.2019,"-2 759,5","-2 384,1",28,0,0,229,51,"2 660,2",998,1422,1 520,248,"2 699,7","2 324,4"
16.05.2019,"-2 725,9","-2 410,2",72,0,0,22,51,"2 665,3",998,1476,"1 519,7",2478,"2 640,1","2 324,4"
15.05.2019,"-2 927,9","-2 571,1",506,0,0,455,51,"2 869,9",1 210,1403,"1 519,6",2482,"2 681,1","2 324,4"
14.05.2019,"-2 583,2","-2 524,6",1021,0,0,97,51,"2 876,2",1 210,1469,"1 519,3",2494,"2 382,9","2 324,4"
13.05.2019,"-2 529,8","-2 536,4",995,0,0,944,51,"2 886,3",1 210,1573,1 519,2504,"2 317,8","2 324,4"
08.05.2019,-2 482,"-3 848,1",734,0,0,683,51,"4 171,8",2 290,3644,"1 517,4",2503,9275,"2 293,5"
07.05.2019,"-2 270,8","-2 979,5",58,0,0,07,51,"3 236,5",9429,7765,"1 517,1",2512,"1 584,9","2 293,5"
06.05.2019,"-2 675,7","-2 471,1",9,0,0,07,83,"2 731,4",9429,2717,"1 516,8",2513,"2 498,1","2 293,5"
30.04.2019,"-2 070,5","-2 683,6",133,0,0,08,125,"2 948,2",1 250,1833,"1 514,9",2513,"1 680,4","2 293,5"
29.04.2019,"-2 374,5","-2 681,2",6,0,0,09,51,"2 938,8",1 250,1743,"1 514,5",2516,"1 986,9","2 293,5"
26.04.2019,"-2 359,2","-2 676,4",59,0,0,08,51,2 934,1 250,1704,"1 513,6",2517,"1 976,3","2 293,5"
25.04.2019,"-3 152,7",-2 698,58,0,0,07,51,"2 955,5",1 250,1922,"1 513,3",2517,"2 748,2","2 293,5"
24.04.2019,"-3 411,3","-2 727,6",91,0,0,25,66,"2 988,7","1 326,2",1495,1 513,2521,"2 977,3","2 293,5"
23.04.2019,"-3 329,7","-2 726,6",75,0,0,24,51,"2 986,6","1 326,2",1477,"1 512,6",2524,"2 896,6","2 293,5"
22.04.2019,"-3 215,2",-2 691,251,0,0,201,51,"2 965,5","1 326,2",127,"1 512,3",2494,"2 817,8","2 293,5"
19.04.2019,-3 119,"-2 692,1",75,0,0,24,51,"2 950,9","1 326,2",1133,"1 511,4",2513,"2 720,4","2 293,5"
18.04.2019,-3 133,"-2 693,3",75,0,0,24,51,"2 951,4","1 326,2",1141,1 511,2506,"2 733,3","2 293,5"
17.04.2019,"-3 235,1","-3 092,7",74,0,0,23,51,"3 350,4",1 710,120,"1 520,4",2502,"2 435,9","2 293,5"
16.04.2019,"-3 130,8","-3 068,9",301,0,0,15,151,"3 347,3",1 710,1172,"1 520,1",2484,"2 355,5","2 293,5"
15.04.2019,"-3 241,4","-3 091,4",79,0,0,28,51,"3 347,7",1 710,118,"1 519,7",2484,"2 443,6","2 293,5"
12.04.2019,"-3 239,4","-3 081,6",79,0,0,28,51,"3 337,3",1 710,1085,"1 518,8",2478,"2 451,3","2 293,5"
11.04.2019,"-3 193,1","-3 085,9",79,0,0,26,53,"3 341,5",1 710,113,"1 518,5",2477,"2 400,7","2 293,5"
10.04.2019,"-3 348,7","-3 896,9",15,0,0,27,123,"4 159,6","2 350,7",2907,"1 518,2",2477,"1 730,7","2 278,9"
09.04.2019,"-3 208,5","-3 184,4",81,0,0,3,51,"3 440,1","1 788,7",1337,"1 517,8",2476,2 303,"2 278,9"
08.04.2019,-3 319,"-3 169,8",81,0,0,3,51,"3 425,4","1 788,7",1193,"1 517,5",2476,"2 428,1","2 278,9"
05.04.2019,"-3 162,5","-3 165,8",79,0,0,28,51,"3 421,4","1 788,7",1162,"1 516,6",2477,"2 275,6","2 278,9"
04.04.2019,-3 149,"-3 162,9",82,0,0,28,54,3 419,"1 788,7",1141,"1 516,2",2478,2 265,"2 278,9"
03.04.2019,"-3 277,8","-3 062,3",78,0,0,27,51,"3 320,2",1 680,1243,"1 515,9",2501,"2 494,4","2 278,9"
02.04.2019,"-2 957,8","-3 074,7",107,0,0,26,81,"3 335,4",1 680,1398,"1 515,6",250,2 162,"2 278,9"
01.04.2019,"-2 887,2","-3 037,5",434,0,0,353,81,"3 331,7",1 680,1364,"1 515,3",2508,"2 128,6","2 278,9"
29.03.2019,"-2 791,9",-2 992,777,0,0,727,51,"3 320,4",1 680,1261,"1 514,3",2507,"2 078,8","2 278,9"
28.03.2019,"-2 925,5","-3 078,8",73,0,0,23,51,"3 332,1",1 680,1381,1 514,246,"2 125,6","2 278,9"
27.03.2019,"-2 936,8","-3 349,3",176,0,0,25,151,"3 612,8",1 970,1291,"1 513,7",2458,"1 866,4","2 278,9"
26.03.2019,"-2 868,2","-3 372,3",79,0,0,28,52,3 626,1 970,1426,"1 513,4",2458,"1 774,8","2 278,9"
25.03.2019,"-3 502,3","-3 367,2",96,0,0,45,51,"3 621,6",1 970,1385,"1 513,1",2449,2 414,"2 278,9"
22.03.2019,"-3 567,4","-3 356,8",71,0,0,2,51,"3 609,4",1 970,1273,"1 512,1",2455,"2 489,5","2 278,9"
21.03.2019,"-3 485,7","-3 363,5",7,0,0,2,51,"3 615,7",1 970,1339,"1 511,8",2451,"2 401,1","2 278,9"
20.03.2019,"-3 467,6","-3 194,8",73,0,0,21,53,"3 447,5","1 818,8",1171,"1 511,5",2453,"2 551,7","2 278,9"
19.03.2019,"-3 447,3","-3 190,3",7,0,0,2,51,"3 442,5","1 818,8",1126,"1 511,1",2452,"2 535,9","2 278,9"
18.03.2019,"-3 462,7","-3 182,8",77,0,0,21,56,"3 435,7","1 818,8",1061,"1 510,8",2453,"2 558,8","2 278,9"
15.03.2019,"-3 565,6","-3 180,5",84,0,0,26,58,"3 434,4","1 818,8",1056,"1 509,9",2454,2 664,"2 278,9"
14.03.2019,"-3 607,4","-3 201,2",76,0,0,25,51,"3 454,3","1 818,8",1259,"1 509,6",2456,"2 685,1","2 278,9"
13.03.2019,"-3 623,4","-3 209,9",77,0,0,26,51,"3 463,3","1 827,4",117,"1 518,9",2456,"2 692,4","2 278,9"
12.03.2019,-3 477,"-3 214,7",76,0,0,25,51,"3 467,7","1 827,4",1216,"1 518,6",2454,"2 541,2","2 278,9"
11.03.2019,"-3 280,6","-3 200,8",75,0,0,24,51,"3 454,1","1 827,4",1085,"1 518,2",2458,"2 358,7","2 278,9"
07.03.2019,"-3 374,2","-3 194,8",173,0,0,25,148,3 458,"1 827,4",1136,1 517,2459,"2 458,3","2 278,9"
06.03.2019,"-3 193,8","-3 961,3",1364,0,0,1289,74,"4 343,6","2 671,4",1555,"1 516,7",2459,"1 505,3","2 272,8"
05.03.2019,"-3 127,8","-3 942,5",462,0,0,411,51,"4 234,7","2 581,6",1368,"1 516,3",2461,"1 458,1","2 272,8"
04.03.2019,"-3 112,8","-3 561,4",9,0,0,25,65,"3 816,5","2 111,6",1889,1 516,2461,"1 824,1","2 272,8"
01.03.2019,"-2 969,5","-3 556,9",92,0,0,27,65,"3 812,2","2 128,9",1682,"1 515,1",2461,"1 685,3","2 272,8"
28.02.2019,"-2 887,1","-3 534,5",82,0,0,22,59,"3 789,1","2 128,9",1454,"1 514,7",2464,"1 625,3","2 272,8"
27.02.2019,"-2 915,3","-3 129,5",379,0,0,28,351,"3 413,6","1 765,2",134,"1 514,4",2462,"2 058,6","2 272,8"
26.02.2019,"-2 642,2","-3 138,3",579,0,0,28,551,"3 443,2","1 765,2",1639,"1 514,1",247,"1 776,6","2 272,8"
25.02.2019,"-3 410,8","-3 187,4",82,0,0,28,54,"3 442,2","1 765,2",1632,"1 513,8",2467,"2 496,2","2 272,8"
22.02.2019,"-3 432,7","-3 215,5",92,0,0,33,59,"3 471,3","1 765,2",1933,"1 512,8",2466,2 490,"2 272,8"
21.02.2019,"-3 392,9","-3 172,7",89,0,0,31,59,"3 428,9","1 765,2",1512,"1 512,5",2473,2 493,"2 272,8"
20.02.2019,"-3 350,8","-3 603,1",91,0,0,33,59,"3 859,5",2 212,1369,"1 510,5",2473,"2 020,5","2 272,8"
19.02.2019,"-3 423,4","-3 599,7",89,0,0,3,59,"3 855,9",2 212,1337,"1 510,2",2474,"2 096,5","2 272,8"
18.02.2019,"-3 440,3","-3 587,1",79,0,0,28,51,"3 842,3","2 218,7",1137,"1 509,9",2474,2 126,"2 272,8"
15.02.2019,"-3 458,5","-3 093,9",75,0,0,24,51,"3 348,3","1 718,7",1206,1 509,247,"2 637,4","2 272,8"
14.02.2019,"-3 522,3","-3 103,1",73,0,0,22,51,"3 357,3","1 718,7",130,"1 508,6",247,2 692,"2 272,8"
13.02.2019,"-3 629,8","-2 601,9",73,0,0,22,51,"2 852,5",1 198,1351,"1 519,5",2433,"3 300,7","2 272,8"
12.02.2019,"-3 613,1","-2 598,4",75,0,0,25,51,"2 849,2",1 198,132,"1 519,2",2432,"3 287,4","2 272,8"
11.02.2019,"-3 418,1","-2 607,5",76,0,0,25,51,2 858,1 198,1411,"1 518,9",2429,"3 083,4","2 272,8"
08.02.2019,"-3 250,3","-2 581,2",81,0,0,3,51,"2 832,2",1 198,1163,"1 517,9",243,"2 941,9","2 272,8"
07.02.2019,-3 103,-2 583,8,0,0,3,51,"2 833,6",1 198,1181,"1 517,6",2426,"2 792,8","2 272,8"
06.02.2019,"-2 949,4","-4 234,5",74,0,0,23,51,"4 485,5","2 647,6",3206,"1 517,3",2436,9729,2 258
05.02.2019,"-2 800,5","-4 026,7",192,0,0,22,17,"4 289,6","2 597,7",1749,1 517,2437,"1 031,8",2 258
04.02.2019,"-2 723,9","-3 113,2",75,0,0,24,51,"3 364,4","1 300,2",5476,"1 516,6",2437,"1 868,7",2 258
01.02.2019,"-2 660,7","-2 703,6",107,0,0,56,51,"2 958,1","1 300,2",1422,"1 515,7",2438,"2 215,2",2 258
31.01.2019,"-2 450,2","-2 578,3",1271,0,0,2,1251,"2 948,7","1 300,2",1331,"1 515,4",2433,2 130,2 258
30.01.2019,"-2 447,6","-2 337,2",473,0,0,22,451,"2 627,9",9937,1192,1 515,2433,"2 368,4",2 258
29.01.2019,"-2 191,1","-2 282,7",1069,0,0,18,1051,2 633,9937,1246,"1 514,7",2434,"2 166,4",2 258
28.01.2019,"-2 140,5","-2 387,9",71,0,0,2,51,"2 638,5",9937,1304,"1 514,4",2435,"2 010,6",2 258
25.01.2019,"-2 971,1","-2 404,4",91,0,0,4,51,"2 657,5",9937,1503,"1 513,5",2439,"2 824,7",2 258
24.01.2019,-3 124,"-2 408,3",92,0,0,41,51,"2 661,4",9937,1546,"1 513,1",2439,"2 973,8",2 258
23.01.2019,"-3 092,6",-2 562,116,0,0,41,75,2 817,"1 240,1",1436,"1 433,3",2434,"2 788,6",2 258
22.01.2019,-2 914,"-2 622,5",89,0,0,38,51,"2 875,1","1 240,1",202,1 433,2437,"2 549,5",2 258
21.01.2019,"-2 829,3","-2 597,2",75,0,0,24,51,2 848,"1 240,1",1752,"1 432,7",2433,"2 490,1",2 258
18.01.2019,-2 914,"-2 576,9",74,0,0,23,51,"2 827,8","1 240,1",1558,"1 431,8",2434,"2 595,1",2 258
17.01.2019,"-2 985,1","-2 604,3",76,0,0,25,51,"2 855,6","1 240,1",184,"1 431,5",2437,"2 638,8",2 258
16.01.2019,"-3 186,3","-2 646,2",85,0,0,25,59,"2 898,3","1 290,8",1668,"1 440,7",2437,"2 798,2",2 258
15.01.2019,"-3 068,8","-2 641,6",76,0,0,25,51,"2 882,1","1 290,8",1508,"1 440,4",2329,"2 685,3",2 258
14.01.2019,"-3 146,1","-2 637,8",76,0,0,25,51,"2 897,8","1 290,8",1669,"1 440,1",2524,"2 766,3",2 258
11.01.2019,"-3 093,3","-2 660,7",76,0,0,25,51,"2 921,7","1 290,8",1917,"1 439,2",2534,"2 690,6",2 258
10.01.2019,"-2 836,3","-2 651,8",26,0,0,3,23,"2 933,2","1 290,8",2034,"1 438,9",2554,"2 442,5",2 258
09.01.2019,"-2 904,8",-2 856,1811,0,0,168,132,"3 293,3","1 478,2",4238,"1 391,3",2561,"2 250,9","2 202,2"
01.01.2019,"-2 711,9","-3 015,9",21,0,0,78,132,3 293,"1 478,2",4238,1 391,2561,"1 898,2","2 202,2"
29.12.2018,"-2 579,9","-2 670,8",199,0,0,83,116,"2 943,9","1 228,5",3274,1 388,2532,"2 111,3","2 202,2"
28.12.2018,"-2 469,1","-2 590,3",81,0,0,3,51,"2 849,3","1 228,5",233,"1 387,8",2509,2 081,"2 202,2"
27.12.2018,"-2 616,3","-2 601,8",84,0,0,33,51,"2 859,1","1 228,5",2431,"1 387,5",2489,"2 216,6","2 202,2"
26.12.2018,"-2 426,9","-2 531,7",1773,0,0,1014,76,"2 956,8","1 399,2",2187,"1 338,9",2477,"2 097,4","2 202,2"
25.12.2018,"-2 576,1","-2 511,9",1684,0,0,1024,66,"2 924,3","1 399,2",1864,"1 338,7",2439,"2 266,4","2 202,2"
24.12.2018,"-2 913,8","-2 586,7",487,0,0,3,457,"2 878,7","1 399,2",1411,"1 338,4",2434,"2 529,3","2 202,2"
21.12.2018,"-2 805,3","-2 451,9",2172,0,0,1001,1171,"2 886,3","1 399,2",1496,"1 337,5",2173,"2 555,6","2 202,2"
20.12.2018,"-2 639,5","-2 421,8",2089,0,0,27,2062,"2 873,6","1 399,2",1372,"1 337,2",2429,"2 419,9","2 202,2"
19.12.2018,"-2 635,9","-2 273,4",2196,0,0,34,2162,"2 746,7","1 442,7",1278,"1 176,2",2536,"2 564,7","2 202,2"
18.12.2018,"-2 504,1","-2 264,6",2483,0,0,27,2456,"2 766,2","1 442,7",1477,"1 175,9",2534,"2 441,7","2 202,2"
17.12.2018,"-2 949,5","-2 225,4",2583,0,0,27,2556,"2 737,1","1 442,7",1187,"1 175,7",2534,"2 926,3","2 202,2"
14.12.2018,"-2 907,3","-2 293,9",1876,0,0,2,1856,2 735,"1 442,7",1174,"1 174,9",2534,"2 815,5","2 202,2"
13.12.2018,"-2 993,9",-2 338,1475,0,0,19,1456,"2 738,4","1 442,7",121,"1 174,7",2528,"2 858,1","2 202,2"
12.12.2018,-2 999,-2 841,98,0,0,18,962,"3 193,3",1 330,1541,"1 709,2",2543,"2 360,2","2 202,2"
11.12.2018,"-2 930,1","-2 784,8",1585,0,0,23,1562,"3 203,5",1 330,1646,"1 708,9",2602,"2 347,5","2 202,2"
10.12.2018,"-3 093,6","-2 779,4",1485,0,0,23,1462,"3 188,3",1 330,1498,"1 708,5",2605,"2 516,4","2 202,2"
07.12.2018,"-3 026,9","-2 698,8",2293,0,0,26,2267,"3 188,9",1 330,1514,"1 707,5",2608,"2 530,3","2 202,2"
06.12.2018,"-3 005,9","-2 681,6",2494,0,0,27,2467,"3 191,9",1 330,1548,"1 707,1",2609,"2 526,5","2 202,2"
05.12.2018,"-2 703,1","-3 254,8",3127,0,0,619,2508,"3 828,5",1 987,2028,"1 638,7",261,"1 648,8","2 200,5"
04.12.2018,"-2 796,2","-3 318,8",2736,0,0,69,2667,"3 853,4","2 078,8",1362,"1 638,4",261,"1 677,9","2 200,5"
03.12.2018,"-2 541,8","-2 721,7",3546,0,0,173,3373,"3 337,3","1 547,8",1514,"1 638,1",2609,"2 020,6","2 200,5"
30.11.2018,"-2 422,7","-2 451,6",4176,0,0,97,408,"3 137,6","1 358,9",1416,"1 637,1",2684,"2 171,6","2 200,5"
29.11.2018,"-2 506,8","-2 492,9",3775,0,0,92,3683,3 139,"1 358,9",1434,"1 636,7",2686,"2 214,4","2 200,5"
28.11.2018,"-2 455,6","-2 698,6",3959,0,0,82,3878,"3 362,7",1 636,1365,"1 590,2",2682,"1 957,5","2 200,5"
27.11.2018,"-2 164,1","-2 700,5",3903,0,0,31,3873,"3 359,8",1 636,1339,"1 589,9",269,"1 664,1","2 200,5"
26.11.2018,"-2 977,8","-2 889,5",1995,0,0,29,1967,"3 357,7",1 636,1322,"1 589,5",2687,"2 288,8","2 200,5"
23.11.2018,"-3 123,2","-3 072,2",797,0,0,29,768,"3 421,2",1 636,1966,"1 588,6",2693,"2 251,5","2 200,5"
22.11.2018,-3 162,"-3 145,7",693,0,0,26,667,"3 484,4",1 636,2601,"1 588,3",2694,"2 216,8","2 200,5"
21.11.2018,"-3 118,2","-3 019,5",1594,0,0,28,1567,"3 448,7","2 085,3",1334,1 230,2698,"2 299,2","2 200,5"
20.11.2018,"-3 013,9","-2 968,8",2395,0,0,28,2367,"3 478,3","2 085,3",1633,"1 229,7",270,"2 245,6","2 200,5"
19.11.2018,-3 014,"-2 621,3",1707,0,0,4,1667,"3 061,9","1 692,3",1401,"1 229,5",270,"2 593,2","2 200,5"
16.11.2018,"-3 003,8","-2 670,2",1221,0,0,45,1176,"3 062,3","1 692,3",1413,"1 228,7",270,"2 534,1","2 200,5"
15.11.2018,"-3 084,9","-2 577,8",2316,0,0,49,2267,"3 079,2","1 692,3",1584,"1 228,5",2698,"2 707,6","2 200,5"
14.11.2018,"-3 187,9","-2 790,3",2298,0,0,31,2267,"3 294,5","1 602,8",1439,"1 547,8",2744,"2 598,1","2 200,5"
13.11.2018,"-3 161,4",-2 860,1592,0,0,25,1567,"3 294,1","1 602,8",1438,"1 547,5",2749,"2 501,9","2 200,5"
12.11.2018,"-3 072,5","-2 810,9",2088,0,0,2,2068,"3 294,6","1 602,8",1446,"1 547,2",2749,"2 462,1","2 200,5"
09.11.2018,-3 145,"-2 856,3",1489,0,0,09,148,"3 279,8","1 602,8",1307,"1 546,3",2746,"2 489,2","2 200,5"
08.11.2018,"-3 010,9","-2 815,8",1876,0,0,09,1867,"3 278,3","1 602,8",1295,1 546,2749,"2 395,6","2 200,5"
07.11.2018,"-2 836,5","-3 475,3",4172,0,0,105,4067,"4 167,3","2 321,2",3919,"1 454,2",2748,"1 571,2","2 210,1"
06.11.2018,"-2 775,5","-3 609,4",3584,0,0,17,3567,"4 242,9",2 580,209,"1 453,9",2751,"1 376,2","2 210,1"
02.11.2018,"-2 763,3","-3 004,8",3279,0,0,13,3267,"3 608,1",1 950,2054,"1 452,7",2753,"1 968,5","2 210,1"
01.11.2018,"-2 744,5","-2 877,1",4287,0,0,11,4276,"3 581,3",1 950,1788,"1 452,5",2755,"2 077,5","2 210,1"
31.10.2018,"-2 546,7","-2 479,7",5249,0,0,11,5239,3 280,1 660,2102,"1 409,8",2754,"2 277,1","2 210,1"
30.10.2018,"-2 383,8","-2 425,9",5698,0,0,11,5687,"3 271,9",1 660,2024,"1 409,5",2762,2 168,"2 210,1"
29.10.2018,"-2 532,4","-2 430,5",5901,0,0,19,5882,"3 296,7",1 660,2274,"1 409,3",2761,"2 311,9","2 210,1"
26.10.2018,"-2 433,6","-2 482,1",4792,0,0,13,4779,3 237,1 660,1686,"1 408,4",2757,"2 161,6","2 210,1"
25.10.2018,"-3 352,6","-2 673,8",3284,0,0,13,3271,"3 278,2",1 660,2101,"1 408,1",276,"2 888,9","2 210,1"
24.10.2018,"-3 370,3","-2 913,6",2286,0,0,1,2276,"3 418,3",1 893,1569,"1 368,4",2761,"2 666,7","2 210,1"
23.10.2018,"-3 347,3","-2 935,1",1871,0,0,1,1861,"3 402,6",1 893,1415,"1 368,1",2803,"2 622,2","2 210,1"
22.10.2018,"-3 300,8",-2 814,3066,0,0,1,3056,"3 402,5",1 893,1417,"1 367,8",2818,"2 696,9","2 210,1"
19.10.2018,"-3 137,6","-2 789,3",3067,0,0,1,3056,"3 379,8",1 893,1198,1 367,2838,"2 558,3","2 210,1"
18.10.2018,"-3 221,8","-2 808,8",3069,0,0,12,3056,"3 399,3",1 893,1396,"1 366,7",2837,"2 623,1","2 210,1"
17.10.2018,-3 166,"-2 879,8",4066,0,0,1,4056,"3 569,9",1 630,1572,"1 782,7",2835,"2 496,3","2 210,1"
16.10.2018,"-3 112,8","-2 826,7",4466,0,0,1,4456,"3 550,9",1 630,1386,"1 782,3",2776,"2 496,2","2 210,1"
15.10.2018,"-3 289,5","-2 928,8",3366,0,0,1,3356,3 548,1 630,136,1 782,2825,"2 570,7","2 210,1"
12.10.2018,-3 258,"-3 006,7",2667,0,0,11,2656,"3 556,9",1 630,146,"1 780,9",2835,"2 461,3","2 210,1"
11.10.2018,-3 282,"-2 975,2",3071,0,0,1,3061,"3 573,2",1 630,1627,"1 780,5",2909,"2 516,9","2 210,1"
10.10.2018,"-3 110,9","-4 307,9",2917,0,0,06,2911,"4 889,9","2 702,8",5146,"1 672,5",2902,9708,"2 167,8"
09.10.2018,"-3 154,2","-3 643,6",279,0,0,178,2611,"4 213,6","2 072,9",4685,"1 672,2",2911,"1 678,5","2 167,8"
08.10.2018,"-3 035,5","-3 441,1",1479,0,0,179,130,"3 880,1","2 072,9",1354,"1 671,8",2911,"1 762,2","2 167,8"
05.10.2018,"-2 969,1","-3 504,9",866,0,0,05,861,3 883,"2 072,9",1393,"1 670,8",2915,1 632,"2 167,8"
04.10.2018,"-2 923,8","-3 480,2",1188,0,0,27,1161,"3 890,7","2 072,9",1473,"1 670,5",2917,"1 611,4","2 167,8"
03.10.2018,"-2 939,8","-2 920,4",2188,0,0,26,2161,"3 430,9","1 761,8",1664,"1 502,7",2918,"2 187,3","2 167,8"
02.10.2018,"-2 848,9","-3 010,8",2385,0,0,24,2361,"3 543,1","1 761,8",2789,"1 502,4",2937,"2 005,9","2 167,8"
01.10.2018,"-2 992,6",-3 081,3881,0,0,10,3782,"3 762,9","1 761,8",499,"1 502,1",2938,"2 079,5","2 167,8"
28.09.2018,-2 719,"-2 758,7",4022,0,0,44,3978,"3 453,2","1 761,8",1902,"1 501,2",2923,"2 128,1","2 167,8"
27.09.2018,"-2 741,2","-2 700,6",4481,0,0,53,4428,"3 440,9","1 761,8",1782,"1 500,9",2922,"2 208,5","2 167,8"
26.09.2018,-2 659,"-2 811,8",4124,0,0,48,4075,"3 515,6","2 189,7",1423,"1 183,6",2915,"2 015,1","2 167,8"
25.09.2018,"-3 458,7",-3 084,2128,0,0,49,2079,"3 588,9","2 189,7",2158,"1 183,4",2921,"2 542,5","2 167,8"
24.09.2018,-3 541,"-3 249,3",2121,0,0,47,2074,"3 753,6","2 428,2",1423,"1 183,1",2921,"2 459,5","2 167,8"
21.09.2018,"-3 414,9","-3 137,8",3574,0,0,5,3524,"3 787,2","2 428,2",1766,"1 182,4",292,"2 444,9","2 167,8"
20.09.2018,"-3 389,9","-2 970,9",3538,0,0,64,3474,"3 616,8","2 189,7",2449,"1 182,2",2921,"2 586,9","2 167,8"
19.09.2018,"-3 361,9","-2 993,6",3634,0,0,58,3575,"3 650,2","2 352,6",1831,"1 114,5",2932,"2 536,2","2 167,8"
18.09.2018,"-3 367,5","-2 989,3",3938,0,0,57,3881,"3 676,3","2 352,6",2094,"1 114,3",2932,"2 546,1","2 167,8"
17.09.2018,"-3 394,3","-2 986,8",4287,0,0,58,423,"3 708,8","2 418,1",1766,"1 114,1",2932,"2 575,3","2 167,8"
14.09.2018,"-3 385,9","-2 953,5",477,0,0,61,471,3 724,"2 418,1",1925,"1 113,4",2934,"2 600,2","2 167,8"
13.09.2018,"-3 411,8","-2 842,4",4169,0,0,59,411,"3 552,6","2 192,2",2472,"1 113,2",2933,"2 737,3","2 167,8"
12.09.2018,"-3 410,3","-3 139,2",4339,0,0,59,428,"3 866,4","2 139,2",2618,"1 465,4",2933,2 439,"2 167,8"
11.09.2018,"-3 376,4",-3 099,4643,0,0,163,448,"3 856,8","2 139,2",2525,"1 465,1",2935,"2 445,2","2 167,8"
10.09.2018,"-3 319,8","-3 068,5",5177,0,0,263,4914,3 835,"2 139,2",231,"1 464,8",2489,"2 419,2","2 167,8"
07.09.2018,"-3 313,2","-3 048,6",5831,0,0,346,5485,"3 834,8","2 139,2",2317,"1 463,9",2031,"2 432,4","2 167,8"
06.09.2018,"-3 602,9","-3 143,9",5117,0,0,32,5085,"3 840,4","2 139,2",2376,"1 463,6",1848,"2 626,8","2 167,8"
05.09.2018,"-3 706,4","-4 161,1",159,0,0,29,13,"4 290,2",2 460,4134,"1 416,8",1132,"1 570,5","2 025,2"
04.09.2018,"-3 649,7","-3 672,8",819,0,0,33,786,"4 048,8","2 422,2",2101,"1 416,5",2941,"2 002,1","2 025,2"
03.09.2018,"-3 293,4","-3 423,9",272,0,0,33,24,"3 744,2","2 066,2",2618,"1 416,2",293,"1 894,7","2 025,2"
31.08.2018,"-3 614,4","-3 314,9",1175,0,0,33,1142,"3 720,2","2 066,2",2386,"1 415,4",2878,"2 324,7","2 025,2"
30.08.2018,"-3 301,2","-3 303,6",1188,0,0,33,1155,"3 710,7","2 066,2",2294,"1 415,1",2883,"2 022,8","2 025,2"
29.08.2018,"-3 210,7","-3 628,4",162,0,0,29,1591,"4 079,2","2 515,1",191,"1 373,1",2888,"1 607,5","2 025,2"
28.08.2018,"-3 103,2","-3 594,3",1886,0,0,89,1796,"4 071,5","2 515,1",1836,"1 372,8",2886,"1 534,1","2 025,2"
27.08.2018,"-3 707,8","-3 771,8",322,0,0,36,287,"4 100,2","2 515,1",2125,"1 372,6",2962,"1 961,3","2 025,2"
24.08.2018,"-4 061,6","-3 854,9",119,0,0,41,78,"4 161,9","2 515,1",275,"1 371,8",2951,"2 231,9","2 025,2"
23.08.2018,"-4 133,1","-3 837,5",105,0,0,27,78,4 143,"2 515,1",2564,"1 371,5",295,"2 320,8","2 025,2"
22.08.2018,"-4 096,6","-3 595,4",115,0,0,38,78,"3 901,7","2 510,6",2684,"1 122,7",2947,"2 526,4","2 025,2"
21.08.2018,"-4 019,2","-3 606,3",108,0,0,37,71,"3 911,8","2 510,6",2787,"1 122,5",2947,"2 438,2","2 025,2"
20.08.2018,"-3 918,1",-3 543,109,0,0,38,71,"3 848,5","2 510,6",2156,"1 122,3",2946,"2 400,4","2 025,2"
17.08.2018,"-3 850,9","-3 536,9",121,0,0,5,71,"3 846,1","2 510,6",2139,"1 121,6",2971,"2 339,3","2 025,2"
16.08.2018,"-3 885,7","-3 516,3",125,0,0,55,71,3 826,"2 510,6",194,"1 121,4",2971,"2 394,6","2 025,2"
15.08.2018,"-3 979,8",-3 934,123,0,0,57,66,"4 243,4","2 502,1",1653,1 576,2971,2 071,"2 025,2"
14.08.2018,"-4 055,7","-3 951,2",122,0,0,57,66,"4 261,1","2 502,1",1834,"1 575,6",2976,"2 129,7","2 025,2"
13.08.2018,"-4 045,3","-3 942,9",125,0,0,59,66,"4 253,3","2 502,1",1759,"1 575,3",298,"2 127,6","2 025,2"
10.08.2018,"-4 022,5","-3 940,7",119,0,0,53,66,"4 250,5","2 502,1",174,"1 574,4",298,"2 107,1","2 025,2"
09.08.2018,"-3 974,7","-3 963,4",104,0,0,38,67,"4 271,8","2 502,1",1956,"1 574,1",298,"2 036,6","2 025,2"
08.08.2018,"-3 916,2","-4 486,4",446,0,0,3,416,"4 829,7","2 931,1",4277,"1 470,9",2986,"1 453,5","2 023,8"
07.08.2018,-3 772,"-4 384,8",493,0,0,27,466,"4 732,6","2 855,1",4069,"1 470,6",2985,1 411,"2 023,8"
06.08.2018,-3 720,"-3 478,3",582,0,0,16,566,"3 834,4","2 072,6",2915,"1 470,3",298,"2 265,5","2 023,8"
03.08.2018,"-3 435,3","-3 344,4",895,0,0,26,869,3 735,"2 072,6",193,"1 469,4",3012,"2 114,7","2 023,8"
02.08.2018,"-3 502,4","-2 925,2",1602,0,0,32,157,"3 391,3","1 733,4",1888,"1 469,1",3059,2 601,"2 023,8"
01.08.2018,"-3 306,7","-3 444,4",213,0,0,43,2087,"3 962,8",2 290,2167,"1 456,1",3054,"1 886,1","2 023,8"
31.07.2018,"-3 389,9","-3 524,1",1436,0,0,127,1309,3 973,2 290,2272,"1 455,8",3053,"1 889,6","2 023,8"
30.07.2018,"-3 183,9",-3 478,1334,0,0,389,945,"3 915,4",2 290,1699,"1 455,5",304,"1 729,7","2 023,8"
27.07.2018,"-3 089,5","-3 608,9",116,0,0,33,82,"3 925,2",2 290,1805,"1 454,7",3047,"1 504,4","2 023,8"
26.07.2018,"-3 060,4","-3 512,9",2679,0,0,1507,1173,4 085,2 290,3406,"1 454,4",3041,"1 571,2","2 023,8"
25.07.2018,"-3 962,8","-3 714,5",89,0,0,35,54,"3 998,6","2 377,4",2381,"1 383,1",2753,"2 272,1","2 023,8"
24.07.2018,"-4 078,7","-3 671,8",89,0,0,35,54,"3 978,7","2 377,4",2184,"1 382,9",298,"2 430,7","2 023,8"
23.07.2018,"-4 040,8","-3 632,8",98,0,0,44,54,"3 945,6","2 377,4",1857,"1 382,6",3031,"2 431,8","2 023,8"
20.07.2018,"-4 018,3","-3 612,5",93,0,0,39,54,"3 925,7","2 377,4",1665,"1 381,8",3039,"2 429,6","2 023,8"
19.07.2018,"-4 139,4","-3 595,3",42,0,0,364,55,"3 941,6","2 377,4",1827,"1 381,5",3043,"2 567,8","2 023,8"
18.07.2018,-4 298,"-4 128,2",88,0,0,34,54,4 442,"2 869,6",1956,"1 376,8",305,"2 193,6","2 023,8"
17.07.2018,"-4 298,5","-4 095,9",456,0,0,402,54,"4 446,4","2 869,6",2002,"1 376,6",3049,"2 226,4","2 023,8"
16.07.2018,"-4 307,4","-4 115,6",93,0,0,39,54,"4 418,4","2 869,6",1725,"1 376,3",2935,"2 215,6","2 023,8"
13.07.2018,"-4 333,3","-4 119,4",95,0,0,38,57,"4 436,4","2 869,6",1913,"1 375,5",3075,"2 237,7","2 023,8"
12.07.2018,"-4 356,7","-4 135,8",10,0,0,39,61,"4 453,4","2 869,6",2086,"1 375,2",3076,"2 244,7","2 023,8"
11.07.2018,"-4 002,9","-4 936,7",138,0,0,36,102,"5 258,8","3 625,6",3815,"1 251,7",3083,"1 082,4","2 016,1"
10.07.2018,"-4 095,1",-4 722,73,0,0,19,54,"5 037,7","3 522,7",2636,"1 251,4",3083,"1 389,2","2 016,1"
09.07.2018,"-3 993,3","-4 273,7",86,0,0,21,65,"4 589,6","3 153,9",1845,"1 251,2",3073,"1 735,7","2 016,1"
06.07.2018,"-3 905,8","-4 229,3",13,0,0,2,11,"4 546,3","3 081,2",2147,"1 250,4",304,"1 692,6","2 016,1"
05.07.2018,"-3 856,7","-4 212,8",141,0,0,22,119,"4 533,9","3 081,2",2025,"1 250,2",307,1 660,"2 016,1"
04.07.2018,"-3 820,1","-3 478,3",77,0,0,22,55,"3 792,1","2 389,1",2796,"1 123,4",3061,"2 357,9","2 016,1"
03.07.2018,"-3 815,4","-3 441,2",116,0,0,22,94,"3 758,9","2 389,1",2466,"1 123,2",3061,"2 390,3","2 016,1"
02.07.2018,"-3 851,5",-3 522,223,0,0,24,20,"3 841,2","2 389,1",3291,1 123,2969,"2 345,6","2 016,1"
29.06.2018,"-3 866,5","-3 408,3",77,0,0,23,54,"3 726,2","2 389,1",2148,"1 122,3",3102,"2 474,3","2 016,1"
28.06.2018,"-3 815,1","-3 369,6",76,0,0,22,54,"3 686,9","2 389,1",1757,"1 122,1",3097,"2 461,7","2 016,1"
27.06.2018,"-3 733,9","-3 865,2",76,0,0,22,54,"4 181,9","2 870,9",1965,"1 114,5",309,"1 884,8","2 016,1"
26.06.2018,"-3 596,6","-3 838,2",216,0,0,34,183,"4 169,1","2 870,9",1839,"1 114,3",3093,"1 774,6","2 016,1"
25.06.2018,"-4 375,2","-3 854,4",93,0,0,37,56,"4 172,7","2 870,9",1877,"1 114,1",309,"2 536,9","2 016,1"
22.06.2018,"-4 176,7","-3 856,5",93,0,0,39,54,"4 175,1","2 870,9",1908,"1 113,4",3093,"2 336,3","2 016,1"
21.06.2018,"-4 138,5","-3 898,4",104,0,0,5,54,"4 202,1","2 870,9",218,"1 113,2",2933,"2 256,2","2 016,1"
20.06.2018,"-3 980,7","-3 953,5",93,0,0,39,54,"4 272,1","3 067,2",1789,1 026,3094,"2 043,4","2 016,1"
19.06.2018,"-3 921,8","-3 980,5",82,0,0,28,54,"4 290,3","3 067,2",1973,"1 025,8",3016,"1 957,4","2 016,1"
18.06.2018,"-3 920,6","-3 886,3",81,0,0,27,54,"4 203,5",3 031,1469,"1 025,6",3091,"2 050,5","2 016,1"
15.06.2018,"-4 000,5","-3 884,3",86,0,0,32,54,"4 203,3",3 031,1473,1 025,3104,"2 132,4","2 016,1"
14.06.2018,"-4 099,7","-3 885,6",78,0,0,24,54,"4 203,9",3 031,1481,"1 024,8",3105,"2 230,2","2 016,1"
13.06.2018,"-4 154,8","-3 910,2",11,0,0,56,54,"4 231,9","2 626,7",1798,"1 425,4",3106,"2 260,7","2 016,1"
09.06.2018,"-4 087,5","-3 937,2",103,0,0,49,54,"4 258,3","2 626,7",2073,"1 424,2",3107,"2 166,4","2 016,1"
08.06.2018,"-4 063,3","-3 886,5",10,0,0,46,54,"4 207,2","2 626,7",1565,1 424,3107,"2 192,9","2 016,1"
07.06.2018,"-4 028,2","-3 904,8",113,0,0,56,57,4 215,"2 626,7",1646,"1 423,7",2989,"2 139,6","2 016,1"
06.06.2018,"-4 013,3",-4 528,276,0,0,43,234,4 867,"3 359,1",2899,1 218,3113,"1 477,7","1 992,4"
05.06.2018,"-3 920,4","-4 268,1",96,0,0,42,55,"4 589,3",3 161,2105,"1 217,8",3116,"1 644,7","1 992,4"
04.06.2018,"-4 002,5","-3 657,5",97,0,0,43,54,"3 978,9","2 608,2",1532,"1 217,5",3117,"2 337,4","1 992,4"
01.06.2018,"-3 754,9","-3 644,7",131,0,0,51,8,"3 969,8","2 608,2",1448,"1 216,8",312,"2 102,6","1 992,4"
31.05.2018,"-3 690,2","-3 607,5",387,0,0,211,176,"3 957,6","2 608,2",1328,"1 216,6",3114,"2 075,1","1 992,4"
30.05.2018,"-3 647,1","-3 620,8",95,0,0,45,51,3 942,"2 649,3",1525,"1 140,2",3117,"2 018,7","1 992,4"
29.05.2018,"-3 506,6","-3 654,3",96,0,0,45,51,"3 976,8","2 649,3",1875,1 140,3129,"1 844,7","1 992,4"
28.05.2018,"-3 708,9","-3 626,1",96,0,0,46,51,"3 946,7","2 649,3",1576,"1 139,8",3109,"2 075,2","1 992,4"
25.05.2018,"-4 368,5","-4 145,8",12,0,0,49,71,"4 467,9","3 155,6",1732,"1 139,1",3101,"2 215,1","1 992,4"
24.05.2018,"-4 460,1","-4 173,4",102,0,0,51,51,"4 493,5","3 155,6",199,"1 138,9",3099,"2 279,1","1 992,4"
23.05.2018,"-4 363,8","-4 152,5",107,0,0,55,52,"4 471,8",3 220,1426,"1 109,2",3086,"2 203,7","1 992,4"
22.05.2018,-4 279,"-4 146,3",129,0,0,58,71,"4 467,9",3 220,1389,1 109,3087,"2 125,1","1 992,4"
21.05.2018,"-4 217,4","-4 148,3",128,0,0,57,71,"4 469,8",3 220,141,"1 108,8",3087,"2 061,5","1 992,4"
18.05.2018,"-4 123,5","-4 133,9",118,0,0,57,61,"4 454,4",3 220,1263,"1 108,1",3087,1 982,"1 992,4"
17.05.2018,"-4 148,9","-4 111,3",579,0,0,518,61,4 478,3 220,1501,"1 107,9",3089,2 030,"1 992,4"
16.05.2018,"-4 021,1","-4 047,7",123,0,0,63,61,"4 367,7","3 149,6",1435,"1 074,6",3076,"1 965,8","1 992,4"
15.05.2018,"-4 014,3","-4 057,1",123,0,0,63,61,"4 376,7","3 149,6",1528,"1 074,3",3072,"1 949,5","1 992,4"
14.05.2018,"-4 056,7","-3 728,9",117,0,0,63,54,"4 048,2","2 799,6",1745,"1 074,1",3076,"2 320,2","1 992,4"
11.05.2018,-4 025,"-3 721,5",172,0,0,59,113,4 049,"2 799,6",176,"1 073,5",3104,"2 295,9","1 992,4"
10.05.2018,"-3 956,8","-4 545,2",109,0,0,58,51,"4 814,1","3 287,6",4712,"1 055,3",258,1 404,"1 992,4"
08.05.2018,"-3 776,4","-4 206,9",112,0,0,54,58,"4 529,8","3 287,6",1873,"1 054,9",3117,"1 505,8","1 936,3"
07.05.2018,"-3 763,7","-3 489,6",125,0,0,57,68,"3 813,7","2 574,9",1841,"1 054,7",3116,"2 210,4","1 936,3"
04.05.2018,"-3 652,7","-3 477,1",161,0,0,79,82,"3 807,5","2 574,9",1785,1 054,3143,"2 111,9","1 936,3"
03.05.2018,"-3 407,6","-3 481,3",161,0,0,84,77,"3 811,6","2 499,8",2581,"1 053,8",3142,"1 862,6","1 936,3"
28.04.2018,"-3 270,1","-3 401,4",157,0,0,71,85,"3 731,3","2 499,8",1787,"1 052,8",3143,1 805,"1 936,3"
27.04.2018,"-3 324,5","-3 384,8",148,0,0,71,77,"3 713,5","2 499,8",1611,"1 052,6",3138,1 876,"1 936,3"
26.04.2018,"-3 223,7","-3 387,6",126,0,0,58,67,"3 712,8","2 499,8",1606,"1 052,4",3126,"1 772,4","1 936,3"
25.04.2018,"-3 896,1","-3 749,8",122,0,0,52,69,"4 074,2","2 872,3",1766,"1 025,3",3122,"2 082,6","1 936,3"
24.04.2018,"-3 992,9","-3 732,6",124,0,0,56,68,"4 057,9","2 872,3",1605,"1 025,1",3128,"2 196,6","1 936,3"
23.04.2018,"-4 140,6","-3 706,2",202,0,0,56,145,"4 038,5","2 872,3",1413,"1 024,9",3121,"2 370,7","1 936,3"
20.04.2018,"-4 004,2","-3 647,6",116,0,0,56,6,"3 971,5","2 815,9",1313,"1 024,3",3124,"2 292,9","1 936,3"
19.04.2018,"-3 936,9","-3 640,3",132,0,0,63,69,"3 966,7","2 815,9",1267,"1 024,1",3132,"2 232,9","1 936,3"
18.04.2018,"-3 837,5","-3 705,8",134,0,0,74,6,"4 032,8","2 664,9",1534,"1 214,5",3136,2 068,"1 936,3"
17.04.2018,"-3 735,4","-3 691,9",141,0,0,81,6,"4 022,4","2 664,9",1433,"1 214,2",3164,"1 979,8","1 936,3"
16.04.2018,"-3 898,1","-3 700,1",138,0,0,8,58,"4 032,2","2 664,9",1533,1 214,3183,"2 134,3","1 936,3"
13.04.2018,"-3 973,5","-3 709,3",129,0,0,78,51,"4 040,9","2 664,9",1627,"1 213,3",3187,"2 200,5","1 936,3"
12.04.2018,"-3 923,6","-3 694,4",124,0,0,73,51,"4 025,6","2 664,9",1476,"1 213,1",3188,"2 165,5","1 936,3"
11.04.2018,"-3 919,9","-3 987,4",504,0,0,72,432,"4 351,3","3 012,5",126,"1 212,8",3135,1 862,"1 929,5"
10.04.2018,"-3 868,2","-4 038,9",111,0,0,6,51,"4 367,9",3 017,1383,"1 212,6",3179,"1 758,8","1 929,5"
09.04.2018,"-3 832,6","-3 838,9",123,0,0,61,61,4 169,2 817,1397,"1 212,3",3178,"1 923,2","1 929,5"
06.04.2018,"-3 665,6","-3 836,3",197,0,0,62,135,"4 174,1",2 817,1455,"1 211,6",3181,"1 758,8","1 929,5"
05.04.2018,"-3 595,8","-3 564,8",112,0,0,61,51,"3 894,8",2 517,1664,"1 211,4",3188,"1 960,6","1 929,5"
04.04.2018,"-3 747,8","-3 489,3",109,0,0,58,51,"3 819,1","2 520,6",159,"1 139,5",3189,2 188,"1 929,5"
03.04.2018,"-3 740,1","-3 488,2",111,0,0,6,51,3 819,"2 520,6",1591,"1 139,3",3197,"2 181,4","1 929,5"
02.04.2018,"-3 461,1","-3 566,9",374,0,0,65,309,"3 924,3","2 520,6",2646,"1 139,1",320,"1 823,7","1 929,5"
30.03.2018,"-3 148,1","-2 941,4",15,0,0,62,88,"3 276,5","1 970,6",1675,"1 138,4",320,"2 136,2","1 929,5"
29.03.2018,-2 979,"-2 956,3",106,0,0,55,51,"3 287,3","1 970,6",1785,"1 138,2",3204,"1 952,2","1 929,5"
28.03.2018,"-3 378,3","-3 528,9",106,0,0,55,51,"3 859,6","2 599,6",1341,"1 125,9",3201,"1 778,9","1 929,5"
27.03.2018,"-3 310,8","-3 586,7",106,0,0,55,51,"3 917,3","2 599,6",192,"1 125,7",320,"1 653,6","1 929,5"
26.03.2018,"-3 868,6","-3 551,6",113,0,0,62,51,"3 882,9","2 599,6",1578,"1 125,5",320,"2 246,5","1 929,5"
23.03.2018,"-3 946,9",-4 099,104,0,0,53,51,"4 429,5","3 182,4",1223,"1 124,8",3201,"1 777,4","1 929,5"
22.03.2018,"-4 139,8","-4 113,8",106,0,0,55,51,"4 444,5","3 182,4",1375,"1 124,6",3201,"1 955,5","1 929,5"
21.03.2018,"-4 098,7","-4 024,1",102,0,0,51,51,"4 354,4","3 497,8",160,6966,3201,"2 004,1","1 929,5"
20.03.2018,"-4 019,9","-4 015,9",107,0,0,56,52,"4 346,6","3 497,8",1524,6964,320,"1 933,5","1 929,5"
19.03.2018,"-4 008,8","-4 009,4",105,0,0,53,52,4 345,"3 497,8",1509,6963,3251,"1 928,9","1 929,5"
16.03.2018,"-3 930,1","-3 356,8",102,0,0,51,51,"3 691,8","2 861,3",1346,6959,3248,"2 502,8","1 929,5"
15.03.2018,"-3 472,6","-3 359,9",101,0,0,48,53,"3 694,3","2 861,3",1373,6957,3243,"2 042,2","1 929,5"
14.03.2018,"-3 525,4","-3 538,6",99,0,0,48,51,"3 872,9",2 998,1098,7651,3244,"1 916,3","1 929,5"
13.03.2018,"-3 487,1","-3 321,8",366,0,0,315,51,"3 682,5","2 801,8",1158,7649,3241,"2 094,8","1 929,5"
12.03.2018,"-3 269,2","-2 868,5",86,0,0,35,51,"3 201,2",2 290,1469,7643,3241,"2 330,2","1 929,5"
07.03.2018,"-3 140,7",-3 529,95,0,0,3,65,"3 857,7","2 915,4",2345,7078,3191,"1 520,1","1 908,5"
06.03.2018,"-3 132,8","-3 288,3",77,0,0,26,51,"3 620,1","2 578,8",3336,7077,3241,1 753,"1 908,5"
05.03.2018,"-3 040,5","-2 794,5",854,0,0,752,102,"3 206,5","2 358,8",1402,7075,3266,"2 154,4","1 908,5"
02.03.2018,"-2 897,2","-2 789,3",74,0,0,23,51,"3 123,2","2 279,1",137,7071,3265,"2 016,4","1 908,5"
01.03.2018,"-2 723,5","-2 818,8",76,0,0,25,51,"3 152,9","2 279,1",1668,707,3265,"1 813,2","1 908,5"
28.02.2018,"-3 041,5",-2 685,118,0,0,25,93,"3 023,7","2 181,3",1714,671,327,2 265,"1 908,5"
27.02.2018,"-2 817,3","-2 612,1",826,0,0,25,802,"3 021,6","2 181,3",1694,6709,3269,"2 113,7","1 908,5"
26.02.2018,-3 461,"-2 857,8",91,0,0,4,51,"3 192,7","2 373,5",1484,6708,3258,"2 511,6","1 908,5"
22.02.2018,"-3 403,5","-2 834,7",327,0,0,27,301,"3 193,3","2 373,5",1496,6702,3258,"2 477,3","1 908,5"
21.02.2018,"-3 440,4","-3 544,2",71,0,0,21,51,"3 878,5","3 054,4",1674,6567,3272,"1 804,7","1 908,5"
20.02.2018,"-3 336,5","-3 556,1",59,0,0,08,51,"3 889,2","3 054,4",1782,6566,3272,"1 688,9","1 908,5"
19.02.2018,"-3 248,3","-3 546,3",59,0,0,08,51,3 879,"3 054,4",1681,6565,3268,"1 610,5","1 908,5"
16.02.2018,"-3 168,4",-3 527,92,0,0,04,88,"3 862,9","3 054,4",1525,6561,3267,"1 549,9","1 908,5"
15.02.2018,"-3 271,5","-3 545,7",54,0,0,03,51,"3 877,9","3 054,4",1676,6559,3268,"1 634,3","1 908,5"
14.02.2018,"-3 514,7","-3 305,7",359,0,0,308,51,"3 668,5",2 830,2353,6032,3269,"2 117,5","1 908,5"
13.02.2018,-3 539,"-3 341,2",61,0,0,1,51,"3 674,3",2 830,2412,6031,327,"2 106,3","1 908,5"
12.02.2018,"-3 461,9","-3 362,3",65,0,0,14,51,"3 699,6",2 830,2666,603,3308,"2 008,1","1 908,5"
09.02.2018,"-3 309,2","-3 284,9",63,0,0,12,51,"3 615,9",2 830,1833,6026,3247,"1 932,8","1 908,5"
08.02.2018,"-3 263,6","-3 298,5",9,0,0,18,72,"3 637,9",2 830,2054,6025,3304,"1 873,6","1 908,5"
07.02.2018,"-3 257,3","-3 697,7",108,0,0,11,97,"4 035,5","3 410,5",1263,4987,3269,"1 466,7","1 907,2"
06.02.2018,"-3 133,4","-3 557,4",67,0,0,16,51,"3 893,7","3 144,2",2509,4986,3296,"1 483,2","1 907,2"
05.02.2018,"-2 999,6","-3 347,7",305,0,0,253,51,"3 708,4","3 054,2",1557,4985,3302,"1 559,1","1 907,2"
02.02.2018,"-2 846,6","-3 325,9",502,0,0,449,53,"3 706,7","3 054,2",1543,4982,3306,"1 427,9","1 907,2"
01.02.2018,"-2 827,3","-2 828,3",9,0,0,4,51,"3 150,7","2 444,2",2084,4981,3134,"1 906,2","1 907,2"
31.01.2018,"-2 760,8","-2 821,5",57,0,0,06,51,"3 157,7",2 500,2291,4286,3305,"1 846,5","1 907,2"
30.01.2018,"-2 175,1","-2 727,9",754,0,0,03,751,"3 133,9",2 500,2053,4286,3306,"1 354,4","1 907,2"
29.01.2018,"-2 188,3","-2 628,7",1794,0,0,1678,116,"3 138,7",2 500,2102,4285,3306,"1 466,7","1 907,2"
26.01.2018,"-2 120,6",-2 771,338,0,0,206,132,"3 134,1",2 500,2059,4282,3293,"1 256,8","1 907,2"
25.01.2018,"-2 857,5","-2 907,8",57,0,0,05,51,"3 243,2",2 500,3151,4281,3297,"1 856,9","1 907,2"
24.01.2018,"-3 092,7","-2 717,8",55,0,0,04,51,"3 052,8","2 481,9",2409,330,3294,2 282,"1 907,2"
23.01.2018,"-3 041,4",-2 713,55,0,0,05,51,"3 046,1","2 481,9",2342,330,3276,"2 235,6","1 907,2"
22.01.2018,-2 953,"-2 678,7",59,0,0,09,49,"3 012,1","2 481,9",2003,3299,3275,"2 181,4","1 907,2"
19.01.2018,"-2 866,1","-2 694,6",55,0,0,02,53,"3 027,6","2 481,9",216,3297,3276,"2 078,7","1 907,2"
18.01.2018,"-2 842,1","-2 696,1",56,0,0,02,54,"3 029,8","2 481,9",2183,3296,3281,"2 053,1","1 907,2"
17.01.2018,-3 002,"-2 030,8",356,0,0,303,53,"2 381,3","1 767,2",2561,358,3149,"2 878,4","1 907,2"
16.01.2018,"-2 774,6","-2 024,9",365,0,0,312,53,"2 376,4","1 767,2",2512,358,315,"2 656,8","1 907,2"
15.01.2018,"-2 859,7","-2 010,1",349,0,0,296,53,"2 358,5","1 767,2",2334,3579,3135,"2 756,7","1 907,2"
12.01.2018,"-2 932,7","-2 025,2",81,0,0,24,57,"2 337,6","1 767,2",2127,3577,3042,"2 814,7","1 907,2"
11.01.2018,"-2 955,4","-2 041,2",445,0,0,39,55,2 373,"1 767,2",2482,3576,2873,"2 821,3","1 907,2"
10.01.2018,"-2 998,9","-3 486,5",103,0,0,46,57,"3 746,1","2 687,8",7008,3575,2493,"1 413,6","1 901,3"
09.01.2018,"-2 918,3","-2 638,6",97,0,0,42,55,"2 729,2","2 124,9",2468,3574,808,"2 180,9","1 901,3"
01.01.2018,"-2 668,7","-2 639,2",91,0,0,36,55,"2 729,2","2 124,9",2468,3574,808,"1 930,7","1 901,3"
29.12.2017,"-2 373,9","-2 051,1",498,0,0,35,463,"2 209,6","1 594,9",2581,3566,1087,2 224,"1 901,3"
28.12.2017,"-2 380,3","-1 854,3",471,0,0,08,463,"2 182,5","1 593,2",2328,3565,2811,"2 427,3","1 901,3"
27.12.2017,"-2 324,5","-1 829,5",471,0,0,11,461,"2 214,7","1 633,2",2394,3421,338,"2 396,2","1 901,3"
26.12.2017,-1 720,"-1 869,2",52,0,0,03,518,"2 258,9","1 633,2",2837,342,3376,1 752,"1 901,3"
25.12.2017,-2 309,-2 005,49,0,0,14,476,"2 389,9",1 880,1679,342,3358,"2 205,2","1 901,3"
22.12.2017,"-2 360,8","-1 848,3",462,0,0,14,448,2 229,"1 741,4",1459,3417,3345,"2 413,7","1 901,3"
21.12.2017,"-2 198,7",-1 858,464,0,0,16,447,"2 238,7","1 741,4",1556,3417,3344,2 242,"1 901,3"
20.12.2017,"-2 429,6","-1 929,3",466,0,0,19,447,"2 310,5","1 847,9",1373,3253,3346,"2 401,6","1 901,3"
19.12.2017,"-2 378,7","-1 939,1",465,0,0,18,447,"2 319,3","1 847,9",1461,3253,3337,"2 340,8","1 901,3"
18.12.2017,-2 126,"-2 010,3",577,0,0,19,559,2 402,"1 922,5",1543,3252,334,2 017,"1 901,3"
15.12.2017,"-2 035,9","-1 937,1",831,0,0,299,532,"2 353,6","1 897,4",1312,325,3334,2 000,"1 901,3"
14.12.2017,"-2 231,7","-2 199,7",552,0,0,2,532,2 588,"1 897,4",3657,3249,3331,"1 933,2","1 901,3"
13.12.2017,"-2 521,2","-2 181,9",515,0,0,18,497,"2 559,1","2 114,9",1372,307,3256,"2 240,5","1 901,3"
12.12.2017,"-2 447,6",-2 187,405,0,0,23,382,"2 559,9","2 114,9",138,307,3323,"2 161,8","1 901,3"
11.12.2017,"-2 373,5","-1 602,5",413,0,0,3,383,"1 980,2","1 535,7",1376,3069,3364,"2 672,2","1 901,3"
08.12.2017,"-1 808,2",-1 602,423,0,0,37,387,"1 980,9","1 535,7",1385,3067,3366,"2 107,5","1 901,3"
07.12.2017,"-1 776,7","-1 600,6",433,0,0,46,387,1 981,"1 535,7",1387,3066,3372,"2 077,4","1 901,3"
06.12.2017,"-1 476,9","-1 667,3",1541,0,0,1189,353,"2 158,9","1 729,2",1231,3066,3375,"1 694,6",1 885
05.12.2017,"-1 681,4","-1 477,8",321,0,0,39,282,"1 847,8","1 386,3",155,3065,3379,"2 088,6",1 885
04.12.2017,"-1 751,3","-1 473,7",336,0,0,38,297,"1 845,4","1 386,3",1527,3064,3382,"2 162,6",1 885
01.12.2017,"-1 438,9","-1 469,8",419,0,0,41,378,"1 852,3","1 386,3",1598,3062,3406,"1 854,1",1 885
30.11.2017,"-1 582,8","-1 452,7",441,0,0,17,424,"1 838,8","1 386,3",1464,3061,342,"2 015,1",1 885
29.11.2017,"-1 276,8","-1 661,8",97,0,0,511,459,"2 099,8",1 668,1388,293,341,1 500,1 885
28.11.2017,"-1 255,6","-1 725,8",479,0,0,13,465,"2 114,6",1 668,1537,2929,3409,"1 414,8",1 885
27.11.2017,"-1 702,9",-1 738,445,0,0,16,429,2 123,1 668,1621,2929,3406,1 850,1 885
24.11.2017,"-1 875,3","-1 756,5",44,0,0,19,421,"2 141,1",1 668,1804,2927,3406,"2 003,8",1 885
23.11.2017,"-1 948,8","-1 751,1",436,0,0,26,41,"2 133,5",1 668,1729,2926,3388,"2 082,7",1 885
22.11.2017,"-1 927,5","-1 639,8",456,0,0,28,429,"2 023,9",1 590,1545,2794,3384,"2 172,7",1 885
21.11.2017,"-1 910,2","-1 656,5",454,0,0,33,422,"2 039,9",1 590,1706,2793,3379,"2 138,7",1 885
20.11.2017,-1 803,"-1 665,4",508,0,0,32,475,2 053,1 590,1838,2792,3368,"2 022,6",1 885
17.11.2017,"-1 610,9","-1 652,8",459,0,0,38,422,"2 035,4",1 590,1664,279,3367,"1 843,1",1 885
16.11.2017,"-1 500,1","-1 660,5",459,0,0,37,422,"2 042,4",1 590,1734,279,336,"1 724,6",1 885
15.11.2017,"-1 613,6",-1 422,468,0,0,46,422,"1 804,5","1 243,9",1806,380,3357,"2 076,6",1 885
14.11.2017,"-1 582,6","-1 420,9",456,0,0,45,411,"1 803,3","1 243,9",1795,3799,3368,"2 046,7",1 885
13.11.2017,"-1 554,9","-1 408,8",457,0,0,46,411,"1 790,7","1 243,9",1669,3799,3362,"2 031,1",1 885
10.11.2017,"-1 670,6","-1 390,5",457,0,0,46,411,"1 772,5","1 243,9",149,3796,3362,"2 165,1",1 885
09.11.2017,"-1 622,9","-1 431,4",449,0,0,45,404,"1 811,9","1 243,9",1885,3795,3355,"2 076,5",1 885
08.11.2017,"-1 722,3","-2 213,9",515,0,0,71,444,"2 600,5","1 832,5",4238,3442,3351,"1 382,7","1 874,3"
07.11.2017,"-1 710,3","-1 374,4",63,0,0,153,477,"1 774,1","1 162,5",2675,3441,3366,"2 210,2","1 874,3"
03.11.2017,"-1 670,2","-1 296,2",533,0,0,72,461,1 686,"1 162,5",1797,3438,3366,"2 248,3","1 874,3"
02.11.2017,"-1 253,2","-1 296,9",455,0,0,51,404,"1 680,2","1 162,5",1739,3438,3378,"1 830,6","1 874,3"
01.11.2017,"-1 224,7","-1 291,8",574,0,0,171,404,1 686,1 110,2477,3283,3368,"1 807,2","1 874,3"
31.10.2017,-9731,"-1 241,2",494,0,0,73,421,"1 627,4",1 110,1892,3282,3368,"1 606,2","1 874,3"
30.10.2017,"-1 088,5","-1 270,7",453,0,0,55,398,"1 652,3",1 110,2142,3281,3363,"1 692,1","1 874,3"
27.10.2017,"-1 043,7","-1 257,2",448,0,0,49,398,1 638,1 110,2001,3279,3361,"1 660,8","1 874,3"
26.10.2017,"-1 046,5","-1 241,6",469,0,0,54,415,"1 624,7",1 110,1869,3278,3362,"1 679,2","1 874,3"
25.10.2017,"-1 708,4","-1 775,4",128,0,0,54,74,"2 124,3","1 824,9",1473,1521,3361,"1 807,3","1 874,3"
24.10.2017,"-1 838,8","-1 772,4",127,0,0,59,68,"2 121,2","1 824,9",1443,152,3361,"1 940,7","1 874,3"
23.10.2017,"-1 729,9","-1 325,7",127,0,0,59,68,1 674,"1 344,9",1771,152,3356,"2 278,5","1 874,3"
20.10.2017,"-1 617,8","-1 339,7",134,0,0,66,68,"1 688,1","1 344,9",1913,1519,335,"2 152,4","1 874,3"
19.10.2017,"-1 599,8","-1 338,4",137,0,0,68,68,"1 687,2","1 344,9",1904,1519,3351,"2 135,7","1 874,3"
18.10.2017,"-1 589,6","-1 360,9",138,0,0,7,68,"1 709,2","1 384,3",1731,1518,3345,2 103,"1 874,3"
17.10.2017,"-1 528,2","-1 329,1",147,0,0,78,69,"1 682,3","1 384,3",1462,1518,3385,"2 073,4","1 874,3"
16.10.2017,"-1 409,7","-1 343,5",169,0,0,11,59,"1 698,6","1 395,7",1511,1518,3381,"1 940,5","1 874,3"
13.10.2017,"-1 335,7","-1 342,2",181,0,0,128,53,"1 698,6","1 395,7",1512,1517,3382,"1 867,7","1 874,3"
12.10.2017,"-1 363,4",-8724,202,0,0,149,53,"1 229,9",8757,2026,1516,3373,"2 365,3","1 874,3"
11.10.2017,"-1 455,6","-1 331,1",204,0,0,151,53,"1 672,4","1 250,8",270,1516,3209,"2 019,6","1 895,1"
10.10.2017,-1 521,-1 191,224,0,0,157,67,"1 549,5","1 250,8",1472,1515,3361,"2 225,1","1 895,1"
09.10.2017,"-1 361,6","-1 164,1",298,0,0,163,136,"1 530,1","1 253,7",1249,1515,3362,"2 092,6","1 895,1"
06.10.2017,-1 284,-8591,231,0,0,166,65,"1 217,7",9137,1526,1514,3355,2 320,"1 895,1"
05.10.2017,"-1 242,3",-8792,17,0,0,106,64,"1 231,7",9137,1666,1514,3355,"2 258,2","1 895,1"
04.10.2017,"-1 242,9",-8021,442,0,0,368,73,"1 183,1",8861,1457,1513,3369,"2 335,9","1 895,1"
03.10.2017,"-1 164,4",-8061,436,0,0,363,73,"1 187,8",8861,1504,1513,3381,"2 253,4","1 895,1"
02.10.2017,"-1 150,2",-8203,1017,0,0,439,578,"1 260,5",8861,2231,1513,3384,2 225,"1 895,1"
29.09.2017,-8222,-798,458,0,0,379,78,"1 181,9",8861,1446,1512,3381,"1 919,3","1 895,1"
28.09.2017,-8059,-8119,464,0,0,386,78,"1 196,2",8861,159,1511,3379,"1 889,1","1 895,1"
27.09.2017,-7559,-7974,548,0,0,384,164,"1 103,7",700,2526,1511,2514,"1 853,6","1 895,1"
26.09.2017,-8121,-7414,1123,0,0,752,372,"1 133,4",700,2823,1511,2796,"1 965,8","1 895,1"
25.09.2017,-1 486,-9867,522,0,0,45,72,"1 376,1","1 047,3",1778,151,3373,"2 394,4","1 895,1"
22.09.2017,"-1 288,2",-787,428,0,0,357,72,"1 166,2",700,3153,1509,3363,"2 396,3","1 895,1"
21.09.2017,"-1 251,2",-7567,433,0,0,361,72,"1 137,1",700,2862,1509,3371,"2 389,6","1 895,1"
20.09.2017,-8132,-937,439,0,0,367,72,"1 317,9",910,257,1509,337,"1 771,3","1 895,1"
19.09.2017,-6524,-3627,6378,0,0,5305,1072,"1 337,7",910,2769,1508,3372,"2 184,8","1 895,1"
18.09.2017,-1609,-7139,6581,0,0,5759,822,"1 709,4",1 380,1786,1508,3374,"1 342,1","1 895,1"
15.09.2017,-117,-7816,6028,0,0,5954,74,"1 722,1",1 380,1914,1507,3377,"1 230,5","1 895,1"
14.09.2017,-2062,-5091,5496,0,0,5425,72,"1 394,8",910,3342,1506,3361,"1 592,2","1 895,1"
13.09.2017,-4084,-6059,5742,0,0,5669,73,"1 515,7","1 046,1",319,1506,3356,"1 697,6","1 895,1"
12.09.2017,-3971,-5267,5763,0,0,5691,72,"1 438,5","1 046,1",2418,1506,3355,"1 765,5","1 895,1"
11.09.2017,-3877,-4632,6265,0,0,6192,74,"1 423,2","1 046,1",2266,1505,3335,"1 819,6","1 895,1"
08.09.2017,-3072,-4192,6459,0,0,6387,72,"1 393,4","1 046,1",1969,1504,3283,"1 783,1","1 895,1"
07.09.2017,-323,-3932,650,0,0,6429,72,"1 377,8","1 046,1",1813,1504,3346,"1 824,9","1 895,1"
06.09.2017,-4549,-5992,6874,0,0,6508,367,"1 596,2","1 249,9",196,1503,3096,"1 757,4","1 901,7"
05.09.2017,-5182,-4691,6684,0,0,6603,81,"1 472,7","1 172,7",1496,1503,3352,"1 950,9","1 901,7"
04.09.2017,-4888,-4419,6609,0,0,6538,71,"1 437,8","1 125,5",162,1503,335,"1 948,6","1 901,7"
01.09.2017,-2089,-1818,8219,0,0,7675,545,"1 339,6","1 003,7",1857,1502,3359,"1 928,9","1 901,7"
31.08.2017,-2914,-1547,8397,0,0,7852,545,"1 330,3","1 003,7",1765,1501,3359,"2 038,4","1 901,7"
30.08.2017,-87,-1461,8133,0,0,7684,449,"1 294,6",9912,1532,1501,3352,"1 842,6","1 901,7"
29.08.2017,1198,-1862,7839,0,0,7388,45,"1 305,2",9912,164,150,3352,"1 595,8","1 901,7"
28.08.2017,2304,-1811,779,0,0,7337,453,"1 294,7",9912,1535,150,3346,"1 490,2","1 901,7"
25.08.2017,-2734,-2464,7486,0,0,7037,45,"1 329,8",9912,1887,1499,3347,"1 928,7","1 901,7"
24.08.2017,-4394,-3488,6837,0,0,6387,45,"1 368,8",9912,2277,1499,3362,"1 992,3","1 901,7"
23.08.2017,-5421,-1919,7015,0,0,6654,362,"1 226,3",879,1975,1498,3328,"2 251,9","1 901,7"
22.08.2017,-3444,-1492,7079,0,0,6717,362,1 194,879,1652,1498,337,2 097,"1 901,7"
21.08.2017,-2953,-1539,7152,0,0,6791,362,"1 205,8",879,177,1498,3366,"2 043,1","1 901,7"
18.08.2017,-5251,-1446,7175,0,0,6783,392,"1 198,9",879,1703,1496,3368,"2 282,2","1 901,7"
17.08.2017,-2843,-160,7222,0,0,6831,392,"1 218,9",879,1903,1496,3367,2 026,"1 901,7"
16.08.2017,-1606,635,7121,0,0,6758,363,9813,7958,1855,0,3328,"2 125,9","1 901,7"
15.08.2017,-2351,535,7114,0,0,6751,363,9823,7958,1865,0,3245,"2 190,4","1 901,7"
14.08.2017,-281,467,7032,0,0,6669,363,9813,7958,1855,0,3247,"2 229,4","1 901,7"
11.08.2017,-2613,-1,6439,0,0,6077,363,9696,7958,1738,0,3247,"2 162,1","1 901,7"
10.08.2017,-3438,-253,6189,0,0,5837,352,9688,7958,173,0,3247,"2 220,3","1 901,7"
09.08.2017,-341,-5794,5822,0,0,5756,66,"1 486,1","1 220,2",2659,0,3245,"1 326,1","1 871,4"
08.08.2017,-454,-3836,590,0,0,5752,147,"1 297,8",9149,3829,0,3242,"1 533,2","1 871,4"
07.08.2017,-23,-1453,5308,0,0,5166,142,"1 000,5",6327,3678,0,3244,"1 749,1","1 871,4"
04.08.2017,-1812,-708,4675,0,0,4532,143,8655,6327,2328,0,3272,"1 981,8","1 871,4"
03.08.2017,578,-266,4398,0,0,4256,143,7937,6327,161,0,3273,"1 787,1","1 871,4"
02.08.2017,-27,533,4103,0,0,4045,58,6869,5196,1673,0,3299,"1 927,4","1 871,4"
01.08.2017,751,387,4104,0,0,3961,143,7017,5196,1821,0,330,1 835,"1 871,4"
31.07.2017,-255,-375,3034,0,0,2852,183,6702,5196,1506,0,3292,"1 859,4","1 871,4"
28.07.2017,-535,-728,2733,0,0,2634,10,6744,5196,1548,0,3282,"1 852,1","1 871,4"
27.07.2017,-935,-815,2709,0,0,2609,10,6807,5196,1611,0,3283,"1 883,5","1 871,4"
26.07.2017,141,-146,2892,0,0,2759,132,7631,5989,1642,0,3279,"1 711,3","1 871,4"
25.07.2017,-462,-2238,2205,0,0,2063,143,7714,5989,1725,0,327,"2 109,6","1 871,4"
24.07.2017,-5979,-2246,2109,0,0,2051,58,7628,5989,1639,0,3273,"2 244,8","1 871,4"
21.07.2017,-5952,-2177,220,0,0,2142,58,7642,5989,1654,0,3265,"2 248,9","1 871,4"
20.07.2017,-5369,-2303,2058,0,0,1936,122,7626,5989,1637,0,3264,2 178,"1 871,4"
19.07.2017,-6222,-2183,1734,0,0,1646,88,7161,540,1761,0,3244,"2 275,3","1 871,4"
18.07.2017,-464,-1974,2224,0,0,205,174,7436,540,2036,0,3237,2 138,"1 871,4"
17.07.2017,-4825,-1443,2311,0,0,2223,88,6988,540,1588,0,3234,"2 209,6","1 871,4"
14.07.2017,-3242,-1613,2183,0,0,2095,88,7021,540,1621,0,3225,"2 034,3","1 871,4"
13.07.2017,-3919,-1952,1827,0,0,174,88,7001,540,1601,0,3222,"2 068,1","1 871,4"
12.07.2017,-223,-5259,1351,0,0,1264,88,9757,713,2627,0,3147,"1 558,5","1 861,4"
11.07.2017,-543,-4792,81,0,0,723,88,8792,500,3792,0,319,"1 925,2","1 861,4"
10.07.2017,-7542,-2892,516,0,0,427,89,6616,500,1616,0,3208,"2 326,4","1 861,4"
07.07.2017,-581,-294,523,0,0,435,88,6664,500,1664,0,3201,"2 148,4","1 861,4"
06.07.2017,-4716,-2755,655,0,0,567,88,6605,500,1605,0,3195,"2 057,5","1 861,4"
05.07.2017,-3575,-258,631,0,0,544,88,6414,4697,1717,0,3203,"1 960,9","1 861,4"
04.07.2017,-2965,-2407,80,0,0,712,88,6411,4697,1714,0,3205,"1 917,3","1 861,4"
03.07.2017,-358,-2218,1162,0,0,1032,13,6584,4697,1887,0,3204,"1 675,4","1 861,4"
30.06.2017,-1796,-2319,86,0,0,772,88,6376,4697,1679,0,3197,"1 809,1","1 861,4"
29.06.2017,-1266,-2383,794,0,0,707,88,6364,4697,1667,0,3187,"1 749,7","1 861,4"
28.06.2017,-244,-1534,1051,0,0,964,88,5779,410,1679,0,3194,1 952,"1 861,4"
27.06.2017,-807,-1663,829,0,0,742,88,5689,410,1589,0,3197,"1 775,9","1 861,4"
26.06.2017,-613,-2193,722,0,0,635,88,6111,410,2011,0,3195,"2 255,1","1 861,4"
23.06.2017,-6908,-1446,829,0,0,746,83,5465,410,1365,0,319,"2 407,6","1 861,4"
22.06.2017,-6802,-1699,801,0,0,743,58,5678,410,1578,0,3178,"2 371,7","1 861,4"
21.06.2017,-6973,-3449,776,0,0,718,58,7399,590,1499,0,3175,"2 213,8","1 861,4"
20.06.2017,-4326,-3548,696,0,0,638,58,7421,590,1521,0,3176,"1 939,2","1 861,4"
19.06.2017,-3772,-3794,419,0,0,361,58,7394,590,1494,0,3181,"1 859,2","1 861,4"
16.06.2017,-3429,-398,27,0,0,209,61,7425,590,1525,0,3174,"1 806,3","1 861,4"
15.06.2017,-4956,-4007,285,0,0,224,61,7442,590,1542,0,315,"1 956,3","1 861,4"
14.06.2017,-6102,-4855,27,0,0,209,61,8273,680,1473,0,3148,"1 986,1","1 861,4"
13.06.2017,-3797,-4949,166,0,0,105,61,8254,680,1454,0,3138,"1 746,2","1 861,4"
09.06.2017,-230,-4702,395,0,0,334,61,8234,680,1434,0,3137,"1 621,2","1 861,4"
08.06.2017,-2258,-4685,434,0,0,371,63,8255,680,1455,0,3136,"1 618,7","1 861,4"
07.06.2017,-4939,453,4754,0,0,4639,114,7433,590,1533,0,3132,"2 380,8","1 841,6"
06.06.2017,-4454,-2808,1554,0,0,1489,65,7493,590,1593,0,3131,"2 006,2","1 841,6"
05.06.2017,-2962,-3837,449,0,0,388,61,7414,590,1514,0,3128,"1 754,1","1 841,6"
02.06.2017,-2298,-400,275,0,0,199,77,7398,590,1498,0,3123,"1 671,4","1 841,6"
01.06.2017,-729,-4075,697,0,0,60,96,7871,590,1971,0,310,"1 507,1","1 841,6"
31.05.2017,-814,-2791,502,0,0,405,97,6384,490,1484,0,3091,1 644,"1 841,6"
30.05.2017,572,-2953,466,0,0,37,96,6506,490,1606,0,3087,"1 489,1","1 841,6"
29.05.2017,237,-2503,773,0,0,677,96,6371,490,1471,0,3095,"1 567,6","1 841,6"
26.05.2017,-414,-2527,742,0,0,617,126,6367,490,1467,0,3098,"1 630,3","1 841,6"
25.05.2017,-5804,-2596,679,0,0,583,96,6373,490,1473,0,3097,"2 162,4","1 841,6"
24.05.2017,-6238,-4588,689,0,0,593,96,837,630,207,0,3093,"2 006,7","1 841,6"
23.05.2017,-4519,-4194,688,0,0,592,96,7975,630,1675,0,3093,"1 874,1","1 841,6"
22.05.2017,-3938,-414,597,0,0,50,97,7857,630,1557,0,312,"1 821,5","1 841,6"
19.05.2017,-4978,-4086,625,0,0,529,96,7831,630,1531,0,3121,"1 930,9","1 841,6"
18.05.2017,-4808,-4057,638,0,0,539,99,7814,630,1514,0,3119,"1 916,7","1 841,6"
17.05.2017,-633,-1812,594,0,0,497,96,5518,3708,181,0,3112,"2 293,4","1 841,6"
16.05.2017,-5676,-1768,476,0,0,38,96,5353,3708,1645,0,3109,"2 232,4","1 841,6"
15.05.2017,-6912,-1812,469,0,0,373,96,5397,3708,1689,0,3116,"2 351,6","1 841,6"
12.05.2017,-8188,-1719,573,0,0,477,96,5409,3708,1701,0,3116,"2 488,5","1 841,6"
11.05.2017,-6966,-1779,855,0,0,757,98,5414,3708,1706,0,278,"2 360,3","1 841,6"
10.05.2017,-838,125,1311,0,0,1133,177,3834,190,1934,0,2648,"2 698,5","1 848,1"
05.05.2017,-4164,363,1035,0,0,938,97,378,190,188,0,3108,"2 300,7","1 848,1"
04.05.2017,-2837,-308,788,0,0,692,96,4198,190,2298,0,3101,"2 100,9","1 848,1"
03.05.2017,-1585,-193,833,0,0,737,96,5863,360,2263,0,310,"1 813,6","1 848,1"
02.05.2017,1441,813,4173,0,0,1558,2615,646,360,286,0,3099,"1 785,2","1 848,1"
28.04.2017,-1304,-1991,856,0,0,759,96,595,360,235,0,3103,"1 779,4","1 848,1"
27.04.2017,-1972,-2128,83,0,0,715,116,6051,360,2451,0,3093,"1 832,5","1 848,1"
26.04.2017,-757,-6939,833,0,0,717,116,"1 085,7",870,2157,0,3085,"1 229,9","1 848,1"
25.04.2017,-6045,-6511,841,0,0,726,115,"1 043,7",870,1737,0,3084,"1 801,4","1 848,1"
24.04.2017,-6883,-6411,817,0,0,677,14,"1 031,5",870,1615,0,3086,"1 895,3","1 848,1"
21.04.2017,-6625,-6418,857,0,0,717,141,"1 036,2",870,1662,0,3086,"1 868,7","1 848,1"
20.04.2017,-6154,-6472,776,0,0,637,139,"1 033,5",870,1635,0,3087,"1 816,3","1 848,1"
19.04.2017,-6677,-5779,90,0,0,761,139,9767,810,1667,0,3088,"1 937,8","1 848,1"
18.04.2017,-4458,-5792,908,0,0,769,139,9795,810,1695,0,3095,"1 714,6","1 848,1"
17.04.2017,-4791,-5966,925,0,0,786,14,9994,810,1894,0,3103,"1 730,6","1 848,1"
14.04.2017,-4934,-5601,988,0,0,849,139,9692,810,1592,0,3103,"1 781,4","1 848,1"
13.04.2017,-6797,-5477,1045,0,0,906,139,9621,810,1521,0,310,"1 980,1","1 848,1"
12.04.2017,-5275,-5007,2159,0,0,1918,241,"1 026,3",8569,1694,0,3097,"1 891,9","1 865,1"
11.04.2017,-6642,-7054,1146,0,0,1007,139,"1 129,5",9398,1897,0,3094,"1 823,9","1 865,1"
10.04.2017,-6259,-4769,1146,0,0,1007,139,9008,7498,151,0,3093,"2 014,1","1 865,1"
07.04.2017,-6064,-1877,1024,0,0,885,139,5995,3998,1997,0,3094,"2 283,8","1 865,1"
06.04.2017,-5993,-2346,402,0,0,268,134,5855,3998,1857,0,3107,"2 229,8","1 865,1"
05.04.2017,-4871,-1414,382,0,0,248,134,4908,3196,1712,0,3112,"2 210,8","1 865,1"
04.04.2017,-4217,-1139,471,0,0,337,134,473,3196,1534,0,312,"2 172,9","1 865,1"
03.04.2017,-1451,1338,3189,0,0,591,2598,494,3196,1745,0,3089,2 144,"1 865,1"
31.03.2017,-250,-1064,93,0,0,782,148,5103,3196,1908,0,311,"2 008,7","1 865,1"
30.03.2017,-592,-541,1146,0,0,968,178,4885,3196,1689,0,3197,"1 870,2","1 865,1"
29.03.2017,-147,-3211,1547,0,0,1334,213,7961,600,1961,0,3204,"1 558,7","1 865,1"
28.03.2017,-2175,-4046,898,0,0,699,199,815,600,215,0,3207,1 678,"1 865,1"
27.03.2017,-535,-4098,792,0,0,644,148,8096,600,2096,0,3206,"1 990,3","1 865,1"
24.03.2017,-585,-4206,707,0,0,559,149,8176,600,2176,0,3263,"2 029,5","1 865,1"
23.03.2017,-5994,-4169,727,0,0,612,114,8157,600,2157,0,3261,"2 047,6","1 865,1"
22.03.2017,-8633,-7237,427,0,0,314,113,"1 092,4",880,2124,0,326,"2 004,7","1 865,1"
21.03.2017,-6467,-7253,429,0,0,318,111,"1 095,9",880,2159,0,3277,"1 786,5","1 865,1"
20.03.2017,-703,-7134,436,0,0,324,111,"1 084,4",880,2044,0,3275,"1 854,7","1 865,1"
17.03.2017,-6198,-7272,383,0,0,273,11,"1 093,8",880,2138,0,3282,"1 757,7","1 865,1"
16.03.2017,-5843,-7158,373,0,0,246,127,"1 080,6",880,2006,0,3275,"1 733,6","1 865,1"
15.03.2017,-5413,-581,373,0,0,263,11,9458,780,1658,0,3274,"1 825,4","1 865,1"
14.03.2017,-7486,-5803,427,0,0,264,163,9498,780,1698,0,3268,"2 033,4","1 865,1"
13.03.2017,-769,-5847,41,0,0,30,11,9522,780,1722,0,3265,"2 049,4","1 865,1"
10.03.2017,-625,-5794,461,0,0,349,112,9506,780,1706,0,3251,"1 910,7","1 865,1"
09.03.2017,-6404,-5351,1068,0,0,936,132,9647,780,1847,0,3229,"1 970,4","1 865,1"
07.03.2017,-6768,-6696,411,0,0,292,12,"1 033,7",780,2537,0,323,"1 881,6","1 874,4"
06.03.2017,-7387,-5969,385,0,0,272,113,9578,780,1778,0,3224,"2 016,2","1 874,4"
03.03.2017,-3562,-573,613,0,0,502,111,9577,780,1777,0,3234,"1 657,5","1 874,4"
02.03.2017,-2979,-5692,74,0,0,628,111,9666,780,1866,0,3234,1 603,"1 874,4"
01.03.2017,09,157,4738,0,0,3077,1662,6369,440,1969,0,320,"2 030,4","1 874,4"
28.02.2017,-342,-2267,833,0,0,672,161,6298,440,1898,0,3198,"1 989,7","1 874,4"
27.02.2017,-8159,-2635,677,0,0,566,111,634,440,194,0,3028,"2 426,8","1 874,4"
22.02.2017,-8343,-6422,649,0,0,538,111,"1 023,7",870,1537,0,3166,"2 066,4","1 874,4"
21.02.2017,-8017,-6621,571,0,0,457,115,"1 036,5",870,1665,0,3173,2 014,"1 874,4"
20.02.2017,-709,-6563,545,0,0,43,115,"1 028,5",870,1585,0,3177,1 927,"1 874,4"
17.02.2017,-6823,-6547,522,0,0,403,119,"1 022,9",870,1529,0,316,1 902,"1 874,4"
16.02.2017,-5728,-6625,533,0,0,414,119,"1 031,5",870,1615,0,3157,"1 784,7","1 874,4"
15.02.2017,-5341,-5147,506,0,0,386,119,8813,710,1713,0,316,"1 893,7","1 874,4"
14.02.2017,-5614,-512,517,0,0,398,119,8791,710,1691,0,3154,"1 923,8","1 874,4"
13.02.2017,-4925,-5308,324,0,0,204,119,8786,710,1686,0,3154,1 836,"1 874,4"
10.02.2017,-4348,-5231,38,0,0,256,123,8808,710,1708,0,3198,"1 786,1","1 874,4"
09.02.2017,-3904,-5343,286,0,0,161,124,8826,710,1726,0,3198,"1 730,5","1 874,4"
08.02.2017,-3926,-221,2404,0,0,2241,164,7811,5933,1879,0,3196,"1 914,9","1 743,3"
07.02.2017,-4816,-2114,256,0,0,129,127,557,3184,2386,0,320,"2 013,4","1 743,3"
06.02.2017,-3387,-1909,25,0,0,125,125,5361,3184,2177,0,3202,"1 891,1","1 743,3"
03.02.2017,-125,-1938,256,0,0,122,133,5419,3184,2235,0,3225,"1 674,5","1 743,3"
02.02.2017,-899,-2043,273,0,0,139,133,5506,3184,2322,0,3191,"1 628,9","1 743,3"
01.02.2017,2582,143,7562,2702,0,742,4118,9354,710,2254,0,3222,"1 628,1","1 743,3"
31.01.2017,1144,-1471,4207,2702,0,1321,184,8896,710,1796,0,3218,"1 481,7","1 743,3"
30.01.2017,1532,-3902,1777,0,0,1605,172,8897,710,1797,0,3218,"1 199,8","1 743,3"
27.01.2017,1079,-4723,1068,0,0,893,174,8962,710,1862,0,3171,1 163,"1 743,3"
26.01.2017,3242,-4228,152,0,0,1364,155,8981,710,1881,0,3234,9963,"1 743,3"
25.01.2017,-4266,-3509,2647,0,205,414,183,938,720,218,0,3223,"1 818,9","1 743,3"
24.01.2017,-5523,-3553,2571,0,205,365,155,9338,720,2138,0,3214,"1 940,2","1 743,3"
23.01.2017,-7228,-3489,2586,0,205,381,155,9283,720,2083,0,3208,"2 117,2","1 743,3"
20.01.2017,-610,-4049,2557,0,205,278,229,9817,720,2617,0,3212,"1 948,4","1 743,3"
19.01.2017,-517,-3148,3315,0,205,111,155,9667,720,2467,0,3204,"1 945,5","1 743,3"
18.01.2017,-5067,-312,4357,0,205,2152,155,7874,5216,2658,0,3205,"2 218,7","1 743,3"
17.01.2017,-4612,126,4843,0,205,2638,155,7933,5216,2717,0,3216,"2 217,1","1 743,3"
16.01.2017,-529,282,4649,0,205,244,158,7578,5216,2362,0,3211,"2 300,5","1 743,3"
13.01.2017,-3795,3177,7507,0,2148,5202,157,7525,5216,2309,0,3195,"2 440,5","1 743,3"
12.01.2017,-3911,3383,7645,0,2148,5264,233,746,5216,2244,0,3198,"2 472,7","1 743,3"
11.01.2017,-3029,-5417,2565,0,2148,26,157,"1 116,5",3969,7196,0,3183,"1 526,8","1 765,6"
10.01.2017,3299,1322,8647,0,2156,6306,185,"1 056,7",3969,6598,0,3241,"1 567,9","1 765,6"
09.01.2017,4604,7361,1 258,0,2156,6317,4107,7852,3969,3883,0,2633,"2 041,3","1 765,6"
01.01.2017,6789,736,"1 258,6",0,2156,6317,4113,7852,3969,3883,0,2626,"1 822,7","1 765,6"
30.12.2016,8212,"1 247,4","1 572,8",0,2156,"1 095,9",2613,6492,3969,2523,0,3237,"2 191,8","1 765,6"
29.12.2016,5631,"1 169,6","1 517,2",0,2156,8047,4969,6615,3969,2646,0,3139,"2 372,1","1 765,6"
28.12.2016,6807,8219,"1 190,5",0,2156,9584,165,6817,410,2717,0,3131,"1 906,8","1 765,6"
27.12.2016,7297,"1 005,9","1 493,8",0,2156,8817,3965,6779,410,2679,0,1899,"2 041,8","1 765,6"
26.12.2016,3558,3165,7932,0,2156,5611,165,6684,410,2584,0,1916,"1 726,3","1 765,6"
23.12.2016,2098,3956,7666,0,2156,5356,154,6848,410,2748,0,3137,"1 951,4","1 765,6"
22.12.2016,1853,6169,9929,0,2156,7622,151,6855,410,2755,0,3094,"2 197,2","1 765,6"
21.12.2016,2201,9816,"1 225,9",0,2156,7524,2578,5366,290,2466,0,2923,"2 527,1","1 765,6"
20.12.2016,3758,9818,"1 267,8",0,2156,7593,2928,5322,290,2422,0,2462,"2 371,6","1 765,6"
19.12.2016,436,846,"1 179,5",0,2156,706,2578,5191,290,2291,0,1856,"2 175,6","1 765,6"
16.12.2016,-1772,6915,977,0,2156,5033,258,531,290,241,0,2456,"2 634,3","1 765,6"
15.12.2016,-76,531,7655,0,2156,4869,629,540,290,250,0,3055,"2 372,6","1 765,6"
14.12.2016,1758,5598,765,0,2156,4364,113,5024,253,2495,0,2972,"2 149,6","1 765,6"
13.12.2016,2507,412,6107,0,2156,3807,143,5044,253,2514,0,3057,"1 926,9","1 765,6"
12.12.2016,3586,1568,3147,0,2156,861,13,464,253,2111,0,3062,"1 563,8","1 765,6"
09.12.2016,3613,1485,3314,0,2156,1026,131,4871,253,2341,0,3042,"1 552,8","1 765,6"
08.12.2016,3264,1734,3755,0,2156,1469,13,506,253,253,0,3039,"1 593,7","1 746,7"
07.12.2016,-1381,479,4275,0,2156,1988,131,6473,3033,344,0,2677,"1 932,7","1 746,7"
06.12.2016,-896,2628,4849,0,2156,2456,237,5227,3033,2194,0,3005,"2 099,1","1 746,7"
05.12.2016,1921,3701,5856,0,2156,3503,196,5159,3033,2126,0,3005,"1 924,7","1 746,7"
02.12.2016,2549,3399,5592,0,2156,3249,186,5187,3033,2155,0,2995,"1 831,7","1 746,7"
01.12.2016,5575,8473,"1 174,2",0,2156,4379,5206,5279,3033,2246,0,2009,"2 036,5","1 746,7"
30.11.2016,3277,4793,6869,0,2156,451,203,5095,2989,2106,0,3019,"1 898,3","1 746,7"
29.11.2016,4413,5005,7356,0,2156,4996,203,5368,2989,2379,0,3018,"1 805,9","1 746,7"
28.11.2016,4729,1944,4152,0,2156,1764,231,5214,2989,2225,0,3007,"1 468,2","1 746,7"
25.11.2016,-245,805,3681,0,2156,1305,22,588,2989,289,0,3003,"1 851,7","1 746,7"
24.11.2016,-1611,95,3667,0,2156,1281,23,5717,2989,2727,0,2999,"2 002,8","1 746,7"
23.11.2016,-1496,1214,3993,0,2156,1611,226,5773,310,2673,0,2994,"2 017,7","1 746,7"
22.11.2016,-1559,978,364,0,2156,1258,226,5661,310,2561,0,2999,"2 000,4","1 746,7"
21.11.2016,-1338,895,3535,0,2156,1153,226,5615,310,2515,0,2975,1 970,"1 746,7"
18.11.2016,-254,1014,3638,0,2156,1245,237,5612,310,2512,0,2988,"1 873,5","1 746,7"
17.11.2016,-78,855,3667,0,2156,1282,229,575,310,265,0,2938,1 840,"1 746,7"
16.11.2016,-103,-749,345,0,2156,1048,246,7186,4967,2219,0,2987,"1 774,8","1 746,7"
15.11.2016,-2081,-1415,3049,0,2156,658,234,7437,4967,2469,0,2973,"1 813,3","1 746,7"
14.11.2016,-2096,-1143,3023,0,2156,632,234,7127,4967,216,0,2961,1 842,"1 746,7"
11.11.2016,-1424,-1305,3025,0,2156,614,255,7287,4967,232,0,2957,"1 758,6","1 746,7"
10.11.2016,-1231,-1745,2963,0,2156,57,237,766,4967,2693,0,2951,1 710,"1 761,4"
09.11.2016,-172,-8556,3007,0,2156,542,309,"1 427,6",9345,493,0,2713,"1 077,8","1 761,4"
08.11.2016,-323,-5786,2925,0,2156,532,236,"1 164,9",6216,5432,0,2937,"1 215,1","1 761,4"
07.11.2016,-267,-416,2957,0,2157,554,246,6138,2516,3621,0,2764,"1 746,5","1 761,4"
03.11.2016,779,333,3055,0,2157,561,337,5653,2516,3137,0,293,"1 716,8","1 761,4"
02.11.2016,-165,991,3069,0,2157,571,341,442,2018,2402,0,2342,1 877,"1 761,4"
01.11.2016,4432,6065,8116,0,2157,2913,3046,4996,2018,2978,0,2945,"1 924,7","1 761,4"
31.10.2016,3834,2221,3191,0,2157,75,284,3903,2018,1885,0,2932,"1 600,1","1 761,4"
28.10.2016,2659,1844,3153,0,2157,715,282,4216,2018,2198,0,2906,"1 679,9","1 761,4"
27.10.2016,2367,2167,3342,0,2157,915,27,4079,2018,206,0,2903,"1 741,4","1 761,4"
26.10.2016,4423,203,3148,0,2157,704,287,402,2226,1794,0,2902,"1 522,1","1 761,4"
25.10.2016,-371,2176,3307,0,2162,819,326,409,2226,1863,0,2959,"2 016,1","1 761,4"
24.10.2016,-1844,2189,3226,0,2162,804,26,4037,2226,1811,0,300,"2 164,7","1 761,4"
21.10.2016,583,1987,3209,0,2162,787,26,4215,2226,1989,0,2993,"1 901,8","1 761,4"
20.10.2016,748,2987,4241,0,2162,1818,26,4244,2226,2018,0,2991,"1 985,3","1 761,4"
19.10.2016,-237,2739,3379,0,2162,95,266,3619,140,2219,0,298,2 059,"1 761,4"
18.10.2016,461,3381,3673,0,2162,1239,271,3273,140,1873,0,2982,"2 053,4","1 761,4"
17.10.2016,308,3503,3715,0,2162,1281,271,3175,140,1775,0,2962,"2 080,9","1 761,4"
14.10.2016,3386,4392,4897,0,2162,2443,292,3479,140,2079,0,2974,1 862,"1 761,4"
13.10.2016,2949,3857,4377,0,2162,1922,293,3498,140,2098,0,2977,"1 852,2","1 761,4"
12.10.2016,-174,2329,4034,0,2162,1579,293,4645,2771,1874,0,294,"2 168,3","1 761,4"
11.10.2016,-912,2853,4543,0,2162,2081,30,4629,2771,1858,0,2939,"2 137,9","1 761,4"
10.10.2016,-867,2548,4199,0,2162,1743,293,4595,2771,1824,0,2945,"2 102,9","1 761,4"
07.10.2016,1144,2507,4197,0,2162,1717,318,4631,2771,186,0,2941,"1 897,7","1 761,4"
06.10.2016,1259,223,398,0,2162,1453,364,4705,2771,1934,0,2956,"1 857,1",1 760
05.10.2016,1544,1166,4201,0,2162,1715,324,5983,2742,3241,0,2949,"1 722,2",1 760
04.10.2016,2284,4024,6475,0,2162,1905,2407,4771,180,2971,0,232,1 934,1 760
03.10.2016,2224,6872,"1 010,2",0,2162,4585,3355,5547,180,3747,0,2316,"2 224,8",1 760
30.09.2016,238,5679,7609,0,2162,315,2296,464,180,284,0,2711,"2 089,9",1 760
29.09.2016,406,5656,7072,0,2162,3102,1808,4354,180,2554,0,2938,"1 919,6",1 760
28.09.2016,6842,"1 078,2","1 128,1",6184,2162,159,2777,3447,0,3447,0,2947,2 154,1 760
27.09.2016,7726,"1 329,3","1 361,2",6205,2162,165,5079,3244,0,3244,0,2926,"2 316,7",1 760
26.09.2016,3806,8823,9496,6205,2162,15,979,3589,0,3589,0,2915,"2 261,7",1 760
23.09.2016,2462,"1 004,2","1 058,2",6209,2162,443,1768,3451,0,3451,0,2911,2 518,1 760
22.09.2016,2382,"1 037,2","1 081,1",6212,2162,468,1968,3356,0,3356,0,2917,2 559,1 760
21.09.2016,3363,6588,9476,0,2162,3544,3769,5799,400,1799,0,2912,"2 082,5",1 760
20.09.2016,392,6473,9379,0,2162,3649,3568,5817,400,1817,0,291,"2 015,3",1 760
19.09.2016,5421,144,4483,0,2162,2053,268,5953,400,1953,0,2911,"1 361,9",1 760
16.09.2016,485,1772,4789,0,2162,2378,249,5918,400,1918,0,2901,"1 452,2",1 760
15.09.2016,4212,933,4023,0,2162,161,251,6008,400,2008,0,2917,"1 432,1",1 760
14.09.2016,3831,2252,3778,0,2162,1357,258,4434,190,2534,0,2908,"1 602,1",1 760
13.09.2016,3607,2314,3907,0,2162,1503,241,4499,190,2599,0,2906,"1 630,7",1 760
12.09.2016,4082,1774,3426,0,2162,1022,242,4555,190,2655,0,2903,"1 529,2",1 760
09.09.2016,4222,3168,492,0,2162,252,238,4653,190,2753,0,2901,"1 654,6",1 760
08.09.2016,1866,2105,3774,0,2162,1374,238,4567,190,2667,0,2898,"1 549,4","1 525,5"
07.09.2016,-39,486,371,0,2162,1279,269,6122,2968,3154,0,2898,"1 613,1","1 525,5"
06.09.2016,1053,1113,3863,0,2162,1461,24,5638,2968,2669,0,2888,"1 531,5","1 525,5"
05.09.2016,149,137,3676,0,2162,1274,24,5197,2208,2989,0,289,"1 513,5","1 525,5"
02.09.2016,3323,1292,3742,0,2162,134,24,534,2208,3132,0,289,"1 322,4","1 525,5"
01.09.2016,4968,6241,9228,0,2162,3625,3441,5872,2208,3664,0,2886,"1 652,8","1 525,5"
31.08.2016,4259,5163,5806,3207,2162,193,244,3509,0,3509,0,2866,"1 615,9","1 525,5"
30.08.2016,4483,5093,5822,3207,2162,215,238,3586,0,3586,0,2856,"1 586,5","1 525,5"
29.08.2016,4386,5236,5796,3207,2162,184,243,3425,0,3425,0,2865,"1 610,5","1 525,5"
26.08.2016,5652,5095,5881,3207,2162,217,296,3642,0,3642,0,2856,"1 469,8","1 525,5"
25.08.2016,175,466,5907,3207,2195,207,298,4102,0,4102,0,2854,"1 816,5","1 525,5"
24.08.2016,-88,3238,4425,1002,2195,987,241,4038,0,4038,0,285,"1 858,1","1 525,5"
23.08.2016,417,3309,437,1002,2195,914,258,3905,0,3905,0,2844,"1 814,7","1 525,5"
22.08.2016,653,3666,4541,1002,2195,1101,243,3715,0,3715,0,284,"1 826,8","1 525,5"
19.08.2016,2319,3712,4486,1002,2195,1042,247,3612,0,3612,0,2837,"1 664,8","1 525,5"
18.08.2016,245,3789,4631,1002,2195,1184,249,3667,0,3667,0,2825,"1 659,4","1 525,5"
17.08.2016,2835,3446,5063,0,2195,2567,301,4441,100,3441,0,2824,"1 586,6","1 525,5"
16.08.2016,3908,4607,6057,0,2195,3605,258,4263,100,3263,0,2813,"1 595,4","1 525,5"
15.08.2016,3264,3678,5208,0,2195,2765,247,4343,100,3343,0,2814,"1 566,9","1 525,5"
12.08.2016,2896,3026,464,0,2195,2198,247,4423,100,3423,0,2809,"1 538,5","1 525,5"
11.08.2016,2788,2849,480,0,2195,2358,248,4758,100,3758,0,2806,"1 531,6","1 525,5"
10.08.2016,1923,3369,4572,10,2195,2029,248,3989,0,3989,0,2786,"1 670,1","1 525,5"
09.08.2016,2294,359,4741,10,2195,2198,248,393,0,393,0,2779,"1 655,1","1 525,5"
08.08.2016,3027,4324,5094,10,2195,2551,248,3547,0,3547,0,2778,"1 655,2","1 525,5"
05.08.2016,285,4469,5215,10,2195,2574,346,3512,0,3512,0,2766,"1 687,4","1 525,5"
04.08.2016,2772,4288,5061,10,2195,2505,26,3547,0,3547,0,2773,"1 594,2","1 442,6"
03.08.2016,4365,5573,749,4806,2195,226,263,4687,0,4687,0,2771,"1 563,4","1 442,6"
02.08.2016,7293,6911,7939,4808,2195,674,262,3785,0,3785,0,2758,"1 404,4","1 442,6"
01.08.2016,967,"1 015,7","1 132,6",4808,2196,2257,2066,3927,0,3927,0,2758,"1 491,3","1 442,6"
29.07.2016,8947,8128,8044,4808,2196,767,273,2671,0,2671,0,2755,"1 360,7","1 442,6"
28.07.2016,8506,7853,810,481,2196,863,231,2995,0,2995,0,2749,"1 377,3","1 442,6"
27.07.2016,7789,8352,8333,5295,2196,611,231,2727,0,2727,0,2746,"1 498,9","1 442,6"
26.07.2016,8696,8329,8312,5296,2196,574,246,2718,0,2718,0,2734,"1 405,9","1 442,6"
25.07.2016,5052,7291,8022,5301,2196,298,228,3463,0,3463,0,2731,"1 666,5","1 442,6"
22.07.2016,4441,7054,8066,5303,2196,315,251,3739,0,3739,0,2727,"1 703,9","1 442,6"
21.07.2016,4428,7287,8061,5304,2196,333,229,3499,0,3499,0,2725,"1 728,5","1 442,6"
20.07.2016,4244,4729,513,120,2196,1482,253,3121,0,3121,0,272,"1 491,1","1 442,6"
19.07.2016,4987,4874,5459,1203,2196,1811,25,3305,0,3305,0,272,"1 431,3","1 442,6"
18.07.2016,4799,5137,5361,1203,2196,1693,27,2955,0,2955,0,2731,"1 476,4","1 442,6"
15.07.2016,4009,4982,5733,1203,2196,2086,249,348,0,348,0,2728,"1 539,9","1 442,6"
14.07.2016,2701,5112,565,1203,2196,1998,253,3258,0,3258,0,2719,"1 683,7","1 442,6"
13.07.2016,1912,4964,553,1002,2196,2079,253,328,0,328,0,2714,"1 747,8","1 442,6"
12.07.2016,193,4695,5665,1002,2196,2214,253,3676,0,3676,0,2707,"1 719,1","1 442,6"
11.07.2016,2669,5465,5693,1002,2196,2213,282,2932,0,2932,0,2705,"1 722,2","1 442,6"
08.07.2016,2446,4988,5825,1002,2196,2348,28,3537,0,3537,0,270,"1 696,8","1 442,6"
07.07.2016,254,535,6035,1002,2196,2487,351,3377,0,3377,0,2692,1 724,1 443
06.07.2016,219,4614,6668,3682,2196,481,31,470,0,470,0,2646,"1 685,4",1 443
05.07.2016,2741,5187,6688,3707,2196,505,28,418,0,418,0,2678,"1 687,6",1 443
04.07.2016,3325,5843,6987,3707,2196,728,356,3818,0,3818,0,2674,"1 694,8",1 443
01.07.2016,6423,9117,1 109,3707,2196,2737,2449,4368,0,4368,0,2395,"1 712,4",1 443
30.06.2016,5796,7092,7754,3708,2196,1566,284,3241,0,3241,0,258,"1 572,6",1 443
29.06.2016,8079,7931,8323,3597,2199,2259,268,2967,0,2967,0,2575,"1 428,2",1 443
28.06.2016,7981,784,8181,3598,2199,2101,282,2892,0,2892,0,2551,"1 428,9",1 443
27.06.2016,4024,6045,6838,3598,2199,772,268,3242,0,3242,0,2449,"1 645,1",1 443
24.06.2016,2891,5955,6967,3608,2199,892,268,3579,0,3579,0,2566,"1 749,4",1 443
23.06.2016,3136,5812,687,3608,2199,806,257,3621,0,3621,0,2563,"1 710,6",1 443
22.06.2016,3392,4741,5537,1502,2199,1579,257,3356,0,3356,0,2559,"1 577,9",1 443
21.06.2016,3896,5121,5751,1502,2199,1808,242,3178,0,3178,0,2547,"1 565,5",1 443
20.06.2016,4692,5599,5691,1503,2199,1746,242,2637,0,2637,0,2546,"1 533,7",1 443
17.06.2016,5314,5285,5569,1503,2199,1625,242,2824,0,2824,0,254,"1 440,1",1 443
16.06.2016,5343,5068,5504,1503,2199,1459,343,2969,0,2969,0,2533,"1 415,5",1 443
15.06.2016,4667,5002,5049,1801,2199,794,255,257,0,257,0,2522,"1 476,5",1 443
14.06.2016,4584,4755,5104,1801,2199,841,262,2869,0,2869,0,252,"1 460,1",1 443
10.06.2016,4009,4526,5164,1804,2199,904,256,3157,0,3157,0,252,"1 494,7",1 443
09.06.2016,3579,4539,5075,1804,2199,816,255,3053,0,3053,0,2516,"1 547,1","1 451,1"
08.06.2016,3057,4946,593,1503,2966,1168,293,350,0,350,0,2516,1 640,"1 451,1"
07.06.2016,3806,5456,6243,1503,2966,1511,263,3287,0,3287,0,250,"1 616,1","1 451,1"
06.06.2016,4694,5725,6117,1503,2966,1392,257,2888,0,2888,0,2495,"1 554,2","1 451,1"
03.06.2016,697,5809,618,1503,2966,1355,357,2868,0,2868,0,2496,1 335,"1 451,1"
02.06.2016,7198,6974,7354,1503,2966,2527,357,2878,0,2878,0,2498,"1 428,7","1 451,1"
01.06.2016,7958,"1 170,6","1 261,4",605,2966,752,2845,3403,0,3403,0,2496,"1 825,9","1 451,1"
31.05.2016,6952,"1 003,7","1 052,3",6051,2966,1145,362,2962,0,2962,0,2476,"1 759,6","1 451,1"
30.05.2016,7479,9169,9485,6051,2966,112,355,2792,0,2792,0,2477,"1 620,1","1 451,1"
27.05.2016,8298,9109,9608,6112,2966,119,41,2976,0,2976,0,2477,"1 532,2","1 451,1"
26.05.2016,8973,9092,9574,6113,2967,107,386,2953,0,2953,0,2471,1 463,"1 451,1"
25.05.2016,6105,7524,8027,4308,2967,38,371,297,0,297,0,2467,1 593,"1 451,1"
24.05.2016,7431,8466,9063,4308,2967,1399,388,3021,0,3021,0,2424,"1 554,6","1 451,1"
23.05.2016,5715,8002,8518,4309,2967,868,374,2928,0,2928,0,2412,"1 679,8","1 451,1"
20.05.2016,5248,7234,7927,4309,2967,27,381,3103,0,3103,0,2409,"1 649,7","1 451,1"
19.05.2016,5611,7208,794,4309,2967,281,383,314,0,314,0,2407,"1 610,8","1 451,1"
18.05.2016,5601,8107,8856,2102,3797,2592,366,3149,0,3149,0,240,"1 701,7","1 451,1"
17.05.2016,7035,7318,7758,2102,3797,1473,386,2839,0,2839,0,2399,"1 479,4","1 451,1"
16.05.2016,6646,6043,639,2104,3797,103,387,2761,0,2761,0,2414,"1 390,8","1 451,1"
13.05.2016,6519,6148,6621,2104,3797,333,387,2878,0,2878,0,2405,1 414,"1 451,1"
12.05.2016,5932,6277,7068,2105,3797,765,402,3189,0,3189,0,2399,"1 414,6","1 380,1"
11.05.2016,5785,414,1 027,4104,5708,71,387,8527,0,8527,0,2397,"1 215,6","1 380,1"
10.05.2016,7414,9723,"1 032,8",4105,5708,83,431,3001,0,3001,0,2397,1 611,"1 380,1"
06.05.2016,"1 002,2","1 011,4","1 033,3",4105,5734,77,416,2614,0,2614,0,2396,"1 389,3","1 380,1"
05.05.2016,"1 124,2","1 025,4","1 032,8",4109,5734,97,389,247,0,247,0,2396,"1 281,3","1 380,1"
04.05.2016,"1 143,6","1 329,4","1 347,1",429,5734,2155,1292,2572,0,2572,0,2395,"1 565,9","1 380,1"
29.04.2016,"1 149,6","1 061,4","1 082,4",4292,5739,411,382,2589,0,2589,0,238,"1 291,9","1 380,1"
28.04.2016,9682,"1 009,3","1 068,4",432,5739,234,391,2968,0,2968,0,2378,"1 421,2","1 380,1"
27.04.2016,"1 018,1","1 020,8","1 187,5",5331,5949,204,391,4051,0,4051,0,2385,"1 382,8","1 380,1"
26.04.2016,"1 211,3","1 089,3","1 188,3",5331,5949,21,393,3361,0,3361,0,2372,"1 258,1","1 380,1"
25.04.2016,7633,"1 056,6",1 181,5331,5949,137,393,3616,0,3616,0,2372,"1 673,4","1 380,1"
22.04.2016,7187,"1 080,5","1 180,2",5339,5949,97,417,3373,0,3373,0,2377,"1 741,9","1 380,1"
21.04.2016,7288,"1 118,7","1 195,8",5412,6039,109,399,3138,0,3138,0,2368,1 770,"1 380,1"
20.04.2016,8128,977,"1 025,7",2504,7273,8,40,2778,0,2778,0,2292,"1 544,3","1 380,1"
19.04.2016,9227,9739,"1 027,7",2504,7273,10,40,2833,0,2833,0,2294,"1 431,3","1 380,1"
18.04.2016,8999,977,"1 025,2",2504,7273,82,393,2785,0,2785,0,2302,"1 457,2","1 380,1"
15.04.2016,8296,9769,"1 026,1",2505,7273,81,402,2794,0,2794,0,2302,"1 527,4","1 380,1"
14.04.2016,7405,9334,"1 027,7",2506,7273,109,389,3248,0,3248,0,2305,1 573,"1 380,1"
13.04.2016,7912,9511,"1 035,2",2203,7338,421,391,3142,0,3142,0,2301,1 540,"1 380,1"
12.04.2016,8463,9658,"1 042,2",2204,7363,464,391,3063,0,3063,0,2299,"1 499,6","1 380,1"
11.04.2016,9245,"1 010,7",1 073,2204,7363,755,408,2933,0,2933,0,2309,"1 466,3","1 380,1"
08.04.2016,8837,"1 068,8","1 144,2",2205,7363,1467,408,3048,0,3048,0,2294,"1 565,2","1 380,1"
07.04.2016,9877,"1 069,9","1 153,3",2205,7363,1547,418,3127,0,3127,0,2294,"1 521,3","1 439,1"
06.04.2016,"1 016,6",8032,"1 463,5",6493,7363,297,482,8892,0,8892,0,2289,"1 225,7","1 439,1"
05.04.2016,"1 079,7","1 172,5","1 461,2",650,7448,247,418,5173,0,5173,0,2286,"1 531,9","1 439,1"
04.04.2016,"1 105,9",1 409,"1 463,1",650,7449,265,418,2827,0,2827,0,2286,"1 742,2","1 439,1"
01.04.2016,"1 316,7",2 055,"2 228,9",6503,7449,1926,6412,4009,0,4009,0,227,"2 177,4","1 439,1"
31.03.2016,"1 513,5","1 598,9","1 656,5",6615,7449,2064,437,2846,0,2846,0,227,"1 524,5","1 439,1"
30.03.2016,"1 575,4","1 701,8","1 752,7",7988,7449,1653,438,2775,0,2775,0,2265,"1 565,5","1 439,1"
29.03.2016,"1 683,3","1 755,7","1 798,3",7996,7449,1995,544,266,0,266,0,2234,"1 511,5","1 439,1"
28.03.2016,1 764,"1 578,9","1 632,2",8003,7449,414,457,2766,0,2766,0,2233,1 254,"1 439,1"
25.03.2016,"1 299,6","1 504,6","1 598,6",8017,7449,99,42,3173,0,3173,0,2232,"1 644,1","1 439,1"
24.03.2016,"1 206,5","1 494,1",1 598,8018,7449,93,42,3268,0,3268,0,2229,"1 726,7","1 439,1"
23.03.2016,"1 225,9","1 413,4","1 483,3",6672,7449,293,419,2928,0,2928,0,2229,"1 626,6","1 439,1"
22.03.2016,1 009,"1 206,6","1 464,8",6677,7449,102,421,4788,0,4788,0,2206,"1 636,7","1 439,1"
21.03.2016,1 022,"1 322,7","1 496,9",6679,7449,29,551,3946,0,3946,0,2204,"1 739,8","1 439,1"
18.03.2016,"1 148,7","1 324,4",1 494,671,7449,253,528,3902,0,3902,0,2206,"1 614,8","1 439,1"
17.03.2016,1 184,"1 398,9","1 607,8",6715,7449,1384,531,4295,0,4295,0,2206,1 654,"1 439,1"
16.03.2016,"1 184,2","1 111,7",1 342,4323,7449,1108,54,4508,0,4508,0,2205,"1 366,6","1 439,1"
15.03.2016,"1 165,5","1 135,5","1 356,2",4325,7449,1247,542,4396,0,4396,0,2188,"1 409,1","1 439,1"
14.03.2016,"1 105,6","1 134,1","1 338,6",4328,7449,1069,541,4203,0,4203,0,2158,"1 467,6","1 439,1"
11.03.2016,"1 122,5","1 131,1","1 349,4",4409,7449,1089,547,4366,0,4366,0,2183,"1 447,7","1 439,1"
10.03.2016,"1 087,8","1 258,2","1 380,5",441,7449,1399,548,3397,0,3397,0,2174,"1 586,6","1 416,2"
09.03.2016,"1 155,6","1 331,1","1 429,8",4241,7706,1498,853,3011,0,3011,0,2024,"1 591,7","1 416,2"
04.03.2016,"1 249,1","1 358,3","1 428,2",4241,7706,1582,753,2815,0,2815,0,2115,"1 525,4","1 416,2"
03.03.2016,"1 299,5","1 355,2","1 440,4",431,7706,1509,879,2965,0,2965,0,2114,"1 471,9","1 416,2"
02.03.2016,"1 329,8","1 470,9",1 557,4909,9312,703,646,2962,0,2962,0,2102,"1 557,3","1 416,2"
01.03.2016,"1 564,4","1 921,7","2 051,2",491,9314,3367,2921,3387,0,3387,0,2093,"1 773,5","1 416,2"
29.02.2016,"1 606,5","1 522,2","1 604,6",491,9314,1171,652,2915,0,2915,0,2091,"1 331,9","1 416,2"
26.02.2016,"1 639,3","1 538,3","1 643,8",491,9314,1598,616,314,0,314,0,2084,"1 315,2","1 416,2"
25.02.2016,"1 271,8","1 485,3","1 622,1",4911,9314,1395,602,343,0,343,0,2062,"1 629,7","1 416,2"
24.02.2016,"1 234,9","1 484,3","1 683,5",5371,9314,1693,457,4057,0,4057,0,2066,"1 665,6","1 416,2"
20.02.2016,"1 355,7","1 530,3","1 666,3",5371,9314,1522,457,3442,0,3442,0,2082,"1 590,8","1 416,2"
19.02.2016,"1 328,2","1 547,2","1 659,5",5408,9314,1417,456,3199,0,3199,0,2077,"1 635,2","1 416,2"
18.02.2016,1 432,"1 490,3","1 571,8",5412,9314,533,459,2893,0,2893,0,2078,"1 474,5","1 416,2"
17.02.2016,"1 192,4","1 382,7","1 478,7",3806,9809,726,446,3034,0,3034,0,2074,"1 606,5","1 416,2"
16.02.2016,"1 255,4","1 331,3","1 465,9",3807,9809,595,448,3402,0,3402,0,2057,"1 492,1","1 416,2"
15.02.2016,"1 044,5","1 341,8","1 451,4",3807,9809,484,414,3151,0,3151,0,2055,"1 713,5","1 416,2"
12.02.2016,"1 018,6","1 340,6","1 443,5",3807,981,402,416,3074,0,3074,0,2045,"1 738,2","1 416,2"
11.02.2016,9877,"1 321,6","1 446,5",3809,981,412,435,3284,0,3284,0,2035,1 701,"1 367,1"
10.02.2016,"1 419,8",8929,"1 697,8",994,"1 129,1",2879,1814,"1 008,1",0,"1 008,1",0,2033,8402,"1 367,1"
09.02.2016,"1 639,2",1 230,"1 709,1",995,"1 129,1",3068,1737,6801,0,6801,0,201,9579,"1 367,1"
08.02.2016,"1 690,1","1 599,7","1 717,5",995,"1 129,1",3151,1738,3175,0,3175,0,1997,"1 276,7","1 367,1"
05.02.2016,"1 689,8",1 637,1 736,1002,"1 129,3",3328,1737,2989,0,2989,0,1998,"1 314,3","1 367,1"
04.02.2016,"1 629,3","1 650,1","1 758,2",1002,"1 129,4",3548,1736,3063,0,3063,0,1983,"1 387,9","1 367,1"
03.02.2016,"1 816,1","2 115,7","2 261,3",7672,"1 254,4",656,174,3422,0,3422,0,1966,"1 666,7","1 367,1"
02.02.2016,"2 125,5",2 264,"2 524,5",7672,"1 424,4",684,2644,4584,0,4584,0,198,"1 505,6","1 367,1"
01.02.2016,"2 198,3","2 578,2","2 786,3",7715,"1 424,4",2491,3412,406,0,406,0,198,1 747,"1 367,1"
29.01.2016,"2 401,5","2 393,7","2 474,9",7717,"1 424,4",1042,1745,278,0,278,0,1968,"1 359,3","1 367,1"
28.01.2016,"2 603,5","2 423,2","2 501,1",7718,"1 424,4",1405,1644,275,0,275,0,1971,"1 186,8","1 367,1"
27.01.2016,"2 802,6","2 762,5","2 880,7",6169,"1 517,9",5814,1644,3151,0,3151,0,1969,1 327,"1 367,1"
26.01.2016,"2 793,8","2 714,1","2 818,7",6189,"1 517,9",5158,166,3016,0,3016,0,1969,"1 287,4","1 367,1"
25.01.2016,2 231,"2 398,7","2 591,3",6207,"1 517,9",2865,1661,3891,0,3891,0,1966,"1 534,8","1 367,1"
22.01.2016,"2 116,9","2 457,3","2 600,7",621,"1 517,9",2962,1656,3403,0,3403,0,1969,"1 707,5","1 367,1"
21.01.2016,"2 096,9","2 365,9","2 570,2",6214,"1 517,9",2646,1663,400,0,400,0,1957,"1 636,1","1 367,1"
20.01.2016,"2 301,9","2 680,3","2 853,3",8417,"1 517,9",3272,1665,3666,0,3666,0,1936,"1 745,5","1 367,1"
19.01.2016,"2 457,9","2 781,9","2 906,8",8417,"1 517,9",3122,235,3179,0,3179,0,193,"1 691,1","1 367,1"
18.01.2016,"2 448,2","2 723,8","2 839,1",8418,"1 517,9",3139,1654,3036,0,3036,0,1883,"1 642,7","1 367,1"
15.01.2016,2 413,"2 766,8","2 867,5",8418,1 518,3427,165,289,0,289,0,1883,"1 720,9","1 367,1"
14.01.2016,"2 583,7","2 833,7","2 924,8",8419,1 518,3993,1656,2791,0,2791,0,188,"1 617,1","1 367,1"
13.01.2016,"2 540,4","3 159,8","3 355,5","1 447,2","1 553,8",1178,2366,3793,0,3793,0,1836,"1 986,5","1 367,1"
12.01.2016,2 627,"3 278,3","3 468,3","1 448,2","1 553,8",2279,2384,3688,0,3688,0,1789,"2 018,4","1 367,1"
11.01.2016,2 817,"3 140,9","3 520,1","1 448,5","1 553,8",2797,2381,5578,0,5578,0,1785,1 691,"1 367,1"
01.01.2016,"2 862,1","3 137,4","3 516,6","1 448,5","1 553,8",2762,2381,5578,0,5578,0,1785,1 594,"1 318,7"
31.12.2015,"3 020,6","3 065,4","3 588,2","1 448,5","1 624,3",2762,2392,7013,0,7013,0,1785,"1 363,5","1 318,7"
30.12.2015,"2 793,3","3 366,2","3 625,5",1 313,"1 666,5",3932,2528,4361,0,4361,0,1768,"1 891,6","1 318,7"
29.12.2015,"3 159,3","3 343,3","3 534,5","1 313,4","1 666,7",3559,1985,3689,0,3689,0,1777,"1 502,7","1 318,7"
28.12.2015,"3 100,2","3 171,2","3 411,1","1 313,6","1 668,1",2768,1527,4132,0,4132,0,1733,"1 389,7","1 318,7"
25.12.2015,"2 868,3","3 056,9","3 327,5","1 318,4","1 688,1",1673,1537,4438,0,4438,0,1733,"1 507,3","1 318,7"
24.12.2015,"2 795,9","3 070,5","3 312,5","1 318,5",1 689,1512,1539,4139,0,4139,0,1719,"1 593,3","1 318,7"
23.12.2015,"2 420,9","3 012,3","3 122,3","1 001,3",1 689,277,155,2816,0,2816,0,1716,"1 910,1","1 318,7"
22.12.2015,"2 542,6","3 141,5","3 229,7","1 001,4","1 761,7",2915,1752,2589,0,2589,0,1706,"1 917,6","1 318,7"
21.12.2015,"2 644,5","3 130,5","3 174,7","1 001,6","1 761,7",2971,1144,2117,0,2117,0,1676,"1 804,7","1 318,7"
18.12.2015,2 549,"3 094,4","3 135,8","1 001,7","1 761,7",2571,1153,2087,0,2087,0,1673,"1 864,1","1 318,7"
17.12.2015,"2 527,6","2 990,8",3 055,"1 001,9","1 761,7",1782,1134,2281,0,2281,0,1639,"1 781,9","1 318,7"
16.12.2015,"2 551,7","3 101,7","3 172,6",7514,"1 761,9",5459,1133,2348,0,2348,0,1639,"1 868,7","1 318,7"
15.12.2015,2 522,"2 960,7",3 049,7514,"1 761,9",4219,1138,2515,0,2515,0,1631,"1 757,4","1 318,7"
14.12.2015,"2 443,7","2 753,8","2 936,6",7516,"1 761,9",3093,1138,3425,0,3425,0,1597,"1 628,8","1 318,7"
11.12.2015,2 471,"2 730,7","3 020,7",7516,"1 762,2",3928,114,4491,0,4491,0,1592,"1 578,4","1 318,7"
10.12.2015,"2 447,2","2 457,2","2 887,7",7517,"1 762,2",1593,2145,5632,0,5632,0,1327,1 300,1 290
09.12.2015,"2 460,3","2 741,3","3 021,9",551,"1 733,2",5249,2127,4392,0,4392,0,1586,1 571,1 290
08.12.2015,"2 534,4",2 433,"2 727,1",5511,"1 733,2",3288,1139,4526,0,4526,0,1586,"1 188,6",1 290
07.12.2015,"2 561,4",2 381,"2 672,7",5511,"1 733,2",2745,1139,4503,0,4503,0,1585,"1 109,6",1 290
04.12.2015,"2 595,2","2 615,3","2 892,3",5511,"1 936,7",2826,1219,4339,0,4339,0,1568,"1 310,1",1 290
03.12.2015,"2 637,1","2 544,7","2 823,3",5512,1 937,2212,1139,4349,0,4349,0,1563,"1 197,6",1 290
02.12.2015,"2 649,1","2 854,1","3 138,8",9516,"1 967,9",1044,1149,4408,0,4408,0,1562,1 495,1 290
01.12.2015,"2 769,6","2 863,2",3 125,9518,"1 967,9",90,1153,4176,0,4176,0,1558,"1 383,6",1 290
30.11.2015,"2 768,5","2 891,6","3 111,8",9519,"1 967,9",769,1151,3743,0,3743,0,1541,"1 413,1",1 290
27.11.2015,"2 737,3","2 869,3",3 106,9519,"1 967,9",709,1153,3908,0,3908,0,1541,1 422,1 290
26.11.2015,"2 740,3","2 827,1",3 067,9523,"1 967,9",314,1154,3907,0,3907,0,1508,"1 376,8",1 290
25.11.2015,"2 319,6","2 862,8","3 139,5",9784,"1 967,9",764,1167,4271,0,4271,0,1504,"1 833,2",1 290
24.11.2015,"2 409,8","2 853,6","3 134,1",9785,"1 967,9",696,1182,4309,0,4309,0,1504,"1 733,8",1 290
23.11.2015,"2 533,3","2 889,1","3 166,8",9785,"1 967,9",962,1242,4283,0,4283,0,1506,"1 645,8",1 290
20.11.2015,"2 616,4","2 948,4","3 249,9",9785,"1 967,9",1862,1173,4344,0,4344,0,133,1 622,1 290
19.11.2015,"2 671,6","2 929,8","3 217,4",9821,"1 971,2",1461,1179,4203,0,4203,0,1327,"1 548,2",1 290
18.11.2015,"2 585,4","2 633,8","2 954,5",7714,"1 971,2",924,1195,4533,0,4533,0,1325,"1 338,4",1 290
17.11.2015,"2 707,7","2 719,7","2 931,2",7715,"1 971,2",706,1179,3438,0,3438,0,1323,1 302,1 290
16.11.2015,"2 634,1","2 673,9",2 882,7716,"1 971,2",216,1177,3365,0,3365,0,1284,"1 329,8",1 290
13.11.2015,"2 584,1",2 702,"2 878,7",7718,"1 971,2",17,1187,3042,0,3042,0,1275,"1 407,9",1 290
12.11.2015,"2 567,4","2 772,8","2 881,2",7719,"1 971,2",18,1201,2338,0,2338,0,1254,"1 495,4",1 290
11.11.2015,"2 562,8","2 936,9","3 022,9",5712,"2 195,5",1366,1195,2089,0,2089,0,123,"1 664,1",1 290
10.11.2015,"2 707,3","2 714,4","3 012,9",5712,"2 195,5",1267,1195,4208,0,4208,0,1222,"1 327,7","1 320,6"
09.11.2015,"2 789,1","2 937,8","3 031,4",5713,"2 195,5",1451,1195,2157,0,2157,0,1222,"1 469,3","1 320,6"
06.11.2015,"2 849,8","2 978,2","3 075,6",5713,"2 195,6",1891,1196,2198,0,2198,0,1223,1 449,"1 320,6"
05.11.2015,"2 929,8","3 368,9",3 455,"1 088,5","2 216,4",329,1171,2062,0,2062,0,1201,"1 759,7","1 320,6"
03.11.2015,3 220,"3 376,4","3 462,5","1 092,1","2 216,4",347,1192,2062,0,2062,0,1201,1 477,"1 320,6"
02.11.2015,"3 272,4","3 372,7","3 505,2","1 092,3","2 216,7",773,1188,2525,0,2525,0,1199,"1 420,9","1 320,6"
30.10.2015,"3 253,4","3 375,3","3 465,5","1 092,7","2 216,7",362,120,2068,0,2068,0,1165,"1 442,5","1 320,6"
29.10.2015,"3 338,9","3 389,1","3 466,9",1 093,"2 216,8",396,1175,1926,0,1926,0,1148,"1 370,8","1 320,6"
28.10.2015,"3 262,4","3 441,5","3 528,2","1 159,8","2 217,3",319,1192,1997,0,1997,0,113,"1 499,7","1 320,6"
27.10.2015,"3 564,9","3 455,8","3 535,2","1 160,2","2 217,3",357,122,1918,0,1918,0,1125,"1 211,5","1 320,6"
26.10.2015,"3 189,1",3 425,"3 527,2","1 161,2","2 217,3",25,1236,2141,0,2141,0,1119,"1 556,5","1 320,6"
23.10.2015,"3 144,7","3 500,7","3 592,8","1 161,8","2 217,3",899,1238,2036,0,2036,0,1115,"1 676,6","1 320,6"
22.10.2015,"3 140,5","3 529,9","3 653,6","1 162,8","2 217,3",147,1264,2341,0,2341,0,1104,1 710,"1 320,6"
21.10.2015,"3 045,7","3 361,4","3 474,2","1 027,2","2 217,6",1053,1241,2238,0,2238,0,1109,"1 636,3","1 320,6"
20.10.2015,"3 079,3","3 313,9","3 430,7","1 027,8","2 217,6",607,1246,2271,0,2271,0,1104,"1 555,2","1 320,6"
19.10.2015,"3 131,2",3 338,"3 447,8","1 031,4","2 217,6",761,1226,2204,0,2204,0,1106,"1 527,4","1 320,6"
16.10.2015,3 247,"3 351,9","3 464,5","1 032,4","2 217,7",92,1224,2232,0,2232,0,1106,"1 425,5","1 320,6"
15.10.2015,"3 147,9","3 292,3","3 407,5","1 032,5",2 218,346,1224,2259,0,2259,0,1107,1 465,"1 320,6"
14.10.2015,"3 167,3","3 226,2",3 354,7279,"2 395,1",1034,1276,2384,0,2384,0,1106,"1 379,5","1 320,6"
13.10.2015,"3 205,3","3 240,8","3 387,2",728,"2 395,1",1438,1203,257,0,257,0,1106,"1 356,1","1 320,6"
12.10.2015,"3 351,1",3 099,"3 321,4",7284,"2 395,8",698,1275,3312,0,3312,0,1088,"1 068,5","1 320,6"
09.10.2015,"3 226,5","3 050,6","3 316,2",7284,2 398,633,1266,3743,0,3743,0,1088,"1 081,3","1 257,2"
08.10.2015,3 265,"2 975,6","3 322,2",7316,2 400,653,1253,455,0,455,0,1085,9678,"1 257,2"
07.10.2015,"3 297,9","3 251,1",3 569,9118,"2 411,7",1154,1301,426,0,426,0,108,"1 210,4","1 257,2"
06.10.2015,"3 194,8","3 351,7","3 597,5",9118,"2 438,1",1171,1305,3501,0,3501,0,1044,"1 414,1","1 257,2"
05.10.2015,"3 279,2","3 456,2","3 598,3",9118,"2 438,2",1178,1305,2464,0,2464,0,1043,"1 434,2","1 257,2"
02.10.2015,"3 378,8","3 458,7","3 614,1",9119,"2 438,2",1334,1306,2597,0,2597,0,1043,"1 337,1","1 257,2"
01.10.2015,"3 394,2","3 590,8","3 767,6",912,"2 438,8",2893,1275,2805,0,2805,0,1038,"1 453,8","1 257,2"
30.09.2015,"3 617,8","3 932,8",4 096,"1 441,3","2 472,3",538,1286,2668,0,2668,0,1035,"1 572,2","1 257,2"
29.09.2015,"3 932,9","3 909,7","4 090,9","1 441,3","2 472,3",492,128,2846,0,2846,0,1035,1 234,"1 257,2"
28.09.2015,"3 784,3","3 928,4","4 083,7","1 441,4","2 472,6",423,1274,2597,0,2597,0,1045,"1 401,3","1 257,2"
25.09.2015,"3 398,6","3 912,9",4 080,"1 443,2","2 473,1",408,123,2731,0,2731,0,1059,"1 771,5","1 257,2"
24.09.2015,"3 306,6","3 951,2","4 091,6","1 443,2","2 473,1",423,1329,2459,0,2459,0,1055,"1 901,8","1 257,2"
23.09.2015,"3 387,5","3 763,7","3 889,4","1 097,4","2 473,2",186,1329,2312,0,2312,0,1055,"1 633,4","1 257,2"
22.09.2015,"3 451,1","3 755,7","3 868,4","1 097,6","2 473,2",1618,1358,2188,0,2188,0,1062,"1 561,8","1 257,2"
21.09.2015,"3 482,5","3 829,4","3 940,7","1 097,8","2 474,8",2343,1339,217,0,217,0,1058,"1 604,1","1 257,2"
18.09.2015,"3 584,7","3 742,7","3 855,3","1 098,9","2 474,8",1478,1338,2192,0,2192,0,1066,"1 415,2","1 257,2"
17.09.2015,"3 524,5","3 755,1","3 873,9","1 102,4","2 474,8",1622,1345,2252,0,2252,0,1063,"1 487,8","1 257,2"
16.09.2015,"3 512,3","3 581,2","3 698,8",9517,"2 474,8",1388,1335,2239,0,2239,0,1063,"1 326,1","1 257,2"
15.09.2015,"3 628,3","3 595,1","3 722,8",9518,"2 474,9",1628,1333,2329,0,2329,0,1053,1 224,"1 257,2"
14.09.2015,3 568,"3 549,5",3 678,9519,"2 474,9",564,1948,2337,0,2337,0,1053,"1 238,7","1 257,2"
11.09.2015,"3 514,6","3 623,5","3 761,9",9519,"2 474,9",196,3155,2411,0,2411,0,1027,"1 366,1","1 257,2"
10.09.2015,"3 429,5","3 190,5","3 774,8",9521,"2 483,9",194,3195,6755,0,6755,0,912,8296,"1 068,6"
09.09.2015,"3 320,4","3 458,2","3 698,6",7286,"2 520,6",1356,3138,3429,0,3429,0,1024,"1 206,4","1 068,6"
08.09.2015,"3 512,7","3 544,4","3 721,4",7289,"2 548,1",1302,3142,2792,0,2792,0,1022,"1 100,3","1 068,6"
07.09.2015,"3 523,3","3 536,3","3 724,5",7315,"2 548,1",1257,3191,2904,0,2904,0,1022,"1 081,6","1 068,6"
04.09.2015,"3 560,3","3 608,7","3 780,3",7316,"2 598,3",135,3155,2738,0,2738,0,1022,1 117,"1 068,6"
03.09.2015,"3 663,8","3 628,2","3 780,3",7316,"2 598,7",134,3159,263,0,263,0,1109,1 033,"1 068,6"
02.09.2015,3 731,"4 049,5","4 201,2","1 226,7","2 598,8",604,3153,2626,0,2626,0,111,"1 387,1","1 068,6"
01.09.2015,3 813,"4 041,5","4 227,9","1 226,8","2 598,8",874,315,291,0,291,0,1046,"1 297,1","1 068,6"
31.08.2015,"3 863,1","4 051,4","4 157,6","1 227,2",2 599,158,3155,2065,0,2065,0,1003,"1 256,9","1 068,6"
28.08.2015,"3 889,1","4 039,8",4 159,"1 231,3","2 599,2",137,3147,2195,0,2195,0,1003,"1 219,3","1 068,6"
27.08.2015,"4 033,8","4 048,7","4 170,4","1 232,7","2 599,2",235,315,2216,0,2216,0,100,"1 083,5","1 068,6"
26.08.2015,"4 069,3","3 985,6","4 102,6","1 081,3","2 599,2",1052,3168,2168,0,2168,0,998,9849,"1 068,6"
25.08.2015,"3 629,8","3 899,4","4 027,5","1 081,7","2 599,2",315,315,2279,0,2279,0,998,"1 338,2","1 068,6"
24.08.2015,"3 601,1","3 897,6","4 020,8","1 081,9","2 599,3",249,3147,220,0,220,0,968,"1 365,1","1 068,6"
21.08.2015,"3 720,2","3 893,9","4 016,6","1 082,2","2 599,3",204,3146,2196,0,2196,0,969,"1 242,3","1 068,6"
20.08.2015,"3 540,2","3 883,6","4 011,8","1 082,4","2 599,3",157,3144,2241,0,2241,0,96,1 412,"1 068,6"
19.08.2015,"3 569,6",3 750,"3 863,8",9018,"2 599,5",48,3145,2015,0,2015,0,877,1 249,"1 068,6"
18.08.2015,3 563,"3 749,5","3 861,3",9019,"2 599,7",452,3145,2002,0,2002,0,883,"1 255,1","1 068,6"
17.08.2015,"3 637,5","3 740,7","3 858,6",9019,"2 599,7",423,3147,2065,0,2065,0,886,"1 171,8","1 068,6"
14.08.2015,3 663,"3 732,9","3 863,2",9019,"2 599,7",456,316,2165,0,2165,0,862,"1 138,5","1 068,6"
13.08.2015,"3 590,9","3 693,7","3 860,8",902,"2 600,5",411,3172,253,0,253,0,859,"1 171,4","1 068,6"
12.08.2015,"3 643,6","3 913,4",4 064,"1 113,1","2 579,7",507,3205,2354,0,2354,0,848,"1 338,4","1 068,6"
11.08.2015,3 686,"3 887,1","4 066,9","1 113,2","2 579,7",552,3188,2605,0,2605,0,807,"1 269,7","1 068,6"
10.08.2015,"3 777,5","3 676,7","4 086,7","1 113,5",2 609,438,3203,4852,0,4852,0,751,9476,"1 048,4"
07.08.2015,"3 850,1","3 790,3","4 086,6","1 113,7","2 609,4",461,3174,3747,0,3747,0,785,9886,"1 048,4"
06.08.2015,"3 859,4","3 814,8","4 119,8","1 122,5","2 631,9",465,319,3792,0,3792,0,742,"1 003,8","1 048,4"
05.08.2015,"3 908,2","4 208,2","4 564,8","1 592,2",2 632,221,3186,4299,0,4299,0,733,"1 348,4","1 048,4"
04.08.2015,"4 024,4","4 327,1","4 559,6","1 592,3","2 632,8",179,3166,2939,0,2939,0,615,"1 351,1","1 048,4"
03.08.2015,"4 077,7","4 317,9","4 570,9",1 593,"2 632,8",274,3177,3217,0,3217,0,687,"1 288,6","1 048,4"
31.07.2015,"4 171,9","4 215,1","4 609,8","1 593,6","2 632,8",595,3239,4635,0,4635,0,688,"1 091,6","1 048,4"
30.07.2015,"4 194,3",4 326,"4 568,4","1 593,7","2 632,8",182,3238,3109,0,3109,0,685,"1 180,1","1 048,4"
29.07.2015,"4 235,3","4 341,6","4 544,4","1 619,8",2 558,42,3245,2713,0,2713,0,685,"1 154,7","1 048,4"
28.07.2015,4 399,"4 345,4","4 545,9","1 622,8",2 558,396,3255,269,0,269,0,685,9948,"1 048,4"
27.07.2015,"4 055,2","4 277,3","4 546,1","1 623,2",2 558,388,3261,3372,0,3372,0,685,"1 270,5","1 048,4"
24.07.2015,"3 891,8","4 306,2","4 595,9","1 623,2",2 608,383,3264,359,0,359,0,693,"1 462,8","1 048,4"
23.07.2015,"3 766,4","4 310,2","4 601,6","1 623,7","2 612,1",393,3265,3601,0,3601,0,687,"1 592,2","1 048,4"
22.07.2015,"3 797,1","4 025,8","4 214,1","1 232,4","2 612,1",445,3251,2571,0,2571,0,687,"1 277,1","1 048,4"
21.07.2015,"3 875,1","4 061,8","4 271,3","1 232,7","2 614,3",995,3249,2779,0,2779,0,685,"1 235,1","1 048,4"
20.07.2015,"3 890,3","4 033,4","4 214,5","1 232,8","2 614,3",422,3253,2496,0,2496,0,685,"1 191,5","1 048,4"
17.07.2015,"3 938,1","4 185,8","4 367,3","1 232,8","2 624,3",1842,326,2503,0,2503,0,688,"1 296,1","1 048,4"
16.07.2015,"3 986,3","4 074,2",4 256,"1 232,8","2 624,3",673,3317,2503,0,2503,0,685,"1 136,3","1 048,4"
15.07.2015,"3 904,3","4 196,6","4 382,3","1 372,7","2 645,5",361,3281,2537,0,2537,0,68,"1 340,7","1 048,4"
14.07.2015,"4 014,2","4 192,4","4 381,1","1 372,8","2 645,6",369,3257,2568,0,2568,0,681,"1 226,6","1 048,4"
13.07.2015,"4 054,1","4 177,8","4 373,9","1 372,9","2 645,6",294,326,2633,0,2633,0,672,"1 172,1","1 048,4"
10.07.2015,"4 031,9","3 927,3","4 372,6",1 373,"2 647,1",26,3265,4949,0,4949,0,496,916,"1 020,6"
09.07.2015,"4 034,5","3 942,3","4 370,1","1 373,2","2 647,4",201,3294,4952,0,4952,0,674,9284,"1 020,6"
08.07.2015,"4 156,5","4 031,1","4 493,9","1 451,5","2 647,4",68,327,5302,0,5302,0,674,8952,"1 020,6"
07.07.2015,"4 179,9","4 225,2","4 503,6","1 451,6","2 653,4",675,331,3458,0,3458,0,674,"1 065,9","1 020,6"
06.07.2015,"4 223,8","4 268,8",4 512,"1 451,6","2 653,5",766,3303,3074,0,3074,0,642,"1 065,6","1 020,6"
03.07.2015,"4 154,4","4 302,7","4 540,7","1 452,8","2 653,5",1057,3287,301,0,301,0,629,"1 168,9","1 020,6"
02.07.2015,"4 210,2","4 337,6","4 573,7","1 453,1","2 670,3",1183,332,2923,0,2923,0,562,1 148,"1 020,6"
01.07.2015,"4 402,2","4 689,7","4 926,7","1 572,3",2 685,3258,3436,2931,0,2931,0,562,"1 308,1","1 020,6"
30.06.2015,"4 579,7","4 667,5",4 846,"1 572,8","2 685,4",2487,3391,2347,0,2347,0,562,"1 108,4","1 020,6"
29.06.2015,"4 586,9","4 575,9","4 764,5","1 572,9","2 685,4",1681,338,2442,0,2442,0,556,"1 009,6","1 020,6"
26.06.2015,"4 520,7","4 655,1","4 834,3","1 573,6","2 685,4",2382,3372,2332,0,2332,0,54,1 155,"1 020,6"
25.06.2015,"4 069,6","4 496,1","4 779,6","1 573,6","2 685,4",1836,337,337,0,337,0,535,"1 447,1","1 020,6"
24.06.2015,4 062,"4 638,6","4 891,9","1 694,4","2 685,4",1751,337,3068,0,3068,0,535,"1 597,2","1 020,6"
23.06.2015,"4 186,5","4 637,7","4 900,1","1 694,4","2 685,4",1816,3386,3158,0,3158,0,535,"1 471,8","1 020,6"
22.06.2015,"4 128,1","4 640,3","4 911,5","1 695,9","2 694,9",1812,3395,3161,0,3161,0,449,"1 532,8","1 020,6"
19.06.2015,"4 187,8","4 656,7","4 918,6","1 699,1","2 694,9",1821,3425,3067,0,3067,0,448,"1 489,5","1 020,6"
18.06.2015,"4 252,8","4 659,3","4 944,6","1 703,9",2 703,1952,3426,3295,0,3295,0,441,"1 427,1","1 020,6"
17.06.2015,"4 427,1","4 548,6","4 814,7","1 579,9",2 703,1912,3406,3107,0,3107,0,446,"1 142,1","1 020,6"
16.06.2015,4 597,"4 494,3","4 753,9","1 579,9","2 706,4",1243,3433,3042,0,3042,0,446,9179,"1 020,6"
15.06.2015,"4 513,7","4 437,4","4 676,8","1 580,4","2 706,4",47,343,2825,0,2825,0,432,9443,"1 020,6"
11.06.2015,"4 465,6","4 444,9","4 691,9","1 583,9","2 706,6",585,3428,2902,0,2902,0,432,9999,"1 020,6"
10.06.2015,"4 173,8","4 318,7","4 570,3","1 291,6","2 570,3",3645,3438,2948,0,2948,0,432,"1 151,1","1 006,2"
09.06.2015,"4 225,4",4 343,"4 620,4","1 552,2","2 570,3",1535,3444,3207,0,3207,0,432,"1 123,8","1 006,2"
08.06.2015,"4 255,8","4 264,8","4 527,2","1 492,9","2 583,9",1052,3452,3052,0,3052,0,428,"1 015,2","1 006,2"
05.06.2015,"4 286,5",4 303,"4 541,6","1 293,1","2 586,2",3177,3446,2812,0,2812,0,426,"1 022,7","1 006,2"
04.06.2015,4 342,"4 302,5","4 473,4","1 293,2","2 586,2",2416,3525,2135,0,2135,0,426,9667,"1 006,2"
03.06.2015,"4 366,5","4 602,2",4 772,"1 782,1","2 608,2",263,3554,2124,0,2124,0,426,"1 241,9","1 006,2"
02.06.2015,"4 524,1","4 657,7","4 824,7","1 782,3","2 643,2",285,3708,2084,0,2084,0,414,"1 139,8","1 006,2"
01.06.2015,"4 681,3","4 629,9","4 835,3","1 782,7","2 643,2",433,3662,2468,0,2468,0,414,9548,"1 006,2"
29.05.2015,"4 734,9","4 665,7","4 822,9","1 783,4","2 643,4",29,3671,1986,0,1986,0,414,937,"1 006,2"
28.05.2015,"4 786,1","4 675,7","4 831,9","1 784,3","2 644,2",25,3783,1975,0,1975,0,414,8958,"1 006,2"
27.05.2015,"4 945,9","5 101,9","5 259,8","2 174,7","2 644,4",623,3784,1992,0,1992,0,414,"1 162,2","1 006,2"
26.05.2015,"5 010,6","5 118,6","5 277,7","2 174,9","2 669,3",566,377,2005,0,2005,0,414,"1 114,2","1 006,2"
25.05.2015,"4 594,4","5 074,1","5 270,5","2 174,9","2 671,7",469,3769,2378,0,2378,0,414,"1 485,9","1 006,2"
22.05.2015,"4 589,7","5 076,8","5 272,8","2 175,1","2 671,7",492,3768,2378,0,2378,0,418,"1 493,3","1 006,2"
21.05.2015,"4 608,6","5 108,5","5 273,6","2 175,3","2 671,7",491,3775,207,0,207,0,418,"1 506,1","1 006,2"
20.05.2015,"4 567,8","4 678,7","4 846,8","1 620,8","2 671,7",756,4787,2085,0,2085,0,404,"1 117,1","1 006,2"
19.05.2015,"4 666,3","4 756,4","4 925,2","1 621,8","2 671,7",1518,4798,2083,0,2083,0,394,"1 096,3","1 006,2"
18.05.2015,"4 720,6","4 691,9","4 861,1","1 621,9","2 671,7",76,4916,2093,0,2093,0,401,9775,"1 006,2"
15.05.2015,"4 716,2","4 822,9","4 990,5",1 622,"2 694,4",1664,5077,2072,0,2072,0,396,"1 112,9","1 006,2"
14.05.2015,"4 733,1","4 777,7","4 951,8","1 623,9","2 694,4",1249,5086,2142,0,2142,0,401,"1 050,8","1 006,2"
13.05.2015,"4 749,6","5 252,9","5 428,9",2 244,2 555,1195,5103,2158,0,2158,0,399,"1 509,5","1 006,2"
12.05.2015,"4 846,8","5 017,2","5 350,5","2 244,7","2 571,5",198,5145,3732,0,3732,0,399,"1 176,6","1 006,2"
08.05.2015,"4 978,5","5 096,8",5 348,"2 244,9","2 571,5",167,5149,2906,0,2906,0,394,"1 181,6","1 063,3"
07.05.2015,"5 027,7","5 181,3","5 383,5","2 246,9","2 571,6",449,5201,2408,0,2408,0,386,"1 216,9","1 063,3"
06.05.2015,5 086,"5 281,8","5 469,5","2 132,5","2 612,1",1027,6223,2263,0,2263,0,386,"1 259,1","1 063,3"
05.05.2015,"5 239,8","5 197,6","5 474,3",2 133,"2 612,1",702,659,3139,0,3139,0,372,"1 021,1","1 063,3"
30.04.2015,"5 304,3","5 422,9","5 594,9","2 267,6","2 612,1",972,6179,2057,0,2057,0,337,"1 181,9","1 063,3"
29.04.2015,"5 415,6","5 645,3","5 807,8",2 457,"2 612,2",2224,5161,1962,0,1962,0,337,1 293,"1 063,3"
28.04.2015,"5 219,1","5 582,6","5 750,7","2 459,3","2 612,4",1637,5153,2018,0,2018,0,337,"1 426,8","1 063,3"
27.04.2015,"5 276,5","5 454,3","5 637,4","2 360,3","2 612,4",1472,5174,2145,0,2145,0,314,"1 241,1","1 063,3"
24.04.2015,5 085,"5 298,6","5 510,2","2 365,8","2 613,2",145,5167,2431,0,2431,0,314,"1 276,9","1 063,3"
23.04.2015,"5 074,7","5 372,6","5 540,6","2 366,4","2 617,3",40,5169,1997,0,1997,0,316,"1 361,2","1 063,3"
22.04.2015,5 294,"5 512,3","5 671,5","2 289,6","2 624,8",1788,5782,1908,0,1908,0,316,"1 281,6","1 063,3"
21.04.2015,"5 211,2","5 482,2","5 648,7","2 291,3","2 626,6",827,6481,1973,0,1973,0,308,"1 334,3","1 063,3"
20.04.2015,"5 049,8","5 293,5","5 464,7","2 061,7","2 632,1",1828,5881,2023,0,2023,0,311,1 307,"1 063,3"
17.04.2015,"5 089,3","5 313,8","5 482,2","2 061,8","2 635,5",2248,5601,1996,0,1996,0,312,"1 287,8","1 063,3"
16.04.2015,5 093,"5 293,9",5 467,"2 065,6","2 641,2",2018,5584,2047,0,2047,0,317,"1 264,2","1 063,3"
15.04.2015,"4 788,2","4 839,8",5 013,"1 446,4","2 746,9",272,5477,2049,0,2049,0,317,"1 114,9","1 063,3"
14.04.2015,"4 745,8","4 744,1","4 981,7","1 447,1","2 746,9",2388,5488,2693,0,2693,0,318,"1 061,6","1 063,3"
13.04.2015,"4 740,8","4 742,5",4 950,"1 450,4","2 751,3",1936,5548,2393,0,2393,0,318,1 065,"1 063,3"
10.04.2015,"4 785,2","4 516,8","4 809,3","1 452,1","2 757,2",436,5564,3251,0,3251,0,326,8344,"1 102,8"
09.04.2015,"4 777,9","4 624,5","4 806,5","1 455,8","2 760,8",334,5566,2146,0,2146,0,326,9494,"1 102,8"
08.04.2015,"4 702,9","4 754,8","5 147,9","1 650,5","2 784,8",1354,5771,4256,0,4256,0,326,"1 154,7","1 102,8"
07.04.2015,"4 906,6","4 929,8","5 109,2","1 651,8","2 793,6",841,5797,212,0,212,0,326,1 126,"1 102,8"
06.04.2015,"4 933,3","4 908,5","5 082,5","1 653,1","2 793,8",549,5808,2067,0,2067,0,327,1 078,"1 102,8"
03.04.2015,"4 836,3","4 911,4","5 089,6","1 653,9","2 806,9",463,5825,2109,0,2109,0,327,"1 177,9","1 102,8"
02.04.2015,"4 888,3","5 024,3","5 213,2","1 654,6","2 891,9",754,5914,2214,0,2214,0,326,"1 238,8","1 102,8"
01.04.2015,"5 031,2","5 270,7","5 530,3","1 910,8",2 892,1236,6039,2921,0,2921,0,326,"1 342,3","1 102,8"
31.03.2015,"5 232,6",5 346,"5 540,3","1 911,4",2 892,1363,6007,2258,0,2258,0,315,"1 216,2","1 102,8"
30.03.2015,"5 106,8","5 181,9","5 273,6","1 571,2",2 892,218,5925,1213,0,1213,0,295,"1 177,9","1 102,8"
27.03.2015,"5 077,3","5 190,9","5 285,8","1 752,5",2 892,46,5953,1244,0,1244,0,295,"1 216,4","1 102,8"
26.03.2015,"5 175,6",5 324,"5 416,3","1 574,3",2 892,3426,6073,1218,0,1218,0,295,"1 251,2","1 102,8"
25.03.2015,"4 612,8","4 922,4","5 029,1","1 450,1",2 892,755,6116,1363,0,1363,0,295,"1 412,4","1 102,8"
24.03.2015,"4 644,9","4 919,7","5 023,4","1 450,4",2 906,612,6059,1333,0,1333,0,295,"1 377,6","1 102,8"
23.03.2015,"4 701,1","4 926,6","5 020,7","1 450,4",2 906,545,6098,1236,0,1236,0,295,"1 328,3","1 102,8"
20.03.2015,"4 851,9","5 027,9","5 179,8","1 623,1",2 906,401,6107,1815,0,1815,0,296,"1 278,8","1 102,8"
19.03.2015,"4 787,6","5 063,9","5 170,8",1 454,2 906,207,6039,1313,0,1313,0,244,"1 379,1","1 102,8"
18.03.2015,"4 689,6","4 902,7","5 038,6",1 353,"2 906,1",1433,6362,1603,0,1603,0,244,"1 315,9","1 102,8"
17.03.2015,"4 772,5","4 898,1","5 060,1","1 353,6","2 926,2",1531,6273,1865,0,1865,0,244,"1 228,4","1 102,8"
16.03.2015,"4 767,6","4 712,5","4 959,9","1 353,6","2 951,3",336,6215,2719,0,2719,0,245,"1 047,7","1 102,8"
13.03.2015,"4 524,6",4 687,"4 969,7","1 354,1","2 951,3",426,6218,3067,0,3067,0,24,"1 265,2","1 102,8"
12.03.2015,"4 540,8","4 840,9","4 978,9","1 354,1","2 951,5",54,6193,1621,0,1621,0,24,"1 402,9","1 102,8"
11.03.2015,"4 482,8",4 823,"4 929,8","1 331,1","2 659,6",2734,6658,1313,0,1313,0,245,1 443,"1 102,8"
10.03.2015,"4 588,7","4 728,2","4 832,2","1 333,5","2 659,6",1672,6718,1241,0,1241,0,202,"1 206,2","1 066,7"
06.03.2015,"4 802,1","4 776,7","4 885,9","1 333,9","2 704,1",1705,6775,1337,0,1337,0,244,"1 041,3","1 066,7"
05.03.2015,"4 778,5","4 674,4","4 927,2",1 334,"2 704,1",1937,6954,275,0,275,0,222,9626,"1 066,7"
04.03.2015,"5 082,4","5 164,9","5 383,3","1 430,6","2 751,1",1326,1 069,2411,0,2411,0,227,"1 149,2","1 066,7"
03.03.2015,"5 207,7","5 208,9","5 421,6","1 431,3","2 751,1",1557,"1 083,5",2355,0,2355,0,228,"1 067,9","1 066,7"
02.03.2015,"5 139,4","5 219,4","5 506,1","1 432,3","2 751,2",2296,1 093,3096,0,3096,0,228,"1 146,7","1 066,7"
27.02.2015,"5 173,8",5 257,"5 376,8","1 432,8","2 751,2",998,"1 092,9",1425,0,1425,0,228,"1 149,9","1 066,7"
26.02.2015,"5 202,8","5 331,3","5 453,9","1 434,3","2 751,2",1767,"1 091,7",1454,0,1454,0,228,"1 195,2","1 066,7"
25.02.2015,"4 920,2","5 217,5","5 427,6","1 453,6","2 754,7",1206,"1 098,7",2329,0,2329,0,228,1 364,"1 066,7"
24.02.2015,5 068,"5 275,6","5 403,4","1 454,1","2 754,7",866,"1 107,9",1506,0,1506,0,228,"1 274,3","1 066,7"
20.02.2015,"4 947,5","5 245,3","5 390,4","1 454,2","2 755,4",775,"1 103,3",1678,0,1678,0,228,"1 364,5","1 066,7"
19.02.2015,"4 933,6",5 228,5 382,"1 454,4","2 755,8",67,"1 104,8",1768,0,1768,0,228,"1 361,1","1 066,7"
18.02.2015,"4 839,3","5 129,8","5 307,9","1 201,3","2 755,8",2453,"1 105,5",2009,0,2009,0,228,"1 357,2","1 066,7"
17.02.2015,"4 880,4","5 025,2","5 245,4","1 202,4","2 760,1",1859,"1 096,9",2429,0,2429,0,227,"1 211,5","1 066,7"
16.02.2015,"4 875,8","5 072,3","5 268,4","1 202,5","2 760,1",1812,"1 124,6",2188,0,2188,0,227,"1 263,2","1 066,7"
13.02.2015,"5 037,3","5 130,4",5 406,"1 202,6","2 760,1",3127,"1 130,5",2983,0,2983,0,227,"1 159,8","1 066,7"
12.02.2015,"5 003,2","5 093,6","5 423,1",1 203,"2 769,8",3083,1 142,3254,0,3254,0,-41,"1 157,1","1 066,7"
11.02.2015,"4 801,6","5 011,9","5 169,7","1 300,2","2 477,4",2447,"1 147,3",1805,0,1805,0,227,1 277,"1 066,7"
10.02.2015,"4 848,2","5 083,8","5 452,2",1 301,"2 477,4",5237,"1 150,1",3903,220,1703,0,219,"1 282,7","1 047,1"
09.02.2015,"4 712,8",4 455,"5 114,5","1 301,8","2 478,6",1804,"1 153,7",6814,0,6814,0,219,7893,"1 047,1"
06.02.2015,"4 761,2","4 647,7","5 219,2","1 301,9","2 485,2",2571,1 175,5934,0,5934,0,219,9336,"1 047,1"
05.02.2015,"4 889,8","4 890,4","5 352,1","1 303,9","2 492,5",333,"1 222,7",4834,0,4834,0,217,"1 047,7","1 047,1"
04.02.2015,"5 160,6","5 073,4","5 854,3","2 063,6","2 539,8",282,"1 222,7",8028,410,3928,0,219,9599,"1 047,1"
03.02.2015,"5 337,7",5 247,"5 876,1","2 064,2","2 539,8",448,"1 227,2",6511,4232,2278,0,219,9564,"1 047,1"
02.02.2015,"5 392,4",5 226,"5 961,9","2 064,6","2 542,3",72,"1 283,1",7579,2946,4632,0,219,8807,"1 047,1"
30.01.2015,"5 591,8","5 594,6","6 108,1",2 065,"2 542,4",309,"1 469,9",5355,0,5355,0,219,"1 049,9","1 047,1"
29.01.2015,"5 650,4","5 857,4","6 160,4","2 076,9","2 544,7",162,"1 522,5",3206,0,3206,0,176,"1 254,1","1 047,1"
28.01.2015,"5 985,6","6 316,2","6 516,4",2 206,"2 544,9",2173,"1 548,2",2222,0,2222,0,219,"1 377,7","1 047,1"
27.01.2015,6 134,"6 298,7","6 519,7","2 206,6",2 545,2096,"1 558,5",2431,0,2431,0,221,"1 211,8","1 047,1"
26.01.2015,"5 772,6","6 126,7","6 567,1","2 206,8",2 560,2356,"1 564,8",4626,300,1626,0,222,"1 401,2","1 047,1"
23.01.2015,"5 929,2","6 330,1","6 722,5","2 207,1","2 560,2",2249,"1 730,3",4151,190,2251,0,227,1 448,"1 047,1"
22.01.2015,"6 016,9","6 347,8","6 842,6","2 207,3","2 560,5",2353,"1 839,4",5175,250,2675,0,227,1 378,"1 047,1"
21.01.2015,"6 221,6","6 430,9","6 889,2","2 452,9","2 570,9",196,"1 845,9",4811,2233,2577,0,227,"1 256,4","1 047,1"
20.01.2015,"6 264,4","6 557,1","6 891,7","2 454,2","2 570,9",211,"1 845,5",3585,0,3585,0,238,"1 339,8","1 047,1"
19.01.2015,"6 405,3","6 603,7","6 912,2","2 454,6","2 571,2",185,1 868,3319,0,3319,0,234,"1 245,5","1 047,1"
16.01.2015,"6 389,1","6 593,8","6 954,9","2 455,7","2 579,3",217,"1 898,1",3846,0,3846,0,235,"1 251,8","1 047,1"
15.01.2015,"6 129,7","6 482,3","7 007,5","2 458,1","2 589,3",228,"1 937,1",5486,2275,3211,0,235,"1 399,7","1 047,1"
14.01.2015,"5 861,3","6 671,7","7 133,7","2 700,3","2 370,4",357,"2 027,3",4855,1142,3713,0,235,"1 857,5","1 047,1"
13.01.2015,"6 014,7","6 770,7","7 179,3","2 703,9","2 370,5",408,"2 064,2",4321,0,4321,0,235,"1 803,1","1 047,1"
12.01.2015,"6 076,3","6 571,3","7 439,2","2 707,8","2 370,9",3233,"2 037,2",8045,0,8045,0,-633,"1 542,1","1 047,1"
01.01.2015,"6 217,3","6 465,9","7 333,7","2 707,8","2 370,9",2178,"2 037,2",8045,0,8045,0,-633,"1 215,5",9669
31.12.2014,"6 475,7","6 855,8","7 441,1","2 707,8","2 444,2",2178,"2 071,3",522,0,522,0,-633,1 347,9669
30.12.2014,"6 974,6","7 319,6","7 825,6","3 230,9","2 456,2",837,"2 054,8",5248,0,5248,0,188,"1 311,9",9669
29.12.2014,"6 986,9","7 333,7","7 736,5","3 217,8","2 466,2",744,"1 978,1",3687,0,3687,0,-341,"1 313,7",9669
26.12.2014,"7 014,3","7 268,7","7 701,4","3 194,6","2 470,1",613,"1 975,4",4513,0,4513,0,186,"1 221,3",9669
25.12.2014,"6 959,6","7 250,8",7 689,"3 179,1","2 483,1",1088,1 918,4544,0,4544,0,162,"1 258,1",9669
24.12.2014,"6 795,6","7 461,7","7 693,6","3 400,9","2 239,6",2245,"1 828,6",2482,0,2482,0,162,1 633,9669
23.12.2014,"7 012,4","7 489,4","7 731,7","3 441,4","2 266,9",2746,"1 748,8",2082,0,2082,0,-341,"1 443,9",9669
22.12.2014,"6 731,8","7 626,6",8 004,"3 564,4","2 267,2",4776,"1 694,8",3328,0,3328,0,-447,"1 861,7",9669
19.12.2014,6 161,"7 078,4","7 391,9","3 073,7","2 267,6",6622,"1 388,4",2682,0,2682,0,-453,"1 884,3",9669
18.12.2014,"6 467,3","6 957,3","7 268,4","3 239,8","2 268,5",3959,"1 364,3",3277,0,3277,0,166,"1 456,9",9669
17.12.2014,"6 369,1","7 089,1","7 302,6","3 126,7","2 271,2",6275,"1 277,2",2281,0,2281,0,146,"1 686,9",9669
16.12.2014,"6 346,8","6 777,3","6 929,9","3 209,1","2 271,6",2737,"1 175,5",1692,0,1692,0,166,"1 397,4",9669
15.12.2014,"6 185,2","6 719,7","6 857,4","3 210,8","2 271,6",200,"1 175,1",1543,0,1543,0,166,"1 501,4",9669
12.12.2014,"6 014,3","7 148,9","7 213,5","3 211,3","2 271,6",5621,"1 168,5",812,0,812,0,166,"2 101,5",9669
11.12.2014,"6 129,3","6 732,6","6 820,9",3 216,"2 272,5",2155,"1 116,9",1049,0,1049,0,166,"1 570,2",9669
10.12.2014,"5 889,1","5 806,9","5 976,3","2 757,6","2 184,4",672,9671,1859,0,1859,0,166,8268,909
09.12.2014,"5 908,2","5 707,4","5 857,3","2 763,6","2 185,7",1339,7741,1666,0,1666,0,166,7082,909
08.12.2014,"5 858,3","5 775,1",5 981,"2 767,4","2 185,7",2511,7767,2225,0,2225,0,166,8258,909
05.12.2014,"5 840,1","5 678,2","5 895,2","2 772,5","2 262,2",245,836,2336,0,2336,0,166,7471,909
04.12.2014,"5 757,3","5 641,8","5 910,9","2 775,2",2 284,19,8326,2856,0,2856,0,166,7935,909
03.12.2014,"5 634,6","6 063,9","6 313,9","2 790,3","2 293,1",395,8355,2666,0,2666,0,166,"1 338,3",909
02.12.2014,"5 678,3","6 033,7","6 220,4",2 792,"2 293,2",4025,7327,2033,0,2033,0,166,"1 264,4",909
01.12.2014,"5 736,2","6 208,6","6 408,8","2 793,5","2 293,3",5364,7856,1888,0,1888,0,-115,"1 381,4",909
28.11.2014,"5 809,8","6 197,1","6 288,3","2 794,7","2 294,3",475,7243,1079,0,1079,0,168,"1 296,3",909
27.11.2014,"5 821,6","6 169,1","6 273,2","2 795,2","2 294,3",5109,6728,1209,0,1209,0,169,"1 256,5",909
26.11.2014,"5 904,2","6 124,6","6 194,3",2 890,"2 294,3",3167,6934,866,0,866,0,169,"1 129,4",909
25.11.2014,"5 779,8","5 941,3","6 014,7","2 691,3","2 294,3",3244,7048,903,0,903,0,169,"1 070,5",909
24.11.2014,"5 710,9","5 827,2","5 887,3","2 693,7","2 294,9",1994,6993,77,0,77,0,169,"1 025,3",909
21.11.2014,"5 658,9","5 716,7","5 775,1","2 694,6","2 295,3",1302,655,753,0,753,0,169,9668,909
20.11.2014,"5 520,9",5 747,"5 803,8",2 695,"2 295,4",1557,6577,737,0,737,0,169,"1 135,1",909
19.11.2014,"5 476,9","5 661,6","5 723,5","2 695,5","2 295,4",849,6478,788,0,788,0,169,"1 093,7",909
18.11.2014,"5 439,2","5 634,7","5 721,7","2 696,2","2 295,4",682,6619,1042,0,1042,0,172,"1 104,5",909
17.11.2014,"5 413,4","5 603,5","5 668,3","2 697,3","2 295,4",642,6114,82,0,82,0,173,"1 099,1",909
14.11.2014,"5 400,5","5 602,5","5 662,9","2 697,5","2 295,4",569,6131,777,0,777,0,173,1 111,909
13.11.2014,"5 364,6","5 610,8","5 702,8",2 698,"2 295,5",967,6126,1089,0,1089,0,169,"1 155,2",909
12.11.2014,5 297,5 784,"5 855,6","2 845,7","2 155,6",2398,6145,889,0,889,0,173,1 396,909
11.11.2014,"5 392,3","5 789,1","5 861,8",2 851,2 159,2375,6142,896,0,896,0,169,"1 305,8",909
10.11.2014,"5 393,2","5 605,8","5 753,5","2 852,4","2 173,9",1146,6126,1647,646,100,0,169,"1 084,3",8717
07.11.2014,"5 570,8","5 851,6","5 939,5","2 853,6","2 182,5",2032,7002,1047,0,1047,0,169,"1 152,5",8717
06.11.2014,"5 623,7","6 043,1",6 110,"2 854,4","2 186,3",2752,7941,839,0,839,0,169,"1 291,1",8717
05.11.2014,"5 727,1","5 926,3",6 051,"2 882,2","2 186,4",2672,7152,1414,0,1414,0,167,"1 070,9",8717
31.10.2014,"5 739,8","5 867,3","5 936,2","2 883,4","2 186,8",783,7876,856,0,856,0,167,9992,8717
30.10.2014,"5 670,5","5 811,4","5 872,3","2 885,5","2 186,8",173,7827,777,0,777,0,167,"1 012,6",8717
29.10.2014,"5 685,8","5 721,2","5 779,5","2 891,4","2 187,5",115,6891,75,0,75,0,167,9071,8717
28.10.2014,"5 592,5","5 736,4","5 811,4","2 891,7",2 188,47,6848,917,0,917,0,167,"1 015,6",8717
27.10.2014,"5 326,5","5 568,7","5 645,3","2 771,8",2 188,67,6789,933,0,933,0,167,"1 113,9",8717
24.10.2014,"5 191,4","5 568,4","5 639,5","2 772,3",2 188,73,6719,878,0,878,0,167,"1 248,7",8717
23.10.2014,"5 208,9","5 567,5","5 644,8","2 773,5",2 188,97,6736,94,0,94,0,167,"1 230,3",8717
22.10.2014,"5 311,9","5 501,4","5 596,5","2 701,1",2 188,357,6717,1118,0,1118,0,167,"1 061,2",8717
21.10.2014,"5 369,2","5 574,2","5 644,8","2 701,6",2 188,343,7209,873,0,873,0,167,"1 076,7",8717
20.10.2014,5 210,"5 534,7","5 614,3","2 681,8",2 188,2,7425,963,0,963,0,167,"1 196,4",8717
17.10.2014,"5 145,3","5 257,7","5 345,2",2 382,2 188,312,744,1043,0,1043,0,168,9841,8717
16.10.2014,"5 014,4","5 210,6","5 290,6","2 382,9",2 188,61,7136,975,0,975,0,175,"1 067,9",8717
15.10.2014,"4 910,4","4 943,7",5 033,"2 209,4","2 128,6",88,6862,1067,0,1067,0,175,905,8717
14.10.2014,4 774,"4 905,9","5 027,4","2 210,6","2 128,6",24,6857,139,0,139,0,175,"1 003,6",8717
13.10.2014,"4 736,5","4 629,6","4 760,8","1 991,7","2 130,3",268,6119,1486,0,1486,0,175,7648,8717
10.10.2014,"4 690,2","4 563,7",4 744,"1 991,9","2 138,2",31,6108,1977,0,1977,0,175,7346,8611
09.10.2014,"4 689,4","4 475,4","4 745,3","1 993,1","2 138,4",28,611,288,0,288,0,181,6471,8611
08.10.2014,"4 461,1","4 296,9","4 593,8","1 830,9","2 138,4",37,6208,3096,0,3096,0,127,6969,8611
07.10.2014,"4 502,1","4 261,7","4 595,8","1 831,8","2 138,7",33,6219,3522,0,3522,0,181,6207,8611
06.10.2014,"4 468,3",4 182,"4 595,7","1 832,4","2 138,8",22,6223,4206,0,4206,0,68,5748,8611
03.10.2014,"4 512,5","4 336,9","4 574,9","1 832,6","2 139,2",18,6014,2374,0,2374,0,-06,6855,8611
02.10.2014,"4 527,7","4 462,9","4 616,3","1 832,9","2 139,3",436,6006,1716,0,1716,0,181,7963,8611
01.10.2014,"4 601,1","5 098,6","5 319,5","2 402,3","2 139,3",1383,6396,216,0,216,0,-48,"1 358,6",8611
30.09.2014,"4 721,7","5 298,6","5 440,3","2 402,7",2 142,1366,7591,1599,0,1599,0,181,1 438,8611
29.09.2014,4 769,"5 200,8","5 302,3","2 402,9",2 142,1292,6281,1188,0,1188,0,173,"1 292,9",8611
26.09.2014,"4 823,4","5 137,5","5 241,5","2 403,1",2 142,674,6289,1213,0,1213,0,173,"1 175,2",8611
25.09.2014,4 669,"5 170,6","5 301,8","2 403,8",2 142,1234,6326,147,0,147,0,157,"1 362,7",8611
24.09.2014,"4 627,7",5 071,"5 216,7","2 300,4",2 142,911,6833,1615,0,1615,0,157,"1 304,4",8611
23.09.2014,"4 855,2",5 086,"5 226,5","2 301,4",2 142,1015,6816,1563,0,1563,0,157,"1 091,9",8611
22.09.2014,"4 749,2","5 145,1","5 278,5","2 301,5",2 142,1074,7276,1492,0,1492,0,157,1 257,8611
19.09.2014,"4 721,6","5 115,3",5 268,"2 301,9",2 142,742,7499,1695,0,1695,0,167,"1 254,8",8611
18.09.2014,4 762,"5 023,8","5 245,6","2 153,4",2 142,1975,7526,2386,0,2386,0,167,"1 122,9",8611
17.09.2014,4 857,"4 955,1","5 164,5","2 247,9",2 142,309,7437,2262,0,2262,0,167,9592,8611
16.09.2014,"4 878,2","4 964,7","5 127,8","2 250,2","2 143,7",8,7259,1799,0,1799,0,167,9476,8611
15.09.2014,"4 813,5","4 955,7",5 117,"2 250,8","2 143,7",34,7191,178,0,178,0,167,"1 003,3",8611
12.09.2014,"4 774,2","4 935,3",5 068,"2 251,2","2 143,7",38,6694,1494,0,1494,0,167,"1 022,2",8611
11.09.2014,"4 745,6","4 888,3","5 067,9","2 253,6","2 143,9",39,6665,1966,0,1966,0,17,"1 003,8",8611
10.09.2014,"4 727,2","4 603,1","4 961,7","2 099,6","2 041,1",1527,6682,3756,0,3756,0,17,7095,8336
09.09.2014,"4 779,6","4 772,5","5 106,7","2 100,1","2 041,1",3022,6632,3512,0,3512,0,17,8265,8336
08.09.2014,"4 652,6","4 523,2","4 811,8","2 100,3","2 041,1",3,6674,3057,0,3057,0,17,7042,8336
05.09.2014,"4 556,5","4 531,4","4 812,8","2 100,4","2 042,1",56,6648,2984,0,2984,0,17,8085,8336
04.09.2014,"4 582,5","4 609,6","4 822,2","2 103,3","2 043,1",63,6695,2296,0,2296,0,17,8607,8336
03.09.2014,"4 701,5","4 959,1","5 131,8","2 406,1","2 043,1",155,6671,1897,0,1897,0,17,"1 091,2",8336
02.09.2014,"4 791,6","5 006,2","5 140,4","2 408,6","2 043,1",184,6703,1512,0,1512,0,17,"1 048,2",8336
01.09.2014,"4 872,3","5 027,7","5 144,6","2 411,8","2 043,1",217,6681,134,0,134,0,17,989,8336
29.08.2014,"4 903,3",5 033,"5 142,3","2 413,1","2 043,1",152,6709,1263,0,1263,0,17,9633,8336
28.08.2014,"4 869,8","5 027,8","5 120,7","2 413,8","2 043,2",78,6558,1099,0,1099,0,17,9916,8336
27.08.2014,"4 876,7","5 158,1","5 226,2","2 581,8","2 043,2",63,5948,852,0,852,0,17,1 115,8336
26.08.2014,"5 022,6","5 193,8","5 256,3","2 582,1","2 093,2",21,5788,796,0,796,0,17,"1 004,8",8336
25.08.2014,"4 802,9","5 181,9","5 251,5","2 582,5","2 093,3",19,5738,866,0,866,0,17,"1 212,6",8336
22.08.2014,"4 933,6","5 160,1","5 239,3","2 582,7","2 093,3",24,561,963,0,963,0,17,"1 060,1",8336
21.08.2014,"4 899,4","5 188,2","5 275,2","2 583,2","2 093,3",24,5963,1041,0,1041,0,171,"1 122,4",8336
20.08.2014,"4 835,6","5 076,6","5 149,1","2 342,3","2 102,3",777,6268,896,0,896,0,171,"1 074,6",8336
19.08.2014,"4 870,8","5 038,7","5 122,8","2 342,9","2 102,3",77,6006,1011,0,1011,0,171,"1 001,5",8336
18.08.2014,"4 594,2","4 903,7","5 062,7","2 343,4","2 102,4",766,5403,176,0,176,0,171,"1 143,1",8336
15.08.2014,"4 579,8","4 895,9","5 052,7","2 343,5","2 102,4",777,5291,1739,0,1739,0,171,"1 149,7",8336
14.08.2014,"4 494,1","4 950,3","5 055,8","2 343,7","2 102,4",80,5296,1225,0,1225,0,171,"1 289,8",8336
13.08.2014,4 499,"4 701,2","4 799,1","2 276,4","1 981,6",85,5325,115,0,115,0,171,"1 035,8",8336
12.08.2014,"4 560,3","4 717,2","4 792,2","2 279,5","1 981,6",81,523,92,0,92,0,171,9905,8336
11.08.2014,"4 569,8","4 520,1","4 792,1","2 279,7","1 981,6",5,5259,2891,190,991,0,171,7839,8336
08.08.2014,"4 538,2","4 417,1","4 793,4","2 280,6","1 984,5",42,5241,3933,180,2133,0,171,7563,8774
07.08.2014,"4 553,6",4 630,"4 790,3","2 293,6","1 984,6",37,5085,1774,0,1774,0,171,9538,8774
06.08.2014,"4 518,1",4 710,"5 190,2","2 679,6","1 984,6",214,5046,4941,360,1341,0,139,"1 069,3",8774
05.08.2014,"4 690,6","4 734,3","5 195,6","2 680,3",1 985,209,5095,4752,360,1152,0,139,9211,8774
04.08.2014,"4 757,3","5 058,9","5 197,5","2 681,3",1 992,201,5041,1524,0,1524,0,139,1 179,8774
01.08.2014,"4 814,7","5 155,6","5 249,5","2 682,3","2 028,2",316,5074,1078,0,1078,0,139,"1 218,3",8774
31.07.2014,"4 884,9","5 180,8","5 261,7","2 684,2","2 028,2",484,5009,947,0,947,0,139,"1 173,3",8774
30.07.2014,"4 980,8",5 232,"5 296,6",2 956,"1 824,3",809,4354,785,0,785,0,139,"1 128,6",8774
29.07.2014,"5 216,7","5 247,6","5 322,9","2 957,4","1 824,3",955,4458,892,0,892,0,139,9083,8774
28.07.2014,"5 142,2",5 202,"5 264,3","2 891,2","1 824,3",1172,4315,762,0,762,0,139,9372,8774
25.07.2014,"5 023,1","5 218,5","5 285,3","2 891,8","1 869,3",719,4523,806,0,806,0,139,"1 072,8",8774
24.07.2014,"4 918,2","5 200,5","5 269,2","2 892,2","1 869,4",562,4513,815,0,815,0,129,"1 159,7",8774
23.07.2014,"4 977,4","5 304,4","5 369,4","2 864,3","1 869,4",1353,5004,779,0,779,0,129,"1 204,4",8774
22.07.2014,"5 110,9","5 311,1","5 375,8","2 751,3","1 869,4",2505,5045,776,0,776,0,129,"1 077,6",8774
21.07.2014,"4 775,6","5 021,3","5 094,1","2 702,1","1 869,4",679,4546,857,0,857,0,129,"1 123,1",8774
18.07.2014,"4 775,1","4 986,8","5 047,4","2 706,5","1 869,4",179,4535,734,0,734,0,129,"1 089,1",8774
17.07.2014,"4 704,1","5 087,8","5 157,4","2 707,1","1 869,5",575,5233,816,0,816,0,12,"1 261,1",8774
16.07.2014,"4 657,8","4 894,3","4 959,6",2 452,"1 835,2",1725,4999,773,0,773,0,12,"1 113,9",8774
15.07.2014,"4 645,5","4 781,3",4 846,"2 452,3","1 835,2",591,4994,77,0,77,0,122,"1 013,2",8774
14.07.2014,"4 624,1","4 720,6","4 790,4","2 452,7","1 835,7",727,4293,821,0,821,0,122,9739,8774
11.07.2014,"4 602,3","4 722,7","4 792,2","2 453,5",1 849,351,4547,826,0,826,0,13,9978,8774
10.07.2014,"4 579,1","4 498,5",4 771,"2 453,7","1 850,2",124,4547,2855,1698,1157,0,13,8001,8807
09.07.2014,"4 551,6","4 581,3","4 696,5","2 251,4","1 850,2",1389,4561,1282,0,1282,0,13,9104,8807
08.07.2014,"4 598,8","4 628,1","4 703,3","2 251,6","1 850,2",1476,4539,883,0,883,0,13,910,8807
07.07.2014,"4 624,7","4 623,7","4 702,2","2 251,8","1 850,6",1495,4503,916,0,916,0,13,8797,8807
04.07.2014,"4 471,2",4 729,"4 841,8","2 251,8","1 982,5",1585,449,1258,0,1258,0,13,"1 138,5",8807
03.07.2014,"4 528,1","4 769,5","4 883,2",2 252,"1 982,5",1987,450,1268,0,1268,0,13,"1 122,1",8807
02.07.2014,"4 524,5","5 038,8","5 108,5","2 570,4","1 982,5",1064,4492,823,0,823,0,125,1 395,8807
01.07.2014,"4 619,1","5 109,9","5 186,4","2 570,7","1 982,5",2238,4093,89,0,89,0,125,"1 371,5",8807
30.06.2014,"4 724,7","5 023,4","5 094,2","2 570,9","1 982,5",1334,4073,834,0,834,0,125,"1 179,4",8807
27.06.2014,"4 775,1","5 032,7",5 096,"2 570,9","1 982,5",1565,3861,759,0,759,0,125,"1 138,3",8807
26.06.2014,"4 739,2","5 062,5","5 171,9",2 571,"1 982,5",2301,3883,1196,0,1196,0,101,1 204,8807
25.06.2014,4 512,"4 833,2","4 955,6","2 478,7","1 982,6",1104,384,1325,0,1325,0,101,"1 201,9",8807
24.06.2014,"4 647,8","4 854,6","4 915,3","2 478,8","1 982,6",679,386,708,0,708,0,101,"1 087,5",8807
23.06.2014,"4 650,9",4 799,"4 871,5","2 479,9","1 982,6",231,386,826,0,826,0,101,"1 028,8",8807
20.06.2014,"4 688,8","4 823,8","4 881,7","2 480,3","1 982,6",326,3863,681,0,681,0,101,"1 015,7",8807
19.06.2014,4 599,"4 821,3","4 890,3","2 483,7","1 982,6",372,3868,792,0,792,0,101,1 103,8807
18.06.2014,4 719,"4 919,4","4 974,2","2 390,7","1 982,6",2184,3825,649,0,649,0,101,"1 081,1",8807
17.06.2014,"4 737,1","4 932,7","4 984,1","2 391,6","1 982,6",2285,3815,615,0,615,0,101,"1 076,3",8807
16.06.2014,"4 553,9","4 770,2","4 812,4",2 392,"1 982,6",565,3814,524,0,524,0,101,1 097,8807
11.06.2014,"4 505,4","4 534,2","4 591,9","2 367,6","1 681,5",1629,3799,666,0,666,0,89,9095,8807
10.06.2014,"4 500,6","4 683,2","4 753,4","2 368,1","1 681,6",3251,3785,761,0,761,0,59,"1 077,2",8946
09.06.2014,"4 502,7","4 462,9","4 529,5","2 368,2","1 681,6",977,3821,724,0,724,0,58,8548,8946
06.06.2014,"4 462,7","4 387,7","4 455,4","2 368,5","1 682,5",179,3865,735,0,735,0,58,8196,8946
05.06.2014,"4 504,9",4 390,"4 454,6","2 369,9","1 682,6",126,3895,704,0,704,0,58,7797,8946
04.06.2014,4 482,"4 793,4","4 865,2","2 775,1","1 682,6",179,3896,776,0,776,0,58,1 206,8946
03.06.2014,"4 562,2","4 786,1","4 869,3","2 775,5","1 682,6",162,3951,89,0,89,0,58,"1 118,5",8946
02.06.2014,"4 632,1","4 787,7",4 870,"2 775,7","1 682,6",191,3926,881,0,881,0,58,"1 050,2",8946
30.05.2014,"4 726,3","4 852,5","4 932,4",2 776,"1 682,6",814,3924,857,0,857,0,58,"1 020,8",8946
29.05.2014,"4 780,4","4 868,6","4 934,4","2 777,7","1 682,7",845,3896,716,0,716,0,58,9828,8946
28.05.2014,"4 790,7","5 070,9","5 139,5","3 148,4","1 688,2",73,2956,743,0,743,0,58,"1 174,8",8946
27.05.2014,"4 902,7",5 087,"5 159,3","3 148,6","1 688,2",266,2959,781,0,781,0,58,"1 078,9",8946
26.05.2014,"4 691,6","5 055,2","5 144,3","3 148,7","1 688,2",77,2997,949,0,949,0,58,"1 258,2",8946
23.05.2014,"4 738,5",5 099,"5 159,2",3 149,"1 688,2",237,2983,66,0,66,0,58,"1 255,1",8946
22.05.2014,"4 878,4","5 199,2","5 304,5","3 149,6","1 688,2",1675,2992,111,0,111,0,58,"1 215,4",8946
21.05.2014,"4 991,2","5 271,9","5 328,9",3 148,"1 688,2",1955,2973,628,0,628,0,58,"1 175,3",8946
20.05.2014,"4 882,3","5 098,5","5 155,5","2 951,9","1 688,2",2139,3015,629,0,629,0,58,"1 110,8",8946
19.05.2014,4 870,"4 996,4",5 059,"2 952,2","1 688,2",1162,3024,681,0,681,0,55,1 021,8946
16.05.2014,"4 849,6","5 035,8","5 105,5","2 952,5","1 688,2",1605,3043,752,0,752,0,55,"1 080,8",8946
15.05.2014,4 757,"4 985,4","5 044,8","2 954,1","1 688,2",1014,3012,649,0,649,0,55,1 123,8946
14.05.2014,4 732,"5 002,7","5 057,4","3 289,5","1 401,1",732,2937,602,0,602,0,55,"1 165,3",8946
13.05.2014,"4 794,1","5 045,3","5 104,1","3 290,1","1 401,1",1172,2957,643,0,643,0,55,"1 145,8",8946
12.05.2014,"4 682,8","4 720,8","4 989,7","3 290,5","1 401,1",2,2961,2744,0,2744,0,55,9326,8946
08.05.2014,"4 745,8",4 961,"5 039,3","3 291,1","1 401,4",509,2959,838,0,838,0,55,"1 098,6",8834
07.05.2014,"4 800,6","5 086,9","5 162,5","3 150,5","1 405,3",3071,2996,812,0,812,0,55,"1 169,7",8834
06.05.2014,"4 862,2","5 089,1",5 168,"3 151,7","1 405,3",3102,3008,845,0,845,0,55,"1 110,3",8834
05.05.2014,"4 929,6","5 062,7","5 155,6","3 152,9","1 405,3",295,3024,985,0,985,0,55,"1 016,5",8834
30.04.2014,"4 958,5","5 207,2","5 288,4","3 274,8","1 405,3",3059,3023,867,0,867,0,55,"1 132,1",8834
29.04.2014,"5 057,3","5 254,7","5 326,6","3 278,1","1 405,3",3439,2992,774,0,774,0,55,"1 080,8",8834
28.04.2014,"5 002,1","5 278,6","5 345,2","3 165,4","1 405,3",4751,2994,722,0,722,0,55,"1 159,9",8834
25.04.2014,"4 759,8","4 963,5","5 025,6",3 167,"1 405,3",1569,2964,676,0,676,0,55,"1 087,1",8834
24.04.2014,"4 628,6","4 879,3","4 945,8",3 168,"1 405,3",795,2929,72,0,72,0,55,"1 134,1",8834
23.04.2014,"4 628,3","4 844,6","4 920,1","3 090,8","1 405,3",1296,2944,81,0,81,0,55,"1 099,7",8834
22.04.2014,"4 672,4","4 891,5","4 953,7","3 091,7","1 405,3",1628,2939,677,0,677,0,55,"1 102,5",8834
21.04.2014,"4 489,3","4 557,9",4 632,"2 802,3","1 405,5",1307,2935,797,0,797,0,55,952,8834
18.04.2014,"4 341,3","4 488,3","4 563,1","2 802,9","1 405,6",613,2932,803,0,803,0,55,"1 030,4",8834
17.04.2014,"4 277,1","4 503,2","4 576,1","2 803,9","1 405,6",742,2923,787,0,787,0,58,"1 109,5",8834
16.04.2014,"4 364,4","4 567,1","4 636,3",3 011,"1 183,6",1506,2911,75,0,75,0,58,"1 086,1",8834
15.04.2014,"4 320,6","4 470,8","4 541,5","3 012,7","1 183,6",544,2909,766,0,766,0,58,"1 033,6",8834
14.04.2014,"4 259,8","4 432,1","4 503,4","3 013,2","1 183,6",167,290,771,0,771,0,58,"1 055,7",8834
11.04.2014,4 258,"4 520,6","4 584,5","3 013,5","1 184,4",15,3716,698,0,698,0,59,1 146,8834
10.04.2014,"4 217,2","4 175,3","4 591,6","3 014,2","1 184,4",157,3773,4222,0,4222,0,59,8241,866
09.04.2014,"4 230,5","4 350,8","4 451,2","2 867,5","1 184,4",28,3713,1064,0,1064,0,6,9863,866
08.04.2014,"4 312,2",4 393,"4 462,6","2 868,7","1 184,4",40,3695,755,0,755,0,6,9468,866
07.04.2014,"4 328,5","4 386,3","4 454,9","2 868,8","1 184,4",308,3709,747,0,747,0,6,9238,866
04.04.2014,"4 353,6","4 434,1","4 508,3","2 869,3","1 184,4",846,3699,802,0,802,0,6,9465,866
03.04.2014,"4 405,4","4 546,7","4 615,5","2 871,2","1 184,5",1894,3703,747,0,747,0,6,"1 007,3",866
02.04.2014,"4 468,8","4 694,3","4 771,9",2 967,"1 184,5",2526,3678,836,0,836,0,6,"1 091,5",866
01.04.2014,"4 614,5","4 911,1","5 023,8","2 956,1","1 184,5",5157,3674,1187,0,1187,0,6,"1 162,6",866
31.03.2014,"4 724,3","4 879,8","4 946,6","3 041,2","1 184,5",4374,2835,728,0,728,0,6,"1 021,5",866
28.03.2014,"4 640,8",4 772,"4 839,7","2 959,8","1 184,5",4152,2801,737,0,737,0,6,9972,866
27.03.2014,"4 581,3","4 831,7","4 906,4","2 913,2","1 184,5",4383,3703,807,0,807,0,6,"1 116,4",866
26.03.2014,"4 561,9","4 749,7","4 833,4","2 785,9","1 184,7",4955,3673,897,0,897,0,6,"1 053,8",866
25.03.2014,"4 337,7",4 576,"4 644,4","2 702,5","1 184,9",3903,3666,744,0,744,0,6,"1 104,3",866
24.03.2014,"4 240,8","4 454,4","4 521,4","2 583,2","1 184,9",3847,3686,73,0,73,0,6,"1 079,6",866
21.03.2014,4 259,"4 419,2","4 483,6","2 586,5","1 184,9",3398,3724,704,0,704,0,6,"1 026,2",866
20.03.2014,"4 211,7","4 399,2","4 467,3","2 589,5","1 184,9",3235,3694,74,0,74,0,6,"1 053,5",866
19.03.2014,"4 164,6","4 351,2","4 435,1","2 625,9","1 184,9",1704,4539,90,0,90,0,6,"1 052,6",866
18.03.2014,"4 160,3","4 400,8","4 487,6","2 637,4","1 184,9",1833,482,928,0,928,0,6,"1 106,5",866
17.03.2014,"3 945,1","4 265,1","4 366,6","2 332,9","1 184,9",3684,4803,1074,0,1074,0,6,1 186,866
14.03.2014,"3 896,2","4 143,1","4 202,2","2 244,4","1 185,1",2857,487,651,0,651,0,6,"1 112,9",866
13.03.2014,"3 659,9","4 111,7","4 172,4","2 252,2","1 185,3",2551,4799,667,0,667,0,6,"1 317,8",866
12.03.2014,"3 788,4","3 942,3","4 020,3","2 405,4",9853,1473,4824,841,0,841,0,6,"1 019,9",866
11.03.2014,"3 769,9","3 839,9",3 900,"2 407,9",9853,197,487,66,0,66,0,6,936,866
07.03.2014,"3 785,7","3 884,8","3 949,9","2 408,8",9853,776,4783,711,0,711,0,6,9452,8461
06.03.2014,"3 791,1","3 913,5","3 978,5","2 412,4",9853,1068,4741,71,0,71,0,6,9685,8461
05.03.2014,"3 828,9","4 103,8","4 170,8","2 619,1",9857,922,4737,73,0,73,0,6,1 121,8461
04.03.2014,"3 535,5","3 950,7","4 075,2","2 258,4",9857,3584,4727,1276,0,1276,0,31,"1 261,3",8461
03.03.2014,"3 609,7","3 764,7","3 868,4","2 258,7",9857,1507,4732,1069,0,1069,0,31,"1 001,1",8461
28.02.2014,"3 664,8","3 728,1","3 802,6","2 260,4",9858,824,4739,776,0,776,0,31,9094,8461
27.02.2014,3 683,"4 001,2","4 074,5","2 261,2",9858,3535,4739,764,0,764,0,31,"1 164,3",8461
26.02.2014,"3 770,3","3 838,7","3 900,2","2 299,6",9858,1391,4757,646,0,646,0,31,9145,8461
25.02.2014,"3 577,8","3 774,8","3 838,1","2 300,2",9858,764,4757,664,0,664,0,31,"1 043,1",8461
24.02.2014,"3 521,5","3 727,3","3 785,7","2 300,4",9858,241,4754,615,0,615,0,31,"1 051,9",8461
21.02.2014,"3 619,5",3 752,"3 819,7","2 300,4",9858,584,4752,707,0,707,0,31,9786,8461
20.02.2014,"3 523,3","3 733,8","3 801,8","2 301,7",9861,389,4751,711,0,711,0,31,"1 056,6",8461
19.02.2014,"3 476,9","3 621,4","3 693,6","2 222,5",9861,71,4779,752,0,752,0,31,9906,8461
18.02.2014,"3 480,5","3 625,9","3 691,8","2 222,6",9861,49,4782,689,0,689,0,31,9915,8461
17.02.2014,"3 432,2","3 623,6","3 690,5","2 222,6",9861,38,478,70,0,70,0,31,"1 037,5",8461
14.02.2014,"3 364,4","3 615,5","3 692,1","2 222,6",9861,4,4794,797,0,797,0,31,"1 097,2",8461
13.02.2014,"3 302,2","3 625,5","3 691,4","2 222,8",9861,33,4791,69,0,69,0,31,"1 169,4",8461
12.02.2014,"3 344,1","3 528,7","3 594,5","2 324,1",7861,53,4791,689,0,689,0,31,"1 030,7",8461
11.02.2014,"3 379,7","3 585,8","3 655,4","2 324,5",7861,657,4792,727,0,727,0,31,"1 052,2",8461
10.02.2014,"3 386,7","3 481,6","3 593,5","2 324,5",7861,4,479,115,0,115,0,31,9207,8258
07.02.2014,"3 478,1","3 581,5","3 646,5","2 324,7",7861,63,5294,681,0,681,0,31,9292,8258
06.02.2014,"3 599,4","3 667,5",3 728,"2 344,7",7861,47,5926,636,0,636,0,31,8939,8258
05.02.2014,"3 673,8","4 063,3","4 122,8","2 694,5",7861,475,5947,626,0,626,0,31,"1 215,3",8258
04.02.2014,"3 803,9","4 121,9","4 177,5","2 695,4",7861,942,6019,587,0,587,0,31,"1 143,8",8258
03.02.2014,"3 899,1","4 215,4","4 338,3","2 735,9",7861,2211,5953,126,0,126,0,31,"1 142,1",8258
31.01.2014,"3 860,1","4 109,2","4 218,1","2 706,3",7861,138,5876,112,0,112,0,31,"1 074,9",8258
30.01.2014,"3 843,2","4 113,9","4 223,4","2 756,1",7861,95,5861,1126,0,1126,0,31,"1 096,5",8258
29.01.2014,"3 888,9","4 212,9","4 325,6","2 918,3",7861,292,5919,1157,0,1157,0,31,"1 149,8",8258
28.01.2014,3 912,"4 186,8","4 298,6",2 829,7861,917,5917,1149,0,1149,0,31,"1 100,6",8258
27.01.2014,3 600,"3 923,4","4 033,2","2 634,2",7861,239,5889,1129,0,1129,0,31,"1 149,2",8258
24.01.2014,3 623,"3 943,9",4 058,"2 654,2",7861,282,5895,1173,0,1173,0,31,"1 146,7",8258
23.01.2014,"3 621,2","3 969,4","4 084,3","2 614,9",7861,934,5898,118,0,118,0,31,1 174,8258
22.01.2014,"3 676,5",3 892,"4 013,7","2 644,2",7861,21,5812,1248,0,1248,0,31,"1 041,3",8258
21.01.2014,"3 711,6","3 793,8","3 908,7","2 524,4",7861,173,5808,118,0,118,0,31,908,8258
20.01.2014,"3 503,1","3 649,8","3 765,1","2 364,5",7861,332,5813,1185,0,1185,0,31,9725,8258
17.01.2014,"3 502,8","3 656,7","3 775,7","2 384,6",7861,28,6022,1221,0,1221,0,31,9797,8258
16.01.2014,"3 445,1",3 750,"3 877,8","2 489,2",7861,02,6022,1309,0,1309,0,31,"1 130,7",8258
15.01.2014,"3 339,9","3 704,3","3 837,5","2 449,1",7861,01,6021,1368,0,1368,0,36,"1 190,2",8258
14.01.2014,"3 328,3","3 467,6","3 595,4","2 399,1",5855,82,6026,1314,0,1314,0,36,9651,8258
13.01.2014,"3 302,5","3 571,3","3 702,5","2 509,4",5856,1,6065,1349,0,1349,0,36,"1 094,6",8258
10.01.2014,"3 262,1","3 593,5","3 839,5","2 543,3",5902,4,7021,2496,0,2496,0,36,"1 125,5",7941
09.01.2014,"3 422,4","3 957,7","4 471,8","2 883,3",5902,2928,7054,5176,0,5176,0,36,"1 329,4",7941
01.01.2014,"3 481,8","3 957,7","4 471,8","2 883,4",5902,2927,7054,5176,0,5176,0,36,1 270,7941
